time,size
0.0,25830
0.31629490852355957,6388
0.5170259475708008,113940
0.5179309844970703,87624
0.5191080570220947,5076
0.5832419395446777,973
0.6524038314819336,1979
0.666985034942627,972
0.6688358783721924,1249
0.9238860607147217,127736
0.9263689517974854,16648
0.9272329807281494,8113
0.9277780055999756,8354
0.9294180870056152,6103
0.9300148487091064,25829
1.072559118270874,1653
1.0743639469146729,2276
1.5438718795776367,474
1.5449068546295166,456
1.5463459491729736,2029
1.5482468605041504,5965
1.5492889881134033,473
1.550041913986206,1990
1.629936933517456,2554
1.6303727626800537,1002
1.743886947631836,473
1.7481129169464111,991
1.7492098808288574,1248
1.7505879402160645,564
1.751112937927246,1238
1.7546138763427734,1593
1.8474979400634766,997
1.8567819595336914,1606
1.9371240139007568,677
2.0852038860321045,1353
30.30684995651245,41726
30.308624029159546,11239
30.30962085723877,6388
30.310426950454712,1764
30.31178879737854,2819
30.312467098236084,2373
30.410605907440186,1074
30.412633895874023,2406
30.62616991996765,1467
30.633720874786377,581
30.63729190826416,474
30.64055299758911,476
30.641968965530396,592
30.642781972885132,597
30.808655977249146,581
30.808987855911255,1512
30.810752868652344,485
30.811851978302002,1492
30.813066005706787,2007
30.814063787460327,2321
30.919463872909546,2314
30.921560049057007,1681
30.9232120513916,1831
30.924463033676147,1599
31.033820867538452,2187
31.035383939743042,2150
31.037235975265503,1815
31.14869499206543,1892
31.150042057037354,2050
31.152234077453613,788
31.153131008148193,2789
31.20335578918457,1781
31.20346188545227,1844
31.31442403793335,2055
31.314552068710327,2501
31.31597900390625,1857
31.317264795303345,1847
31.417081832885742,2588
31.41881489753723,2164
31.535250902175903,1759
31.535351037979126,1725
31.538781881332397,1540
31.54055404663086,1922
31.54186487197876,1669
31.638203859329224,1755
31.750844955444336,1686
31.75188183784485,1910
31.754324913024902,1637
31.754397869110107,2600
31.755800008773804,2237
31.85944390296936,1763
31.860733032226562,1670
31.971927881240845,2268
31.973222970962524,2309
31.974997997283936,1998
31.97661280632019,2456
31.97661805152893,1734
32.008716106414795,537
32.137075901031494,535
32.1383798122406,1076
32.1397008895874,1604
32.14086389541626,705
32.141616106033325,1441
32.144654989242554,1450
32.23084497451782,2160
32.231669902801514,1767
32.233059883117676,2184
32.234874963760376,1784
32.23512601852417,1990
32.309809923172,1448
32.42185688018799,2538
32.42308187484741,1668
32.42368793487549,1711
32.42646098136902,1770
32.42786002159119,1779
32.5271430015564,1619
32.64071607589722,1495
32.64279389381409,1794
32.64297103881836,1943
32.6444411277771,2604
32.64687705039978,2620
32.74747395515442,1783
32.74895095825195,1501
32.85556983947754,1834
32.85916709899902,1469
32.85921382904053,2410
32.86063194274902,1249
32.862370014190674,2644
32.9502170085907,1816
32.95646286010742,1905
32.95993089675903,1875
33.07096004486084,2445
33.07190489768982,2019
33.07312607765198,1844
33.075478076934814,2261
33.17665100097656,1995
33.180099964141846,2417
33.29138493537903,1464
33.29385805130005,788
33.29535889625549,1745
33.38336706161499,41726
33.646241903305054,11239
33.829057931900024,2819
33.91733980178833,1075
34.00766611099243,2406
34.13328409194946,1990
34.13375687599182,475
34.13434910774231,485
34.134804010391235,582
34.13636088371277,593
34.13669681549072,1511
34.304738998413086,582
34.348999977111816,1249
34.34900498390198,1501
34.353736877441406,536
34.35453796386719,1076
34.35555386543274,705
34.41759777069092,2645
34.48591899871826,1604
34.487704038619995,1022
34.487913846969604,1442
141.92802691459656,1259
141.98361706733704,1712
148.86300683021545,6104
148.86301183700562,4006
148.9933099746704,1259
148.9944179058075,527
333.66366696357727,1220
381.34727692604065,113939
381.3615460395813,5076
381.3854467868805,1979
381.3893029689789,87585
381.3946189880371,1606
382.3093330860138,127776
382.31881189346313,8114
382.3190450668335,1763
382.32358407974243,25829
382.3646969795227,6389
382.9818170070648,5966
382.98888301849365,1467
383.0160858631134,1002
383.0164940357208,474
383.0258300304413,1239
383.0259659290314,457
383.17027497291565,991
383.17102885246277,973
383.17566990852356,473
383.1801688671112,473
383.18017411231995,972
383.18641805648804,1249
383.3631899356842,517
383.371710062027,564
403.3369309902191,1757
403.3379600048065,1993
403.3412139415741,1795
403.3422648906708,1433
403.34352707862854,1849
403.3435308933258,2131
403.5046000480652,2361
403.5067858695984,1698
403.50769686698914,1706
403.5090799331665,1354
403.5095729827881,1747
403.5116240978241,1902
403.71951603889465,1413
403.72076988220215,2023
403.7228910923004,2188
403.7237660884857,1801
403.7255549430847,1711
403.72665190696716,2143
403.869745016098,2102
403.86974906921387,2236
403.87261605262756,2521
403.8736619949341,1914
403.87483191490173,2021
403.87657594680786,1943
404.08967995643616,2026
404.0915729999542,2328
404.0919499397278,1788
404.0931010246277,2336
404.09476613998413,1520
404.09600591659546,1626
404.2897799015045,1853
404.2908661365509,1744
404.2928080558777,2842
404.29643392562866,1895
404.29646611213684,1609
404.2964708805084,1641
404.5094039440155,2289
404.5098397731781,1935
404.51125288009644,1868
404.5136568546295,1644
404.51477098464966,1931
404.51557993888855,2230
404.67734599113464,2947
404.6790859699249,1973
404.6804609298706,2543
404.6820318698883,2803
404.68282413482666,1796
404.68543887138367,2309
404.7828049659729,1944
404.89655590057373,2611
404.8985080718994,2128
404.89959192276,2479
404.9002299308777,1912
404.9019420146942,2466
405.00328302383423,2290
405.0142729282379,1832
405.1185429096222,1785
405.12032103538513,1846
405.1218099594116,1953
405.1229929924011,2132
405.1262581348419,2211
405.2269639968872,2457
405.2280330657959,2671
405.2291958332062,2343
405.28968596458435,2777
405.29121804237366,1589
405.2941620349884,1940
405.4043879508972,1744
405.40526485443115,2552
405.4068298339844,2350
405.4068558216095,1711
405.40938687324524,1445
405.40993094444275,1731
405.6179618835449,1406
406.3081591129303,41725
406.31219696998596,11238
406.55094599723816,2818
406.55861711502075,1074
406.5631899833679,2373
406.5674068927765,2406
407.1436138153076,1511
407.2970139980316,1989
407.2992260456085,484
407.4879388809204,2046
407.56358313560486,2755
407.56801295280457,1738
407.63139486312866,475
407.63609504699707,2533
407.64001393318176,1449
407.72958493232727,581
407.77873492240906,592
407.82167196273804,473
407.8224380016327,596
407.82764291763306,581
407.89998507499695,1500
407.90042901039124,1248
408.00793194770813,536
408.00862407684326,534
408.0139648914337,1643
408.01784205436707,1712
408.1076250076294,2644
408.1184940338135,1441
408.24201703071594,1600
408.25429916381836,1021
408.2569091320038,1075
412.53403782844543,1913
412.5344741344452,2065
412.53506302833557,1727
412.53697299957275,2273
412.53907799720764,1978
412.5394251346588,2171
412.7460968494415,1664
412.74793696403503,1512
412.7494339942932,1966
412.75122594833374,1365
412.7515079975128,1697
412.75376200675964,1821
412.95726895332336,1708
412.95888781547546,1842
412.95943880081177,2072
412.9629440307617,1642
412.9643819332123,2008
412.9667580127716,1538
413.0683310031891,2322
413.0691740512848,2419
413.07074308395386,2017
413.084566116333,1850
413.08662509918213,1705
413.19605588912964,1733
413.1967477798462,1771
413.1983850002289,1407
413.1996319293976,2075
413.20067405700684,2402
413.30407881736755,1635
413.30825686454773,1662
413.4149329662323,1651
413.41511392593384,2603
413.4168200492859,1995
413.41822600364685,2346
413.52296710014343,2748
413.52532982826233,2170
413.52908396720886,2528
413.63818311691284,2066
413.6415469646454,1957
413.642874956131,1870
413.6435718536377,1832
413.7425079345703,1725
413.7431709766388,1657
413.8582739830017,1981
413.86093187332153,1689
413.86257004737854,1759
413.8633029460907,1697
413.8646309375763,1847
413.8654639720917,1647
413.96430802345276,1721
414.0763170719147,1515
414.0785479545593,2073
414.0789439678192,1477
414.07965993881226,2353
414.08023595809937,2110
414.1895468235016,1703
414.1904728412628,1761
414.1906189918518,1984
414.19230794906616,1506
414.19286608695984,2245
414.2144830226898,1688
414.3155298233032,2515
414.3157000541687,2137
414.3173680305481,1945
414.31822514533997,1760
414.4282751083374,1923
414.4286208152771,2641
414.4306089878082,2175
414.43154096603394,1608
414.4333190917969,1526
414.5321888923645,1947
414.6486568450928,1591
414.650661945343,2913
414.65200304985046,2637
414.653254032135,2879
414.6544020175934,2671
414.6554100513458,1705
414.7515449523926,1667
414.7549948692322,1793
414.86623787879944,1811
414.8674728870392,1852
414.8698670864105,2212
414.8712360858917,2565
414.9769809246063,2312
414.979131937027,1912
414.9795289039612,2320
414.9813868999481,2024
414.98248982429504,1869
415.02535104751587,2774
415.1091718673706,1947
415.11128997802734,1651
415.11179208755493,1889
428.12352180480957,5075
428.1235270500183,1979
428.1235308647156,113939
428.1354959011078,87584
428.14153695106506,1646
428.73634600639343,127776
429.345095872879,8113
429.4868218898773,1763
429.58419489860535,25830
429.62520813941956,1075
429.6498911380768,1075
429.82676792144775,6388
430.3796410560608,1002
430.3796458244324,1468
430.3843538761139,5965
430.3914089202881,474
430.40010499954224,456
430.4087429046631,1239
430.6761779785156,474
430.6761817932129,991
430.6779270172119,972
430.6849398612976,473
430.6945388317108,972
430.70282006263733,1248
430.85801887512207,518
430.8585910797119,563
435.2618308067322,501
435.8884348869324,649
435.89565801620483,662
448.09383487701416,41725
448.23574781417847,1686
448.2372958660126,2132
448.26765298843384,1916
448.2679240703583,1911
448.26912903785706,1852
448.26967191696167,1902
448.4046411514282,2616
448.40654587745667,1647
448.40797996520996,1694
448.40975403785706,1735
448.51566886901855,1713
448.5181128978729,1404
448.5182318687439,1850
448.5215139389038,11238
448.62307691574097,1680
448.6246109008789,1866
448.6261999607086,1669
448.62777400016785,3042
448.73893785476685,3366
448.74095392227173,2450
448.74116802215576,2676
448.74212980270386,1830
448.7591190338135,1635
448.7715148925781,2818
448.7757217884064,1806
448.87216091156006,1074
448.890193939209,2589
448.8911290168762,1626
448.89314699172974,1598
448.89848494529724,1513
448.89968085289,1533
448.9008159637451,2145
448.9807319641113,2373
448.99936294555664,2159
449.0820209980011,2406
449.11810207366943,2343
449.1208870410919,2610
449.1220529079437,1971
449.1300468444824,2790
449.13135385513306,1353
449.33864998817444,2631
449.3398940563202,2016
449.34189105033875,2325
449.3432250022888,2217
449.3438289165497,3626
449.4353530406952,1989
449.43578696250916,1511
449.43826484680176,484
449.44160199165344,1620
449.4485218524933,475
449.4573709964752,581
449.4661817550659,1500
449.55689907073975,1673
449.558305978775,1680
449.55897283554077,1626
449.5607440471649,1733
449.56208181381226,2285
449.6639940738678,1793
449.66573691368103,2148
449.70240807533264,534
449.7031350135803,1248
449.7060468196869,2644
449.7145450115204,473
449.7251179218292,1075
449.7332899570465,704
449.77467608451843,1637
449.77700090408325,2401
449.7788259983063,1943
449.77884912490845,1888
449.83032178878784,1600
449.865926027298,2435
449.8700728416443,1402
449.90241289138794,1604
449.9035270214081,1441
449.9793379306793,1496
449.980516910553,2013
449.9816279411316,2287
449.9831449985504,2136
450.08144998550415,2144
450.083566904068,2145
450.1978440284729,1813
450.1992690563202,1686
450.20031905174255,1462
450.2010090351105,1717
450.2022969722748,2363
450.3034679889679,1509
450.3057940006256,1764
450.4135649204254,2056
450.41624999046326,1396
450.41660594940186,1418
450.4173710346222,1538
450.4494218826294,26512
450.47421002388,2042
450.5215759277344,1839
450.52282190322876,2145
450.6336269378662,2648
450.6366939544678,1812
450.63762283325195,1745
450.6388010978699,1965
450.63978695869446,1921
450.64100909233093,2644
450.6433799266815,2411
450.74233984947205,2169
450.82004594802856,20171
451.17379903793335,70827
451.1770339012146,175190
451.1772220134735,5070
451.1861288547516,1647
451.201780796051,8354
451.2048680782318,1653
453.3410758972168,2314
453.7390661239624,1259
453.74992394447327,1259
453.75750494003296,2119
453.76304388046265,2206
453.7656879425049,2010
453.77739691734314,1855
453.998074054718,1962
453.9980788230896,2257
454.00763607025146,2120
454.01196908950806,459
454.02743697166443,1989
454.0314118862152,473
454.22400093078613,522
454.2334849834442,2241
454.24196696281433,1787
454.3638699054718,915
454.57727789878845,454
459.7514340877533,6654
459.75143790245056,603
459.751806974411,3360
461.6405689716339,26512
461.6405739784241,2041
461.74581384658813,2648
461.87865686416626,20131
462.17083406448364,70787
462.5469558238983,175149
463.27614307403564,2354
463.3746700286865,5071
463.50910997390747,1647
463.61990690231323,8354
463.7625229358673,1653
464.18288493156433,1259
464.1828899383545,1259
464.1846139431,2119
464.19457507133484,2206
464.20674204826355,2009
464.2149250507355,1855
464.41742396354675,2257
464.4227180480957,1989
464.4247500896454,1962
464.4320809841156,2160
464.44135999679565,460
464.45074486732483,3405
464.5320780277252,473
464.53297185897827,2241
464.53297686576843,523
464.5441930294037,2545
464.6357419490814,1788
464.6364378929138,915
464.96302700042725,454
467.54309701919556,87584
467.5442979335785,84278
467.5541670322418,9261
467.55522084236145,1439
467.55592703819275,6103
467.5574450492859,8354
467.6505329608917,1647
467.693461894989,1172
467.6991751194,8113
467.7212538719177,3400
467.7373368740082,1658
467.77948689460754,1307
467.8354160785675,1653
467.8418798446655,19593
468.06918597221375,2546
468.0813548564911,2246
468.0828709602356,2241
468.0842318534851,2200
468.08563780784607,2297
469.5025568008423,788
476.1458218097687,84318
476.14771699905396,87584
476.6963379383087,9260
479.1677780151367,6103
480.1873209476471,1439
480.28508496284485,1648
480.3866138458252,8354
480.5314290523529,8113
480.67420196533203,1172
480.7856161594391,3401
480.94024777412415,1658
481.050509929657,1307
481.1710729598999,1653
481.31612396240234,19593
481.6403410434723,2242
481.6414279937744,2545
503.76936888694763,1075
548.0075318813324,5076
548.0108478069305,87585
548.0122208595276,113940
548.2394118309021,1980
548.5401048660278,16648
548.5475940704346,127737
548.5526010990143,8114
548.5535869598389,6388
548.5575058460236,1764
548.6801807880402,25830
549.2100648880005,474
549.2256331443787,1468
549.2279899120331,1003
549.228935956955,5966
549.2319979667664,457
549.246631860733,973
549.327253818512,474
549.4554331302643,518
549.456004858017,973
549.464989900589,1238
549.46519780159,474
549.4786298274994,474
549.5464680194855,1249
549.6604788303375,564
549.6677420139313,992
549.9041430950165,788
554.2890000343323,26513
554.2897639274597,2042
554.2915940284729,1979
554.2915990352631,5076
554.2917830944061,113940
554.2921841144562,87585
554.3795149326324,127736
554.3795199394226,2649
554.3799638748169,70788
554.4174649715424,1606
554.5042948722839,20132
554.7236850261688,1654
554.7240319252014,2373
554.7241199016571,8355
554.8685138225555,175110
555.3833830356598,2354
555.3860788345337,8114
555.5141990184784,5071
555.6398899555206,1647
555.7250421047211,1763
555.8156199455261,5965
555.8166019916534,1467
555.8183190822601,1260
555.8185739517212,1260
555.8189709186554,2119
555.8202850818634,2206
555.9470579624176,1856
555.9478669166565,1963
555.948224067688,2257
555.9493501186371,2200
555.9494550228119,2010
555.9539411067963,460
556.0557188987732,1990
556.0573439598083,1002
556.0581018924713,475
556.0600290298462,457
556.0601680278778,1239
556.0607340335846,991
556.2464849948883,474
556.2486519813538,474
556.248655796051,483
556.2489080429077,474
556.2501728534698,474
556.2520079612732,495
556.3586559295654,518
556.3586609363556,2242
556.3595669269562,2546
556.359570980072,1788
556.3602020740509,564
556.3607439994812,916
556.4727931022644,455
559.6382188796997,87584
559.6396818161011,84279
559.6408350467682,9260
559.6430478096008,6104
559.6446628570557,1440
559.6462550163269,1647
559.7312169075012,8355
559.7323081493378,8113
559.76855301857,1172
559.8078379631042,3400
559.8535768985748,1658
559.8577618598938,1308
560.250293970108,1654
560.3358700275421,19594
560.5433161258698,2241
560.5440628528595,2546
581.6740448474884,26513
581.6744639873505,2042
581.6756858825684,5076
581.6756911277771,113940
581.6768190860748,1980
581.6777129173279,87585
581.7623519897461,1607
581.765095949173,2649
581.8963100910187,20132
582.3179318904877,127737
582.7445778846741,70788
583.0601317882538,175110
583.5614709854126,2355
583.5630209445953,8113
583.6931359767914,5071
583.8215019702911,1648
583.9093999862671,1763
583.997701883316,2373
584.0868661403656,8355
584.2169477939606,1654
584.4963340759277,5966
584.4982199668884,1468
584.5000879764557,1259
584.500452041626,1259
584.5016298294067,2207
584.5028669834137,2120
584.6613850593567,2010
584.6615478992462,1856
584.6635718345642,1963
584.6638491153717,2258
584.6652147769928,2200
584.6660001277924,460
584.773225069046,1990
584.7732288837433,475
584.7743849754333,456
584.7745389938354,1003
584.7762649059296,1239
584.7775928974152,992
584.8835198879242,473
584.8843679428101,473
584.8873491287231,523
584.8881001472473,474
584.8897449970245,534
584.8901278972626,473
584.9910500049591,518
584.9915509223938,2242
584.9951920509338,2545
584.9954798221588,1788
584.9960269927979,916
584.9961740970612,563
585.1127750873566,454
590.3116149902344,87585
590.3124690055847,84279
590.695081949234,9261
590.8611660003662,6103
590.9901299476624,1440
591.0782129764557,1648
591.16743683815,8354
591.2974600791931,8113
591.4275679588318,1173
591.5152659416199,3401
591.6412878036499,1658
591.7294199466705,1308
591.8176629543304,1654
591.9062669277191,19633
592.1210269927979,2242
592.1290919780731,2546
652.6738369464874,544
652.830493927002,474
652.8360798358917,580
662.3308608531952,998
662.4721548557281,23057
662.7463359832764,20259
662.9564681053162,1172
663.0429439544678,3400
663.1679699420929,2368
663.2568490505219,6103
663.3836669921875,1308
663.5936160087585,2007
663.5959568023682,625
663.5972218513489,561
663.5974388122559,1026
685.4046928882599,26512
685.4061298370361,2041
685.4078180789948,113939
685.4086968898773,5076
685.4093189239502,87584
685.4093780517578,1979
685.4938831329346,1607
685.4947648048401,2648
685.7059218883514,20131
685.9171209335327,127736
685.9184679985046,70827
685.9201068878174,175149
685.9214038848877,8113
685.9214091300964,5070
685.9218227863312,1647
686.0085589885712,1763
686.0499939918518,2373
686.0515289306641,8354
686.0944290161133,1653
686.4491629600525,2354
686.5422079563141,5965
686.5461940765381,1467
686.5464398860931,1259
686.5471978187561,1259
686.5476460456848,2119
686.5477740764618,2206
686.6687440872192,2009
686.669538974762,1895
686.670783996582,1962
686.6719081401825,2160
686.6724808216095,2297
686.6828219890594,459
686.785621881485,1989
686.7864000797272,1002
686.7864830493927,4471
686.7874190807343,474
686.787584066391,456
686.7879137992859,1238
686.944864988327,991
686.9458339214325,473
686.9458389282227,473
686.9475948810577,522
686.9476001262665,473
686.9480938911438,473
687.0543959140778,534
687.0561897754669,517
687.0564699172974,1827
687.057205915451,2241
687.0578520298004,915
687.0583038330078,2545
687.1657099723816,563
687.278685092926,454
687.5003011226654,4006
687.6417729854584,618
687.6453468799591,527
693.7872750759125,87624
693.7872788906097,84318
693.7887048721313,9260
693.7896058559418,6103
693.7905888557434,1439
693.7907190322876,1647
693.8769910335541,8354
693.8784101009369,8113
693.9165251255035,1172
693.9539430141449,3400
694.0026750564575,1658
694.0053210258484,1307
695.331521987915,1653
695.4227170944214,19593
695.6304450035095,2545
695.6312308311462,2241
767.7430629730225,258
767.7433638572693,257
767.7453398704529,257
767.7468068599701,257
767.8305048942566,257
767.854994058609,257
767.8821218013763,258
767.9130430221558,376
767.9174559116364,258
767.9416999816895,258
767.9713160991669,258
768.0011279582977,258
768.0066978931427,258
768.0290977954865,258
768.0607860088348,257
768.1577808856964,258
768.1577849388123,257
768.1582839488983,258
768.1604340076447,257
768.2486379146576,258
768.2528929710388,257
768.2532370090485,257
768.2540378570557,257
768.334529876709,257
768.3400681018829,257
821.6038491725922,26552
822.0853548049927,20131
822.3413619995117,2041
822.4771120548248,2648
822.6106090545654,113939
823.1005508899689,5075
823.2681090831757,1979
823.4719808101654,87624
823.8997831344604,16687
824.4650368690491,127776
825.2108938694,70787
825.5948069095612,175149
826.4809148311615,2354
826.4861159324646,8113
826.6689949035645,5070
826.8523960113525,1647
826.9968128204346,1763
827.1283040046692,2373
827.2856659889221,8354
827.4849100112915,1653
827.6235780715942,474
827.6358270645142,456
827.871160030365,1238
827.8756120204926,991
828.0472509860992,5965
828.0539920330048,1467
828.2206799983978,1259
828.2252938747406,473
828.3509118556976,1259
828.3547830581665,517
828.51118683815,2119
828.5165839195251,2206
828.6631398200989,2009
828.6666610240936,1855
828.8545699119568,1962
828.8647317886353,2257
828.98650598526,2160
828.9929819107056,459
829.112771987915,916
829.1310410499573,1989
829.345470905304,473
829.3500280380249,473
829.488030910492,474
829.4946329593658,522
829.61363697052,534
829.6169369220734,2281
829.8591468334198,2706
829.8630149364471,2585
830.0726108551025,1787
830.0767939090729,1002
830.3000528812408,563
830.3024849891663,454
839.5564920902252,87624
840.530601978302,84279
841.1531500816345,9260
841.4010510444641,6103
841.5857388973236,1440
841.7568509578705,1648
841.9945919513702,8355
842.3769128322601,8114
842.674635887146,1173
842.931116104126,3401
843.0974509716034,1659
843.2323179244995,1308
843.5092511177063,1654
843.6682958602905,19594
843.9424340724945,258
844.1123440265656,2242
844.1164860725403,2667
844.3850491046906,2546
844.3928411006927,258
844.4947550296783,258
844.5627090930939,258
865.9412069320679,1075
865.941859960556,11239
865.9500670433044,41726
865.9542789459229,2407
865.9629549980164,2374
866.0805540084839,2819
866.553603887558,582
866.6110649108887,1990
866.6124620437622,1512
866.6164848804474,476
866.620500087738,485
866.6255478858948,1501
866.715372800827,1249
866.86643409729,535
866.8664388656616,1076
866.8738751411438,1604
866.8780379295349,705
866.885981798172,789
866.9046130180359,1442
867.0022759437561,2645
870.7343509197235,26513
870.7357439994812,2042
870.8450288772583,113940
870.9691138267517,5076
871.1194798946381,1980
871.2396309375763,87585
871.2416999340057,16648
871.4400069713593,20131
871.668839931488,2649
872.0741081237793,127776
872.6393048763275,70788
873.0020799636841,175149
873.6621298789978,2355
873.6646769046783,8114
873.8201911449432,5071
873.9646379947662,1648
874.0681591033936,1764
874.1744549274445,2374
874.2799251079559,8355
874.4333050251007,1654
874.5404200553894,475
874.5497798919678,456
874.6589770317078,5966
874.6589818000793,1468
874.7929000854492,1260
874.7994170188904,1260
874.9557580947876,2120
874.9569227695465,2246
875.0833330154419,2010
875.0848388671875,1856
875.2914068698883,1963
875.2922689914703,2258
875.3979218006134,2161
875.4018139839172,460
875.5808629989624,1990
875.5818388462067,1239
875.79106092453,1003
875.7914118766785,474
875.8947198390961,992
875.8967068195343,518
876.0029978752136,916
876.0049629211426,474
876.1152219772339,474
876.1162309646606,474
876.2237241268158,523
876.2268888950348,535
876.2708661556244,258
876.2716879844666,87624
876.2809159755707,1173
876.2820389270782,8355
876.290787935257,1440
876.2917010784149,9261
876.3707048892975,2242
876.3716289997101,2546
876.4005351066589,3401
876.4180397987366,1308
876.4227778911591,1659
876.4545300006866,6104
876.4904930591583,1788
876.4913260936737,564
876.494204044342,1648
876.6047229766846,455
876.676237821579,8114
876.6859209537506,1654
876.6903450489044,258
876.6934058666229,84279
876.6984629631042,19633
876.7653629779816,1607
878.1884620189667,2242
878.1922860145569,2546
878.2118530273438,2246
890.925363779068,257
890.9299929141998,258
890.9344539642334,258
891.073264837265,258
891.0752558708191,259
891.0812559127808,259
891.0861039161682,258
891.0942130088806,258
891.1019878387451,259
891.1873059272766,259
891.1907539367676,258
891.1985800266266,258
891.20645403862,259
891.4306628704071,259
891.4421317577362,257
891.4531018733978,258
891.4570510387421,257
891.4628009796143,258
891.4670069217682,257
891.5439169406891,258
891.5949618816376,257
891.6537897586823,258
891.6588318347931,257
891.6630120277405,258
891.6682360172272,259
891.6823661327362,257
891.7064089775085,257
891.7714128494263,258
891.771764755249,257
891.7804279327393,259
891.7839741706848,258
891.7947700023651,257
891.8207080364227,258
891.8862788677216,258
891.8902878761292,258
891.8944239616394,1600
891.8982510566711,257
891.9159779548645,258
891.9349429607391,219
892.003339767456,1021
892.0058557987213,257
892.1742198467255,258
895.836149930954,87624
895.8375699520111,84318
903.0800478458405,9261
903.3974809646606,6103
903.5426888465881,1439
903.6445100307465,1647
903.7473118305206,8354
903.8995749950409,8114
904.0548448562622,1173
904.2109100818634,3401
904.3505299091339,1658
904.4528028964996,1308
904.5543048381805,1653
904.7333369255066,19633
904.9629600048065,258
905.221156835556,2242
905.2211618423462,2546
905.3561699390411,258
905.3598809242249,257
905.4479660987854,257
967.0748689174652,2184
972.4926879405975,704
977.8855309486389,298
978.0168797969818,297
978.102972984314,297
978.1892430782318,297
978.297994852066,297
978.3910419940948,298
978.5194439888,298
978.6066780090332,298
978.6935770511627,298
978.7933440208435,258
978.8820090293884,298
978.8869330883026,297
978.8995368480682,297
978.9020750522614,297
978.906163930893,297
978.9182360172272,297
978.9260818958282,297
978.9296720027924,297
978.9312539100647,297
978.9345319271088,257
978.968542098999,297
978.9701797962189,297
979.0718591213226,297
979.0791358947754,298
979.1013779640198,297
985.5366790294647,1259
985.5375919342041,1259
985.5412130355835,2706
985.5455029010773,2545
1020.4388999938965,257
1020.4402129650116,258
1020.441251039505,257
1020.4412579536438,257
1020.6147639751434,258
1020.6147689819336,258
1020.6155300140381,258
1020.6158878803253,258
1020.7027809619904,259
1020.7434759140015,257
1020.7448399066925,257
1020.8243379592896,257
1020.8243420124054,258
1020.860179901123,257
1020.8602879047394,257
1020.9123840332031,258
1020.912428855896,257
1020.9476888179779,257
1020.948930978775,257
1020.9998209476471,257
1021.0004689693451,257
1021.0342888832092,257
1021.0354549884796,258
1021.0856239795685,217
1025.5905549526215,257
1025.5923478603363,257
1025.6003670692444,257
1025.7458009719849,257
1025.8778069019318,257
1025.8840308189392,258
1025.8866469860077,258
1025.8897330760956,259
1025.8962759971619,258
1025.9039919376373,258
1026.0041279792786,258
1026.0140850543976,258
1026.0326149463654,258
1026.034945011139,258
1026.039547920227,258
1026.3134968280792,258
1026.324602842331,257
1026.334599018097,257
1026.3364341259003,257
1026.3488290309906,257
1026.3501298427582,257
1026.4287688732147,257
1026.4399299621582,257
1026.4527878761292,257
1026.4567348957062,258
1026.474762916565,257
1026.478563785553,258
1026.5418939590454,257
1026.5543298721313,257
1026.569445848465,257
1026.5763421058655,257
1026.588495016098,258
1026.5927519798279,258
1026.652331829071,257
1026.7440128326416,257
1026.7484619617462,258
1026.7518100738525,258
1026.765676021576,257
1026.7701580524445,257
1026.7735440731049,257
1026.8591499328613,258
1039.4244029521942,26513
1039.4280030727386,2041
1039.4328241348267,258
1039.4366779327393,258
1039.4409067630768,258
1039.5680630207062,257
1039.7739567756653,20131
1040.033576965332,2648
1040.196837902069,257
1040.2099769115448,1648
1040.2107100486755,258
1040.2132019996643,70827
1040.2183718681335,5070
1040.222333908081,175110
1040.3419318199158,258
1040.8259139060974,2355
1040.884752035141,2120
1040.8863129615784,257
1040.8958468437195,2009
1040.8960919380188,1963
1040.905070066452,1895
1040.9479939937592,2029
1041.0010919570923,257
1041.0623080730438,915
1041.3269379138947,258
1041.338208913803,2242
1041.3643288612366,455
1046.681539773941,258
1046.6839599609375,258
1046.6900911331177,257
1046.6936378479004,258
1046.6985709667206,258
1046.7100999355316,257
1046.8064458370209,258
1046.9260709285736,258
1047.0786440372467,257
1047.0819840431213,258
1047.0905888080597,257
1047.091852903366,259
1047.096575975418,259
1047.104192018509,258
1047.1974260807037,258
1047.5076999664307,258
1047.5828170776367,257
1047.583046913147,257
1047.5903100967407,258
1047.6039109230042,257
1047.6086540222168,257
1047.6260979175568,258
1047.708928823471,257
1047.7133991718292,377
1047.7135090827942,257
1047.7228899002075,257
1047.7308149337769,258
1048.2996039390564,1653
1048.2996089458466,258
1048.301971912384,8355
1048.3101079463959,258
1048.5159549713135,258
1048.532683134079,257
1048.5362360477448,257
1048.60618185997,257
1048.61070394516,1259
1048.611244916916,1259
1048.647463798523,2258
1048.654837846756,2200
1048.6626830101013,460
1048.7282090187073,258
1048.7473819255829,257
1048.7500128746033,258
1048.842444896698,257
1048.86106300354,257
1048.8610680103302,474
1048.866112947464,522
1048.8702590465546,258
1048.8741788864136,1787
1048.9720888137817,258
1096.2510368824005,257
1096.5809240341187,258
1099.7102179527283,258
1099.7242410182953,218
1100.249400138855,259
1100.3481509685516,259
1100.4270279407501,259
1100.45911693573,259
1100.5240769386292,259
1100.6067349910736,259
1100.7025170326233,259
1100.7703568935394,259
1100.8382349014282,259
1100.903069972992,259
1101.0463049411774,258
1101.102560043335,258
1101.1691868305206,258
1101.2319388389587,258
1101.3063049316406,258
1101.3674249649048,258
1101.5564680099487,258
1101.6235308647156,258
1101.6961209774017,257
1101.760633945465,258
1101.8266959190369,258
1101.898806810379,258
1101.9896020889282,258
1102.054701089859,259
1102.1222879886627,258
1102.1929290294647,258
1102.2728879451752,257
1102.3461520671844,257
1102.4105999469757,257
1102.4823350906372,259
1102.5629839897156,257
1102.638491153717,257
1102.704687833786,259
1102.787181854248,258
1102.8665690422058,258
1102.9469208717346,257
1103.0128741264343,259
1103.0808148384094,258
1103.1525509357452,219
1103.2229509353638,258
1104.4088530540466,258
1116.4350128173828,26513
1116.4425950050354,2042
1116.9739830493927,20132
1117.262622833252,2648
1120.7313339710236,70827
1120.734722852707,175151
1120.8207960128784,258
1120.882495880127,5070
1120.9445450305939,8354
1121.0205960273743,1648
1121.1884138584137,1653
1122.9368169307709,2355
1122.965078830719,1260
1123.02952003479,1260
1123.0885100364685,2120
1123.1580591201782,258
1123.2331280708313,257
1123.323058128357,2049
1123.384171962738,1855
1123.4421260356903,473
1123.4982500076294,1963
1123.5768208503723,523
1123.6564099788666,2297
1123.7488958835602,2200
1123.811644077301,460
1123.8680880069733,2029
1124.0405249595642,2242
1124.0408420562744,2546
1124.0798618793488,1787
1124.1645228862762,454
1124.2205851078033,915
1147.7203569412231,668
1149.2669038772583,258
1194.021229982376,258
1194.0216898918152,257
1194.0221009254456,258
1194.0221059322357,257
1194.1091809272766,258
1194.128164768219,258
1194.1748359203339,259
1194.1773018836975,259
1194.1985700130463,259
1194.214281797409,259
1194.2624599933624,259
1194.2654068470001,259
1194.2889740467072,258
1194.3013491630554,259
1194.3509709835052,258
1194.4509608745575,257
1194.4512479305267,2185
1194.451768875122,259
1194.4525170326233,259
1194.5385348796844,257
1194.5391960144043,259
1194.5406727790833,259
1194.5632648468018,258
1194.6244728565216,257
1194.626338005066,257
1194.6272540092468,257
1194.6484308242798,258
1211.5684010982513,4006
1211.568405866623,6104
1211.7108118534088,1259
1211.7118079662323,528
1255.9296209812164,543
1255.9323680400848,748
1255.9410779476166,473
1255.9440548419952,580
1261.7745010852814,999
1261.8006069660187,23057
1261.8018760681152,25829
1261.8023629188538,20260
1261.802927017212,3400
1261.8037359714508,1172
1261.8590450286865,2368
1261.8902249336243,2406
1261.9013500213623,1307
1262.0772740840912,2007
1262.0831139087677,625
1262.0866010189056,1027
1262.0876269340515,561
1262.0884120464325,1604
1262.0884170532227,1021
1262.1743440628052,1441
1343.7698469161987,3405
1383.8860161304474,6654
1383.886787891388,3360
1383.8870038986206,604
1447.7106840610504,113940
1447.7136189937592,5075
1447.7225170135498,1980
1447.7247369289398,87624
1448.1511600017548,1607
1448.3066580295563,127776
1449.3869140148163,8114
1449.5707378387451,1763
1449.688756942749,25869
1449.924134016037,6388
1450.0628299713135,475
1450.0664930343628,456
1450.0726459026337,991
1450.0818769931793,5965
1450.0820229053497,1468
1450.0882399082184,1002
1450.2624378204346,474
1450.2631368637085,473
1450.2645530700684,972
1450.2686808109283,972
1450.2740049362183,1249
1450.2749648094177,518
1450.3635478019714,564
1467.5834920406342,2042
1467.5842139720917,113979
1467.5848309993744,1979
1467.5848360061646,26513
1467.5854489803314,5076
1467.5860149860382,87585
1467.694072008133,127776
1467.6948659420013,70788
1467.7359819412231,175110
1467.9310250282288,8113
1467.9500179290771,20131
1467.9535200595856,5070
1468.319531917572,1647
1468.3333411216736,1763
1468.3747308254242,2373
1468.404126882553,8394
1468.469839811325,1653
1468.5003798007965,2648
1468.5083661079407,1606
1468.8082098960876,2354
1468.916021823883,5965
1468.9171118736267,1467
1468.9197659492493,1259
1468.9197709560394,1259
1468.9209218025208,2206
1468.9215898513794,2119
1469.0705869197845,2009
1469.071758031845,1855
1469.0727689266205,1962
1469.0738170146942,2160
1469.073853969574,2257
1469.076061964035,459
1469.17760014534,2297
1469.180067062378,1938
1469.1821160316467,1892
1469.185112953186,2008
1469.1856019496918,2065
1469.18598985672,1801
1469.3334369659424,1989
1469.4497799873352,3718
1469.4507629871368,4432
1469.4522030353546,2006
1469.4549419879913,3258
1469.455118894577,1002
1469.4599249362946,475
1469.5536448955536,456
1469.5564949512482,1239
1469.5576808452606,991
1469.662253856659,474
1469.6629910469055,474
1469.6655130386353,473
1469.669461965561,523
1469.672667980194,474
1469.673670053482,534
1469.7603960037231,518
1469.7616469860077,2241
1469.7619080543518,2585
1469.7628600597382,1827
1469.782613992691,915
1469.783362865448,563
1469.8788011074066,455
1473.4059219360352,87624
1473.4068388938904,84318
1473.4083540439606,9260
1473.4094519615173,6103
1473.4100530147552,1439
1473.4113161563873,1647
1473.8374509811401,8354
1473.837924003601,8113
1474.1005840301514,1172
1474.113471031189,3400
1474.563076019287,1658
1474.5637440681458,1307
1474.5661368370056,1653
1474.5736057758331,19633
1474.816493988037,2241
1474.8846409320831,2585
1475.9764530658722,41725
1476.2662630081177,11239
1476.5065450668335,2818
1476.6261899471283,1075
1476.7474761009216,2374
1476.8484919071198,2406
1476.9648549556732,1512
1476.9693670272827,1989
1476.9751818180084,484
1476.9870119094849,476
1476.9906289577484,582
1476.9935359954834,592
1477.0820949077606,596
1477.0888149738312,582
1477.088819026947,1501
1477.0908210277557,1248
1477.18688082695,536
1477.1910138130188,534
1477.1950170993805,473
1477.1980040073395,1076
1477.2037858963013,705
1477.2067458629608,1600
1477.2959010601044,2645
1477.3017120361328,1441
1477.301717042923,1643
1482.5921700000763,1075
1496.6607251167297,6654
1496.664633989334,603
1496.6704959869385,3360
1497.4514598846436,2241
1497.454792022705,2160
1517.869390964508,26513
1517.8719308376312,2041
1518.031121969223,2648
1518.1019859313965,20132
1518.393121957779,70787
1518.731111049652,175109
1519.283306837082,2354
1519.3838379383087,5070
1519.525953054428,1647
1519.623363018036,8355
1519.775109052658,1653
1519.9279940128326,1259
1519.9318549633026,1259
1519.941447019577,473
1519.9414520263672,2120
1519.9419331550598,522
1519.9731538295746,2206
1520.0362129211426,915
1520.1039638519287,2009
1520.10697889328,1855
1520.113261938095,1962
1520.1177990436554,2257
1520.1194398403168,2160
1520.1289420127869,459
1520.2353439331055,1787
1520.24041390419,1990
1520.4698519706726,454
1536.8780770301819,26512
1536.8788468837738,5075
1536.8803198337555,113939
1536.8812911510468,2041
1536.9696910381317,1979
1537.0101799964905,87584
1537.0579090118408,2648
1537.1016068458557,20131
1537.3638989925385,70787
1537.3661279678345,175109
1537.36710190773,8113
1537.3673148155212,127736
1537.4958329200745,5070
1537.6238567829132,1647
1537.6701068878174,1763
1537.7138600349426,2373
1537.7595760822296,8354
1537.8393869400024,1467
1537.8401029109955,1653
1537.8963420391083,2354
1537.897999048233,1259
1538.008139848709,1259
1538.0094459056854,1002
1538.0117518901825,474
1538.0118930339813,1989
1538.1770899295807,456
1538.1782567501068,655
1538.1783499717712,991
1538.179843902588,1238
1538.3512530326843,473
1538.3557069301605,5965
1538.3561420440674,473
1538.3595280647278,473
1538.4591038227081,522
1538.4665989875793,473
1538.4694929122925,534
1538.4948728084564,517
1538.60902094841,2666
1538.6115379333496,1278
1538.611804008484,2241
1538.611809015274,1364
1538.7569029331207,2585
1538.7572920322418,2206
1538.7581219673157,2119
1538.7581729888916,1355
1538.9292290210724,2009
1538.9503710269928,2257
1538.9509139060974,1856
1538.950917005539,1962
1539.0427780151367,2161
1539.0577039718628,1787
1539.0580520629883,459
1539.058475971222,531
1539.1658568382263,915
1539.1833229064941,563
1539.3175990581512,1606
1629.0944170951843,1979
1629.0999898910522,113940
1629.1042218208313,5076
1629.1111860275269,87585
1629.2370610237122,127737
1629.6895198822021,8114
1629.6961839199066,1763
1629.6966710090637,25830
1629.8127818107605,6389
1629.84579205513,1468
1629.885066986084,1002
1630.0217390060425,456
1630.026813030243,474
1630.1536469459534,656
1630.1583778858185,1238
1630.2160420417786,5965
1630.2198569774628,991
1630.2869279384613,973
1630.287055015564,473
1630.40207695961,473
1630.4069209098816,973
1630.5064001083374,517
1630.520369052887,1248
1630.614660024643,563
1630.7654330730438,1607
1642.79949092865,257
1642.8045899868011,258
1642.8220620155334,257
1642.8359680175781,257
1643.1204040050507,1930
1643.1317448616028,113940
1643.1329429149628,5075
1643.133306980133,1979
1643.1345241069794,87624
1643.1406450271606,2325
1643.2842910289764,1786
1643.2844729423523,127776
1643.2844779491425,2007
1643.3227000236511,258
1643.327143907547,41765
1643.437793970108,11278
1643.4494678974152,258
1643.5289940834045,258
1643.6040148735046,8113
1643.6047959327698,1764
1643.6092829704285,25830
1643.6114919185638,258
1643.6326830387115,2819
1643.6506118774414,1074
1643.6554849147797,2373
1643.7344388961792,2407
1643.7602388858795,1674
1643.7765719890594,1866
1643.7812581062317,2032
1643.8018610477448,1467
1643.8022100925446,6389
1643.8240580558777,1002
1644.0266509056091,474
1644.0279817581177,656
1644.0287849903107,456
1644.0293939113617,992
1644.1506369113922,5965
1644.1506419181824,473
1644.1513278484344,473
1644.153223991394,973
1644.1541140079498,2645
1644.1588459014893,1511
1644.1618468761444,258
1644.1721749305725,258
1644.2840580940247,484
1644.2881259918213,1989
1644.300214767456,973
1644.3054249286652,517
1644.3060610294342,1248
1644.3123290538788,259
1644.3255369663239,563
1644.3587939739227,257
1644.428041934967,258
1644.4321467876434,257
1644.4368600845337,258
1644.4763660430908,258
1644.5262229442596,1607
1644.5466978549957,258
1644.5500829219818,475
1644.5561549663544,582
1644.5903160572052,531
1644.6599419116974,258
1644.7693648338318,258
1644.7745759487152,1254
1644.779268026352,593
1644.7838969230652,473
1644.8836228847504,1259
1644.9663269519806,596
1644.970687866211,581
1644.9764559268951,1501
1645.0964279174805,1500
1645.1905670166016,1248
1645.1948068141937,536
1645.1987581253052,534
1645.2598888874054,1603
1645.3643741607666,2200
1645.3693161010742,2297
1645.373575925827,595
1645.447103023529,788
1645.5604310035706,1355
1645.565418958664,2546
1645.569976091385,1441
1645.6740081310272,1640
1645.7780849933624,1302
1645.783618927002,2184
1645.7886850833893,1021
1645.8846690654755,1364
1646.0293180942535,2706
1646.034180879593,1752
1646.038239955902,1076
1646.0461280345917,257
1671.8011119365692,298
1671.9229669570923,298
1672.0095119476318,297
1672.094507932663,298
1672.204120874405,298
1672.3056218624115,417
1672.437304019928,298
1672.550059080124,299
1672.6383600234985,299
1672.7256038188934,299
1672.842344045639,298
1672.930321931839,298
1673.017175912857,299
1673.1066048145294,299
1673.1944019794464,299
1673.2837450504303,298
1673.287405014038,298
1673.2999858856201,298
1673.300215959549,298
1673.305247783661,297
1673.312647819519,297
1673.3225438594818,298
1673.3261489868164,297
1673.333302974701,298
1673.3461129665375,297
1673.3676359653473,299
1673.3716359138489,299
1673.3843760490417,299
1673.385087966919,298
1673.4145889282227,297
1673.4180958271027,297
1673.4230349063873,298
1673.4253809452057,297
1673.434802055359,297
1673.438101053238,298
1673.4525978565216,298
1673.4556000232697,298
1673.4703149795532,299
1673.471158027649,297
1673.5038449764252,297
1673.5992529392242,298
1673.6034829616547,298
1673.6066501140594,298
1673.60897898674,299
1673.61567902565,297
1673.69180893898,299
1676.943639755249,298
1677.0855360031128,298
1677.244782924652,297
1677.3551609516144,298
1677.441377878189,297
1677.5295579433441,298
1677.6152911186218,416
1677.7025809288025,416
1677.7926399707794,299
1677.8865559101105,299
1677.9726741313934,298
1678.0623259544373,299
1678.1512179374695,298
1678.2448921203613,416
1678.345988035202,297
1678.436518907547,297
1678.5398268699646,298
1678.5462341308594,297
1678.547738790512,297
1678.5500509738922,297
1678.5526659488678,298
1678.5547199249268,297
1678.7892808914185,257
1678.7991690635681,257
1678.8024859428406,258
1678.8042228221893,258
1678.939059972763,258
1679.0051038265228,257
1679.00861287117,257
1679.0535519123077,258
1679.1406409740448,259
1679.2273199558258,258
1679.328418970108,259
1679.5346899032593,259
1679.5355241298676,257
1679.535758972168,257
1679.5371260643005,257
1679.6272280216217,258
1679.631553888321,1600
1679.6352298259735,257
1679.637578010559,257
1679.7149879932404,258
1679.7398569583893,257
1679.73997092247,257
1679.7570629119873,258
1679.8025789260864,257
1679.8264288902283,6654
1679.8430128097534,603
1679.8873751163483,1293
1679.9481568336487,3360
1689.8675780296326,87624
1689.8795318603516,257
1689.885432958603,84318
1689.8855469226837,9260
1690.0177788734436,6103
1690.1064910888672,1439
1690.4745309352875,1647
1690.4804260730743,8354
1690.488571882248,1172
1690.4919638633728,8113
1690.6009421348572,3400
1690.6102969646454,1658
1690.6507549285889,1307
1690.6722581386566,1653
1690.7344069480896,19593
1690.9883699417114,258
1690.9915239810944,2241
1691.0037288665771,2545
1691.0121669769287,1319
1691.1378591060638,1029
1691.1417779922485,2206
1691.1598567962646,2161
1691.1656630039215,257
1691.2898499965668,257
1691.296131849289,667
1691.2981629371643,2257
1691.3005528450012,473
1691.3017559051514,952
1691.303122997284,486
1695.923880815506,26513
1695.924814939499,2041
1695.9249429702759,5076
1695.9258489608765,113979
1695.9261500835419,87624
1695.9262669086456,1980
1696.0127398967743,2648
1696.139319896698,20132
1696.1888740062714,257
1696.1900057792664,257
1696.194662809372,257
1696.1950409412384,257
1696.340801000595,258
1696.4440848827362,257
1696.4806160926819,258
1696.5587048530579,127776
1696.5687129497528,258
1696.6559629440308,258
1696.7494068145752,259
1696.9866831302643,70827
1697.299262046814,175110
1697.3431160449982,259
1697.3436799049377,257
1697.345988035202,1238
1697.3459930419922,258
1697.7320067882538,257
1697.7320120334625,258
1697.7352039813995,257
1697.7358589172363,258
1697.8056421279907,8113
1697.80650806427,2355
1697.9325098991394,5070
1698.0344350337982,257
1698.0426940917969,257
1698.0436549186707,258
1698.0450911521912,258
1698.057303905487,1647
1698.1201808452606,619
1698.1346759796143,619
1698.1377477645874,257
1698.1386468410492,257
1698.1440880298615,2120
1698.144849061966,2207
1698.1460449695587,2049
1698.1465208530426,1895
1698.1479439735413,473
1698.1496360301971,518
1698.3271629810333,2585
1698.328202009201,1963
1698.333186864853,2029
1698.3414449691772,2281
1698.3417978286743,916
1698.468810081482,455
1701.8609478473663,87585
1701.8613798618317,84279
1702.4481139183044,9261
1702.6119058132172,6103
1702.736939907074,1439
1702.8219709396362,1647
1702.9073898792267,8394
1703.0350079536438,8113
1703.16295003891,1172
1703.2481698989868,3400
1703.3724210262299,1658
1703.4583868980408,1307
1703.5437910556793,1653
1703.6307039260864,19594
1703.8456099033356,2241
1703.846342086792,2546
1710.146066904068,258
1710.1509170532227,258
1710.1562049388885,257
1710.1607029438019,257
1710.3019280433655,258
1710.4002239704132,257
1710.4357888698578,258
1710.5260779857635,258
1710.6137919425964,258
1710.707880973816,258
1711.312865972519,258
1711.313714981079,257
1711.31378698349,257
1711.3227298259735,257
1711.6472358703613,257
1711.6480770111084,257
1711.6496179103851,258
1711.6519920825958,258
1711.9262549877167,257
1711.9264500141144,257
1711.9268579483032,257
1711.9287090301514,257
1712.0166749954224,258
1712.0268669128418,258
1712.0302679538727,257
1712.0302729606628,257
1712.1034350395203,257
1712.116537809372,259
1712.1227118968964,258
1712.127044916153,257
1712.1904990673065,258
1722.9933269023895,297
1723.001303911209,298
1723.0095000267029,297
1723.0115048885345,297
1723.2443099021912,297
1723.2593128681183,417
1723.2642250061035,41766
1723.2722809314728,11278
1723.3313019275665,298
1723.3787009716034,298
1723.419487953186,298
1723.4393739700317,2859
1723.47075009346,1114
1723.5094430446625,2413
1723.5747830867767,2447
1723.5759420394897,1551
1723.5766129493713,2030
1723.6028308868408,524
1723.8760499954224,2684
1723.8874809741974,541
1723.8899009227753,297
1723.890951871872,298
1723.972566127777,298
1723.982924938202,297
1723.986743927002,297
1723.9868340492249,297
1724.06298494339,297
1724.073184967041,297
1724.082888841629,515
1724.083468914032,621
1724.1581318378448,298
1724.1691727638245,298
1724.2010278701782,632
1724.201033115387,1294
1724.2461109161377,514
1724.3080899715424,621
1724.30827999115,1540
1724.4263360500336,1288
1724.4268159866333,576
1724.432669878006,574
1724.44921708107,1115
1724.5315809249878,744
1724.5326089859009,1643
1724.5373618602753,2200
1724.6404991149902,635
1724.6428458690643,2297
1724.648027896881,829
1724.6485569477081,1395
1724.7520270347595,2586
1724.7596249580383,1481
1724.7596888542175,297
1729.901380777359,298
1729.9989609718323,298
1730.0845940113068,297
1730.216434955597,298
1730.3426690101624,298
1730.4521298408508,298
1730.539113998413,298
1730.6374859809875,258
1730.7372539043427,298
1730.8241789340973,298
1730.9121930599213,298
1731.0014741420746,298
1731.0882940292358,298
1731.1787478923798,298
1731.1864199638367,297
1731.1923389434814,297
1731.1946878433228,297
1731.2000529766083,297
1731.2062001228333,297
1731.2168049812317,297
1731.220358133316,297
1731.2444548606873,297
1731.2491688728333,297
1731.2648458480835,297
1731.2761399745941,297
1731.2789788246155,298
1731.2791440486908,297
1731.2826318740845,297
1731.2886459827423,298
1731.3009128570557,297
1731.3036189079285,298
1731.334312915802,298
1731.3357558250427,297
1731.3559057712555,297
1731.3605580329895,297
1731.3643898963928,298
1731.365520954132,297
1731.375070810318,297
1731.440910100937,298
1731.4447779655457,297
1731.4478030204773,298
1731.4493789672852,298
1731.4581921100616,297
1731.528687953949,298
1734.7945840358734,297
1734.9059698581696,297
1735.018042087555,297
1735.1373829841614,298
1735.2258009910583,297
1735.3199739456177,297
1735.4078397750854,258
1735.4945750236511,298
1735.5837490558624,298
1735.672217130661,298
1735.7594120502472,298
1735.8499689102173,298
1735.9363949298859,298
1736.0238189697266,298
1736.111685037613,297
1736.2046790122986,297
1736.3034718036652,298
1736.3053050041199,297
1736.3071501255035,298
1736.3104009628296,297
1736.3144419193268,297
1736.3162698745728,297
1742.1443798542023,5075
1742.1471538543701,1979
1742.1485209465027,87624
1742.1503269672394,1606
1742.1610698699951,113979
1742.5650708675385,127736
1743.0420880317688,8113
1743.2119359970093,25829
1743.4550819396973,1653
1743.578117132187,8354
1743.7583830356598,6143
1743.9450769424438,2277
1744.0474438667297,1989
1744.0558269023895,1002
1744.0600090026855,1990
1744.0605680942535,474
1744.06520485878,5965
1744.0802550315857,456
1744.1668808460236,1248
1744.1694159507751,1239
1744.1711490154266,991
1744.1780619621277,1593
1744.1882688999176,473
1744.206111907959,563
1744.3231029510498,997
1744.422483921051,678
1744.5255599021912,1353
1755.4387619495392,26552
1755.6613659858704,20171
1755.8794729709625,2081
1755.9703199863434,2688
1756.0983591079712,297
1756.1886649131775,297
1756.275885105133,297
1756.417231798172,298
1756.561688899994,70827
1756.938558101654,175149
1757.68665599823,298
1757.6874740123749,298
1757.7745099067688,5110
1757.9062449932098,1687
1757.9985349178314,298
1758.0843558311462,298
1758.1705949306488,8394
1758.3095128536224,1693
1758.4052579402924,298
1758.4167160987854,297
1758.4262421131134,297
1758.427591085434,297
1758.4287958145142,297
1758.440839767456,297
1758.4637761116028,297
1758.473967075348,1299
1758.4759149551392,1299
1758.48024392128,297
1758.4895808696747,2159
1758.501196861267,2049
1758.51207280159,1895
1758.5120780467987,2002
1758.5136749744415,499
1758.5247020721436,955
1758.5480229854584,2029
1758.6857798099518,297
1758.6909439563751,297
1758.69229388237,513
1758.6932549476624,562
1758.6977491378784,297
1758.7010688781738,297
1758.7022099494934,2706
1758.7032618522644,297
1758.7065048217773,1827
1758.9566769599915,297
1758.9858148097992,297
1759.521192073822,494
1766.473228931427,6104
1766.6266717910767,297
1766.738895893097,527
1766.7487468719482,1260
1814.1376779079437,705
1814.356950044632,502
1816.1782279014587,297
1816.2703249454498,298
1816.376681804657,298
1816.4633829593658,298
1816.5563609600067,257
1816.685077905655,297
1816.7710659503937,297
1816.8587307929993,297
1816.9700620174408,298
1817.0900468826294,298
1817.2892270088196,298
1817.4989280700684,297
1817.649659872055,299
1817.6521728038788,299
1817.745033979416,299
1817.8343770503998,298
1817.9219648838043,298
1818.0083770751953,298
1818.103572845459,416
1818.1982288360596,298
1818.3015468120575,298
1818.3214709758759,298
1818.3262178897858,297
1818.327455997467,298
1818.3386318683624,297
1818.3420259952545,298
1818.3611431121826,257
1818.3614039421082,298
1818.3737270832062,297
1818.3742558956146,257
1818.3766520023346,297
1818.3769538402557,257
1818.3781039714813,257
1818.380394935608,298
1818.3905699253082,297
1818.4075708389282,297
1818.410936832428,297
1818.4117548465729,298
1818.423308134079,297
1818.4268050193787,297
1818.4472510814667,297
1818.4602599143982,297
1818.4611921310425,297
1818.4648208618164,416
1818.5135190486908,377
1818.6161949634552,258
1818.6325850486755,297
1818.632777929306,298
1818.6335270404816,297
1818.634222984314,297
1818.6349477767944,297
1818.6359741687775,298
1818.636095046997,297
1818.6369669437408,298
1818.6470139026642,258
1818.6580939292908,298
1818.7366440296173,259
1818.834639787674,259
1818.8653049468994,297
1818.9334468841553,258
1818.9559648036957,297
1819.3297770023346,298
1819.5304579734802,257
1819.5304629802704,259
1819.5313808918,257
1819.5319049358368,257
1819.882663011551,257
1819.8831930160522,257
1819.88547706604,258
1819.8903629779816,258
1820.1319839954376,258
1820.1349251270294,258
1820.1360819339752,257
1820.1361491680145,257
1820.1444799900055,257
1820.1481490135193,258
1820.1525340080261,258
1820.173446893692,257
1820.2342240810394,259
1820.2343339920044,257
1820.238785982132,257
1820.2563879489899,257
1820.260724067688,257
1820.3275411128998,258
1820.331221818924,258
1820.3375260829926,258
1820.3377628326416,258
1820.3433208465576,259
1820.3466727733612,257
1820.3498439788818,259
1820.3713629245758,258
1820.4142179489136,259
1820.488802909851,258
1820.4929659366608,259
1820.4984769821167,259
1820.5123028755188,259
1820.618528842926,258
1820.6224308013916,258
1820.75262093544,257
1820.7671608924866,258
1820.7729139328003,259
1820.7863228321075,257
1820.8723270893097,258
1820.9035420417786,258
1820.9074079990387,258
1820.9233100414276,257
1820.9984910488129,258
1821.0534999370575,258
1849.0085308551788,257
1849.0279469490051,257
1849.0283119678497,258
1849.0288770198822,257
1849.162981748581,258
1849.2645518779755,258
1849.3030138015747,259
1849.3925709724426,259
1849.6000599861145,259
1849.697254896164,259
1850.2972700595856,259
1850.298071861267,258
1850.298996925354,258
1850.303740978241,258
1850.8456649780273,258
1850.8456699848175,258
1850.8458449840546,259
1850.8458499908447,258
1850.9444680213928,258
1850.9446020126343,258
1850.9654018878937,258
1850.9654059410095,258
1851.0328378677368,259
1851.0447199344635,258
1851.0576050281525,258
1851.058995962143,258
1851.1194558143616,258
1851.132346868515,259
1851.1481719017029,259
1851.14870095253,258
1851.205671787262,259
1864.1967458724976,258
1864.2019398212433,257
1864.2056379318237,258
1864.2108500003815,257
1864.3585600852966,259
1864.4551649093628,258
1864.4867298603058,259
1864.5749089717865,259
1864.6627569198608,258
1864.7581949234009,259
1865.3659188747406,257
1865.3659241199493,259
1865.3669970035553,257
1865.3670020103455,258
1865.8105659484863,257
1865.8164279460907,258
1865.8175628185272,257
1865.8178689479828,259
1865.9895930290222,258
1865.9937829971313,258
1866.0001709461212,258
1866.000874042511,257
1866.079509973526,259
1866.0920341014862,257
1866.093668937683,258
1866.097265958786,257
1866.1660380363464,258
1866.1804769039154,259
1866.1841309070587,258
1866.1865329742432,258
1866.251569032669,259
1870.9364190101624,257
1870.9414448738098,257
1870.9466760158539,257
1870.950996875763,257
1871.0532929897308,258
1871.2114870548248,6104
1871.376827955246,4006
1871.55002784729,528
1871.5542409420013,257
1871.5577549934387,618
1871.5640330314636,258
1871.6724469661713,257
1880.941302061081,298
1880.9443378448486,297
1880.9466388225555,297
1880.9521639347076,298
1881.1641850471497,298
1881.2007739543915,297
1881.2219190597534,298
1881.2262868881226,298
1881.2930209636688,299
1881.316202878952,299
1881.3166000843048,415
1881.3204028606415,2047
1881.393427848816,299
1881.410521030426,1949
1881.4133250713348,1721
1881.4223029613495,298
1881.4838128089905,298
1881.5149669647217,299
1881.5662789344788,299
1881.568414926529,298
1881.5842878818512,298
1881.6030540466309,299
1881.65735912323,1876
1881.6585240364075,2868
1881.6730260849,690
1882.2407009601593,1533
1882.2864010334015,298
1882.286917924881,1805
1882.2951147556305,1562
1882.3739349842072,1538
1882.4640049934387,1991
1882.7369639873505,1833
1882.737191915512,2211
1882.7374880313873,2006
1882.8740317821503,2047
1882.9798040390015,2150
1882.982419013977,2234
1882.9837620258331,1934
1883.0933818817139,2180
1883.1999778747559,2260
1883.2029600143433,2056
1883.2043619155884,2039
1883.313444852829,2145
1883.3645911216736,1693
1883.3653700351715,2264
1883.3688759803772,2183
1883.4668040275574,702
1883.5877649784088,2295
1883.5929968357086,2917
1883.5930609703064,1918
1883.5938558578491,1575
1883.8172960281372,2291
1883.8173229694366,2416
1883.8192138671875,2610
1883.819531917572,1786
1884.0260899066925,2756
1884.0322949886322,2682
1884.0337538719177,2176
1884.1311180591583,2412
1884.2370688915253,298
1884.2483398914337,298
1884.2506728172302,298
1884.2522058486938,298
1884.367968082428,297
1884.3704409599304,298
1884.3800358772278,297
1884.380481004715,298
1884.4718058109283,298
1884.4814250469208,298
1884.492233991623,572
1884.5070478916168,297
1884.5597519874573,298
1884.5696239471436,299
1884.5832979679108,298
1884.595801115036,297
1884.6552419662476,1300
1884.668709039688,637
1884.674421787262,298
1884.6836647987366,298
1884.7627251148224,299
1884.7736098766327,298
1884.800029039383,299
1884.8015189170837,297
1884.8516149520874,297
1884.8624999523163,298
1884.8899910449982,298
1884.8947968482971,297
1884.939237833023,298
1884.9509840011597,298
1884.9769568443298,298
1884.982234954834,297
1885.027489900589,298
1885.038017988205,299
1885.0657351016998,1405
1885.069296836853,2706
1885.116553068161,1752
1885.1273148059845,1343
1885.1983959674835,2225
1885.1986808776855,1061
1885.3062279224396,297
1893.4876058101654,87624
1893.5136120319366,1979
1893.5383307933807,113940
1893.5639429092407,5075
1894.0487339496613,127819
1894.2195889949799,1607
1900.159577846527,8113
1900.4794399738312,1764
1900.7024719715118,25830
1901.1509039402008,6388
1901.5689899921417,973
1901.5954840183258,992
1901.6196057796478,1467
1901.6457419395447,473
1901.8114709854126,473
1901.8368680477142,1238
1901.9209580421448,474
1901.9465568065643,563
1902.0316388607025,1249
1902.1455550193787,456
1902.1715149879456,1003
1902.2586500644684,5966
1902.283796787262,973
1902.4026880264282,518
1902.4284789562225,656
1931.7796058654785,1259
1931.9199059009552,2631
1931.9246499538422,1745
1931.9262430667877,3271
1932.075649023056,1993
1932.2742388248444,2180
1932.2798840999603,1676
1932.2813749313354,2540
1932.2951350212097,1642
1932.470393896103,2852
1932.4779090881348,1829
1932.478313922882,1900
1932.4811420440674,2725
1932.6936528682709,2320
1932.6967477798462,2022
1932.6979250907898,1960
1932.796695947647,2340
1932.9088549613953,704
1932.911188840866,1747
1932.9139897823334,2190
1932.9148139953613,1432
1933.0146899223328,1497
1933.0671479701996,2004
1933.0711228847504,1626
1933.0711569786072,1928
1933.2765669822693,2310
1933.2979068756104,2125
1933.3003799915314,2002
1933.3008019924164,2237
1933.4992198944092,1934
1933.517812013626,1748
1933.5197620391846,1903
1933.5206818580627,1996
1933.7237350940704,1955
1933.7387528419495,2019
1933.7399189472198,707
1991.5512690544128,26512
1991.5518260002136,2041
1991.5518310070038,257
1991.551943063736,257
1991.6488659381866,257
1991.71555685997,257
1991.7210199832916,2648
1991.8632969856262,20131
1992.090022802353,376
1992.099958896637,175149
1992.1008298397064,70787
1992.104346036911,258
1992.212611913681,5070
1992.213233947754,1647
1992.311420917511,258
1992.346086025238,258
1992.4208099842072,8354
1992.4720859527588,1653
1992.4733300209045,257
1992.5520269870758,1989
1992.5621519088745,257
1992.739077091217,2354
1993.0330069065094,258
1993.1669299602509,257
1993.168424129486,257
1993.1685898303986,257
1993.2100598812103,257
1993.2574179172516,257
1993.2611420154572,257
1993.2619218826294,257
1993.296061038971,473
1993.3471629619598,522
1993.3564977645874,257
1993.3600969314575,1259
1993.383810043335,1259
1993.4475100040436,257
1993.4475147724152,257
1993.6288769245148,2241
1993.6311528682709,1318
1993.6586718559265,258
1993.6600379943848,257
1993.7211990356445,2119
1993.7232179641724,2206
1993.7509579658508,2009
1993.755262851715,1855
1993.8507850170135,1962
1993.8507897853851,2257
1993.8538839817047,2160
1993.8564689159393,1787
1993.939898967743,459
1993.9521911144257,531
1993.9581370353699,915
1994.0819840431213,257
2021.2692449092865,258
2021.2710638046265,257
2021.27920794487,257
2021.2792129516602,375
2021.432116985321,258
2021.5006649494171,258
2021.5021090507507,377
2021.5024569034576,257
2021.5459251403809,258
2021.6319389343262,258
2021.7263669967651,376
2021.8148410320282,258
2021.9012880325317,6103
2022.0299608707428,2276
2022.2454359531403,1592
2022.249892950058,258
2022.2507450580597,257
2022.250808954239,257
2022.3459270000458,257
2022.346225976944,257
2022.3471958637238,257
2022.3474898338318,997
2022.438138961792,1259
2022.4416189193726,257
2022.4467160701752,258
2022.4483439922333,257
2022.5272040367126,677
2022.8133759498596,1352
2031.5472009181976,113939
2031.550922870636,5075
2031.5562047958374,1980
2031.5599339008331,87584
2031.6713778972626,127736
2032.005304813385,8113
2032.0053091049194,25829
2032.0219519138336,1613
2032.1483778953552,8354
2032.1513919830322,6103
2032.1763598918915,2276
2032.2563171386719,1989
2032.3011989593506,1989
2032.3042960166931,1002
2032.346873998642,1592
2032.4544138908386,474
2032.4594259262085,456
2032.4599788188934,1238
2032.5010778903961,655
2032.5987179279327,997
2032.6038789749146,991
2032.6040349006653,5965
2032.6766169071198,473
2032.7227261066437,1248
2032.7449789047241,677
2032.7766468524933,563
2033.0865550041199,1352
2045.4950869083405,257
2045.500697851181,257
2045.5049920082092,257
2045.5108609199524,375
2045.723191022873,376
2045.7563099861145,257
2045.7614879608154,258
2045.7615160942078,257
2045.8373260498047,258
2045.8423149585724,258
2045.8491868972778,257
2045.930347919464,258
2046.0178878307343,258
2046.1086809635162,258
2046.2011799812317,258
2046.2874789237976,258
2046.3751208782196,258
2046.4624569416046,258
2046.5494101047516,258
2046.8680679798126,258
2046.8767879009247,258
2046.8789727687836,257
2046.8801817893982,257
2046.954833984375,257
2046.965499162674,257
2046.9694991111755,257
2046.9730288982391,257
2047.040587902069,257
2047.0550260543823,257
2047.0710628032684,257
2047.0776178836823,258
2047.127492904663,258
2047.141559123993,257
2047.1570780277252,257
2047.1647589206696,257
2047.2140469551086,257
2047.2311718463898,258
2047.2445299625397,257
2047.2556807994843,257
2047.3027317523956,258
2047.3220911026,257
2047.3315558433533,258
2047.3511350154877,257
2047.390410900116,257
2047.4118840694427,257
2047.419103860855,257
2047.4407119750977,258
2047.4773099422455,257
2047.5002100467682,258
2047.5058920383453,257
2064.3666059970856,113980
2064.370939016342,5115
2064.3784749507904,2019
2064.384024143219,87624
2064.388761997223,1646
2064.4111478328705,127776
2064.499946832657,8153
2064.5300209522247,1803
2064.5380239486694,25869
2064.6629548072815,6428
2065.259477853775,1013
2065.267446041107,1288
2065.3844590187073,297
2065.498689889908,297
2065.58509683609,297
2065.654993057251,257
2065.659786939621,258
2065.663290977478,257
2065.6679170131683,257
2065.6711888313293,297
2065.7477509975433,258
2065.7605118751526,257
2065.782669067383,297
2065.8222868442535,376
2065.831633090973,259
2065.885981798172,298
2065.94979095459,258
2065.972762823105,257
2066.0298240184784,298
2066.066755771637,258
2066.161997795105,257
2066.168210029602,298
2066.257933139801,299
2066.2817888259888,258
2066.289211034775,258
2066.345936059952,298
2066.3763358592987,258
2066.4491751194,298
2066.462000131607,376
2066.537533044815,298
2066.550013780594,258
2066.625976085663,298
2066.6365649700165,259
2066.714303970337,298
2066.723989009857,258
2066.8018429279327,298
2066.8105959892273,376
2066.8901059627533,298
2066.8989849090576,297
2066.913763999939,297
2066.9153740406036,297
2066.918844938278,297
2066.934788942337,297
2066.954606771469,297
2066.9634931087494,297
2066.99374294281,297
2066.9986460208893,297
2067.0014050006866,297
2067.0038769245148,298
2067.0059518814087,297
2067.0135469436646,297
2067.0253100395203,297
2067.026874065399,298
2067.03920006752,297
2067.0476920604706,298
2067.0772409439087,298
2067.0827028751373,297
2067.088777065277,297
2067.089669942856,297
2067.0914669036865,298
2067.097712993622,297
2067.115443944931,297
2067.191181898117,258
2067.1918199062347,257
2067.1918239593506,257
2067.192766904831,257
2067.2160139083862,298
2067.218911886215,297
2067.2283170223236,297
2067.335767030716,257
2067.341271877289,298
2067.3415048122406,257
2067.3447318077087,257
2067.3447358608246,257
2067.4224710464478,257
2067.4314589500427,257
2067.444466114044,257
2067.4445259571075,257
2067.5091919898987,257
2067.5191378593445,257
2067.5319180488586,257
2067.536218881607,257
2067.597484111786,258
2067.6256489753723,257
2067.628741979599,258
2067.6294600963593,257
2067.8059289455414,257
2067.810963869095,257
2067.810968875885,257
2067.8117411136627,257
2067.8920199871063,257
2067.918555021286,257
2067.924229860306,257
2067.925308942795,257
2067.977458000183,257
2068.0047709941864,257
2071.9843740463257,257
2071.991803884506,257
2071.996843099594,257
2072.0023081302643,375
2072.1523609161377,1511
2072.1573479175568,258
2072.1615138053894,484
2072.4408659934998,41725
2072.4509699344635,11238
2072.456918001175,1763
2072.461543083191,258
2072.568771839142,6388
2072.572827100754,2818
2072.64822101593,1074
2072.726711034775,2373
2072.7934510707855,2406
2072.811268091202,1467
2072.8438317775726,257
2073.07012796402,2604
2073.080044031143,258
2073.103807926178,257
2073.107889890671,257
2073.1841580867767,257
2073.1876850128174,258
2073.235853910446,257
2073.2393679618835,474
2073.2918939590454,475
2073.2960729599,581
2073.3474700450897,531
2073.438108921051,258
2073.4426958560944,1254
2073.442701101303,258
2073.5731489658356,592
2073.577800989151,1259
2073.577914953232,473
2073.669103860855,596
2073.7729160785675,1500
2073.772920846939,582
2073.874899148941,1248
2073.98312997818,537
2073.987410068512,534
2073.9907460212708,1075
2074.045105934143,704
2074.1353039741516,2160
2074.1402249336243,595
2074.144745826721,2257
2074.2486929893494,788
2074.2525289058685,1356
2074.3675467967987,2546
2074.3710899353027,1441
2074.4527518749237,258
2074.571517944336,1646
2078.1144411563873,41765
2078.130954027176,11278
2078.1319608688354,2858
2078.143810033798,1115
2078.1486599445343,2413
2078.1562678813934,2446
2079.281389951706,1551
2079.2863528728485,2030
2079.292151927948,525
2079.3202850818634,2046
2079.3352251052856,2143
2079.3380188941956,2042
2079.5030930042267,2436
2079.509412050247,2337
2079.520107984543,1858
2079.5264790058136,2237
2079.553862810135,1851
2079.5882909297943,2349
2079.7155299186707,2747
2079.722081899643,2086
2079.7273330688477,515
2079.731564760208,621
2079.777336835861,632
2079.7831048965454,637
2079.8493118286133,2684
2079.8644700050354,621
2079.868660926819,1540
2079.9101049900055,1288
2079.9160199165344,576
2079.9202840328217,1115
2079.9702298641205,744
2080.0274307727814,1640
2080.0325660705566,1643
2080.0380420684814,1753
2080.04154586792,1481
2089.2265059947968,257
2089.2403769493103,257
2089.2419600486755,375
2089.243227005005,258
2089.323308944702,376
2089.547376871109,258
2089.552299976349,258
2089.566034078598,257
2089.648894071579,258
2089.8025090694427,258
2090.181519985199,258
2090.6791818141937,257
2090.702162027359,257
2090.7049639225006,257
2090.7159729003906,257
2090.7174360752106,257
2090.7332298755646,258
2090.7812349796295,257
2090.8628509044647,257
2090.8731729984283,257
2090.8796260356903,257
2090.8814260959625,257
2091.075178861618,258
2091.175654888153,257
2121.6816449165344,258
2121.6866979599,257
2121.6910688877106,257
2121.6945509910583,257
2121.839397907257,259
2121.9125690460205,258
2121.912740945816,376
2121.913328886032,258
2121.9530868530273,258
2122.0403978824615,259
2122.1334431171417,376
2122.2213830947876,259
2122.3088808059692,258
2122.3957340717316,259
2122.5962569713593,258
2122.601259946823,259
2122.60240483284,257
2122.603366136551,257
2122.6823630332947,258
2122.690052986145,259
2122.694664001465,258
2122.694821834564,258
2122.767988920212,257
2122.7760100364685,257
2122.7814581394196,259
2122.7858679294586,258
2122.8536858558655,257
2122.888756752014,258
2131.59019780159,257
2131.5997309684753,258
2131.600625038147,257
2131.605227947235,258
2131.813076019287,258
2131.8489348888397,258
2131.84983587265,259
2131.850800037384,257
2131.9255068302155,258
2131.9385850429535,258
2131.938929796219,257
2132.0421149730682,258
2132.1358699798584,259
2132.221617937088,258
2132.314770936966,259
2132.4050250053406,259
2132.4919538497925,259
2132.5787510871887,258
2132.665843963623,258
2132.991478919983,259
2133.0012509822845,258
2133.002329826355,258
2133.00248503685,257
2133.078192949295,257
2133.094424009323,258
2133.097839832306,258
2133.099000930786,257
2133.1633501052856,257
2133.187385082245,258
2133.20450592041,258
2133.2045798301697,258
2133.2492179870605,258
2133.27401804924,257
2133.2965190410614,257
2133.3071501255035,258
2133.341133117676,258
2133.3604278564453,258
2133.384010076523,258
2133.3983011245728,257
2133.428570985794,259
2133.4471628665924,257
2133.4701409339905,258
2133.484437942505,257
2133.5166318416595,258
2133.5331218242645,258
2133.5568628311157,257
2133.569881916046,258
2133.6028261184692,258
2133.618963956833,259
2133.643450021744,257
2138.494358062744,297
2138.495887041092,297
2138.563981771469,297
2138.5673649311066,298
2139.79319691658,298
2140.118810892105,298
2140.1377680301666,298
2140.184068918228,298
2140.383006811142,297
2140.43119597435,417
2140.7343270778656,299
2140.911154985428,573
2140.9324860572815,573
2140.9361839294434,573
2140.9957950115204,573
2141.0023579597473,573
2141.0169920921326,298
2141.0262649059296,573
2141.0491859912872,573
2141.057874917984,574
2141.233244895935,574
2141.23455286026,299
2141.2360599040985,573
2141.2400331497192,572
2141.241625070572,572
2141.258626937866,2093
2141.420732975006,298
2141.467975139618,2068
2141.469097852707,2031
2141.4714028835297,1890
2141.4736001491547,298
2141.4770278930664,298
2141.6817519664764,299
2141.6929109096527,299
2141.913507938385,299
2142.6172420978546,298
2143.053256750107,298
2143.066160917282,298
2143.080076932907,297
2143.088460922241,298
2143.0896430015564,297
2143.0905039310455,298
2143.2768478393555,297
2143.3006598949432,297
2143.3048589229584,298
2143.3071727752686,298
2143.3498680591583,298
2143.363426923752,298
2143.3747849464417,298
2143.44362282753,299
2143.451470851898,298
2143.4584741592407,298
2143.4638769626617,298
2143.4766108989716,298
2143.480400085449,297
2143.6177639961243,298
2143.6251950263977,298
2143.628991127014,298
2143.6347558498383,298
2143.6358120441437,297
2143.6545429229736,299
2143.713874101639,297
2143.741982936859,258
2143.8281259536743,298
2143.828404903412,297
2143.874624967575,298
2143.87602686882,297
2143.883472919464,299
2143.8842129707336,299
2143.993631839752,298
2144.0249049663544,299
2144.0927860736847,298
2144.092981815338,299
2151.9507081508636,257
2151.9623868465424,259
2151.965416908264,257
2151.966812849045,257
2152.041846036911,257
2152.06618309021,257
2152.1403501033783,376
2152.1460978984833,259
2152.258502960205,258
2152.3710420131683,259
2152.4655261039734,258
2152.5842468738556,259
2152.5907979011536,259
2152.6772799491882,258
2152.7633080482483,259
2152.850205898285,259
2152.9378519058228,259
2153.0245490074158,376
2153.116786956787,259
2153.419022798538,259
2153.419503927231,258
2153.41973900795,257
2153.420837879181,257
2153.541114807129,257
2153.547292947769,257
2153.549264907837,258
2153.549269914627,258
2153.627676010132,257
2153.63681101799,257
2153.648525953293,258
2153.649661064148,257
2153.713521003723,257
2153.722939014435,258
2153.7367169857025,218
2153.7405397892,257
2153.799742937088,258
2153.828197956085,258
2153.8350648880005,259
2153.857771873474,257
2154.0164270401,257
2154.0210161209106,257
2154.021070957184,258
2154.0217549800873,257
2154.105737924576,218
2154.111608982086,258
2154.1341590881348,257
2154.14098405838,258
2154.19224691391,257
2154.2174439430237,257
2154.2225449085236,258
2159.9907529354095,259
2160.0129239559174,257
2160.013890981674,258
2160.019864797592,258
2160.0212569236755,258
2160.022711992264,257
2161.1002440452576,258
2161.1376180648804,376
2161.4113500118256,259
2161.8465819358826,258
2162.5745089054108,258
2162.779103040695,259
2162.779545068741,258
2162.7815120220184,259
2162.783985853195,259
2162.7861609458923,259
2162.7879180908203,259
2163.3039939403534,259
2163.3073999881744,259
2163.3402009010315,258
2163.3424439430237,377
2163.357241153717,258
2163.7369859218597,259
2163.7619750499725,258
2163.7804939746857,258
2163.816764831543,258
2163.9438259601593,258
2163.944869041443,258
2163.979145050049,258
2163.9935100078583,258
2163.995169878006,258
2164.000776052475,258
2164.1527819633484,258
2164.185637950897,258
2164.188966989517,258
2164.2492339611053,257
2164.26224899292,258
2164.2645161151886,259
2164.400233030319,257
2164.4541840553284,258
2164.456414937973,257
2164.460429906845,259
2164.486449956894,258
2164.491891145706,258
2164.575877904892,258
2164.608286857605,257
2164.68239402771,258
2164.6842279434204,258
2164.8029251098633,258
2164.8080809116364,258
2164.8140728473663,258
2164.8695011138916,258
2164.8709559440613,257
2167.1906011104584,620
2173.4600598812103,5115
2173.4612798690796,113980
2173.583963871002,2019
2173.669265985489,87624
2173.840719938278,16688
2174.0135180950165,127776
2174.4888269901276,8153
2174.6186940670013,1804
2174.7120308876038,25870
2174.92862200737,6428
2175.0586309432983,496
2175.0594930648804,515
2175.1964440345764,6005
2175.198030948639,1507
2175.358654022217,1043
2175.359834909439,1013
2175.4796760082245,1013
2175.4796798229218,514
2175.5777509212494,558
2175.5784680843353,1279
2175.6860768795013,513
2175.688556909561,1032
2175.7977690696716,1288
2175.7981100082397,514
2175.906847000122,604
2176.021905899048,1607
2181.775125026703,257
2181.7800459861755,258
2181.788614988327,257
2181.788619995117,258
2181.9347529411316,259
2182.008605003357,258
2182.0466661453247,257
2182.1340930461884,4007
2182.356899023056,258
2182.358428001404,258
2182.358433008194,258
2182.35843706131,258
2182.4468398094177,257
2182.4504749774933,258
2182.4563930034637,258
2182.4570350646973,257
2182.5328850746155,528
2182.5374298095703,257
2182.559401988983,258
2182.5596809387207,258
2187.074338912964,41766
2187.120819091797,257
2187.124741077423,257
2187.1251559257507,258
2187.1268849372864,258
2187.262876033783,376
2187.3451459407806,11278
2187.4028539657593,257
2187.520581007004,2858
2187.6095888614655,1114
2187.6966099739075,2413
2187.7859959602356,2446
2187.8886058330536,621
2187.8909499645233,516
2188.047744989395,637
2188.04798412323,633
2188.167541027069,622
2188.1691179275513,1552
2188.2782740592957,2030
2188.2790610790253,524
2188.430218935013,1288
2188.4303710460663,1541
2188.540678024292,828
2188.5406818389893,577
2188.648405790329,574
2188.64865398407,1115
2188.75758600235,745
2188.759954929352,1643
2188.8672227859497,1481
2188.8672280311584,829
2188.9788839817047,1753
2188.9793977737427,1022
2189.0886240005493,2685
2189.088928937912,1641
2195.113888978958,2081
2195.1138939857483,26553
2195.3304619789124,20171
2195.5361728668213,2689
2195.673352956772,70828
2195.995999097824,175149
2196.5587968826294,2395
2196.561007976532,5111
2196.687689781189,1688
2196.778112888336,8395
2196.9093198776245,1694
2197.0008919239044,1300
2197.0012431144714,1299
2197.0874547958374,2160
2197.088945865631,2246
2197.199437856674,1895
2197.199874162674,2050
2197.28550696373,2003
2197.287285089493,2297
2197.3941118717194,2201
2197.395900964737,499
2197.4985568523407,955
2197.498664855957,2030
2197.6085798740387,562
2197.608584880829,514
2197.7186419963837,2281
2197.718645811081,2586
2197.8275349140167,1828
2197.8287467956543,495
2201.433206796646,257
2201.437780857086,258
2201.4404129981995,257
2201.4457590579987,257
2201.804422855377,257
2201.820426940918,258
2201.824543952942,258
2201.982836008072,258
2201.9872720241547,258
2201.9971718788147,259
2202.006732940674,259
2202.0985260009766,259
2202.105062007904,259
2202.1160850524902,258
2202.1287500858307,2281
2202.207011938095,2570
2202.2156839370728,1764
2202.5375690460205,257
2202.5411059856415,258
2202.5461740493774,259
2202.5981509685516,257
2202.6453318595886,258
2202.655086994171,258
2202.6595718860626,257
2202.7074558734894,257
2202.759511947632,258
2202.7656331062317,257
2202.773781776428,257
2202.8201727867126,257
2202.872302055359,257
2202.875527858734,258
2202.8892030715942,258
2202.9421718120575,258
2202.993145942688,258
2202.996554851532,257
2203.0112960338593,258
2203.056471824646,258
2203.1095740795135,257
2203.112874984741,258
2203.1220469474792,257
2203.166836977005,258
2203.234960079193,1604
2203.2402470111847,257
2203.245682954788,257
2203.2745819091797,258
2203.3619878292084,258
2203.3648138046265,258
2203.3874940872192,257
2203.3906729221344,258
2203.4765968322754,1600
2203.4804251194,1303
2203.522777080536,2184
2203.5278499126434,1021
2203.6932139396667,259
2203.697334051132,257
2215.7023260593414,6695
2215.7067058086395,643
2215.710583925247,3401
2225.0213129520416,26552
2225.032691001892,2082
2225.1550798416138,70827
2225.1600477695465,175150
2225.1659741401672,5110
2225.205801963806,1688
2225.212161064148,8394
2225.2193188667297,1694
2225.278580904007,20171
2225.329221010208,2689
2225.9291360378265,2394
2235.7710280418396,2041
2235.7722878456116,26512
2235.7729921340942,113940
2235.7739169597626,5075
2235.7745020389557,1979
2235.7748608589172,87624
2235.8596620559692,2648
2235.8607728481293,1607
2236.0250940322876,20171
2236.571100950241,127737
2237.0270059108734,70788
2237.355716943741,175110
2237.9775309562683,2354
2237.980724096298,8114
2238.1325068473816,5070
2238.259796857834,1647
2238.3472118377686,1763
2238.4349670410156,2373
2238.523162841797,8354
2238.6537449359894,1653
2238.8157279491425,5965
2238.8225948810577,1468
2238.8240129947662,1260
2238.8256978988647,1259
2238.827756881714,2206
2238.8277609348297,2119
2238.907655954361,456
2238.9077649116516,474
2238.9100029468536,1238
2238.9119148254395,992
2238.9263808727264,2010
2238.9275069236755,1855
2239.058079957962,1962
2239.058891057968,2257
2239.059534072876,2161
2239.0611979961395,459
2239.0614759922028,1653
2239.0617768764496,2126
2239.1986129283905,2123
2239.1994898319244,1743
2239.199553966522,1828
2239.201639890671,2167
2239.2782011032104,1920
2239.2785568237305,1870
2239.346210002899,1971
2239.3462147712708,2767
2239.3474299907684,1990
2239.451381921768,2711
2239.4513869285583,2046
2239.452708005905,3730
2239.4532680511475,4001
2239.4549770355225,1003
2239.5607409477234,473
2239.5607450008392,473
2239.5625369548798,474
2239.6690130233765,522
2239.6702539920807,473
2239.6716179847717,534
2239.6722910404205,518
2239.672959089279,2242
2239.673495054245,2545
2239.759316921234,1827
2239.760484933853,916
2239.7625188827515,564
2239.904814004898,455
2242.8205919265747,87584
2242.8219380378723,84279
2243.43714594841,9261
2243.7067618370056,6103
2243.8657660484314,1439
2244.016042947769,1648
2244.127990961075,8355
2244.2906789779663,8113
2244.4204618930817,1172
2244.5068638324738,3401
2244.6352849006653,1658
2244.72442984581,1308
2244.8105850219727,1653
2244.9003899097443,19593
2245.6908299922943,2241
2245.6937968730927,2545
2305.3826580047607,258
2305.3836829662323,258
2305.3840448856354,257
2305.3843569755554,375
2305.589318037033,259
2305.5938999652863,258
2305.7163968086243,258
2305.83239197731,258
2305.923087835312,259
2306.00954914093,259
2306.113081932068,259
2306.2015388011932,259
2306.2900700569153,259
2306.3786149024963,258
2306.4653639793396,259
2306.79731798172,259
2306.8143830299377,258
2306.81520485878,257
2306.8153898715973,257
2306.884299993515,258
2306.903887987137,257
2306.907993078232,257
2306.9089069366455,258
2306.970628976822,257
2307.000911951065,258
2307.005985021591,258
2307.0097789764404,258
2307.05708694458,258
2307.0863950252533,259
2307.093236923218,258
2307.096503973007,258
2307.14408493042,258
2307.172950029373,257
2307.18093085289,258
2307.1848249435425,258
2307.2313289642334,257
2307.2581548690796,258
2307.2669298648834,258
2307.271730899811,258
2307.320200920105,257
2307.349105834961,258
2307.3547718524933,258
2307.3817558288574,257
2307.4082968235016,257
2307.439862012863,257
2307.440845966339,257
2307.4726638793945,258
2307.5212841033936,257
2307.533100128174,259
2307.5363080501556,257
2338.0001628398895,257
2338.0065648555756,258
2338.0110449790955,258
2338.013258934021,257
2338.228024959564,258
2338.261594057083,257
2338.2688958644867,217
2338.2730689048767,259
2338.3542790412903,258
2338.3604159355164,258
2338.3901028633118,257
2338.450006008148,258
2338.537717103958,258
2338.624549150467,258
2338.717619895935,259
2338.803766965866,258
2338.8899149894714,258
2338.9783589839935,258
2339.0653018951416,259
2339.488681793213,258
2339.518978834152,257
2339.518984079361,258
2339.5201568603516,257
2339.5768978595734,257
2339.625953912735,257
2339.6357090473175,257
2339.638850927353,257
2339.663456916809,257
2339.7132289409637,257
2339.737203836441,258
2339.7372879981995,217
2339.752970933914,258
2339.8008921146393,258
2339.8265068531036,257
2339.827059984207,257
2339.8414878845215,257
2339.887231826782,257
2339.9133911132812,257
2339.9177689552307,257
2339.928727865219,258
2339.976014852524,257
2340.001126050949,258
2340.0097510814667,259
2340.015198945999,257
2340.062649011612,258
2340.0871148109436,258
2340.098995923996,257
2340.103304862976,257
2340.1488888263702,258
2340.1724870204926,258
2340.187213897705,257
2340.191785097122,258
2340.235030889511,258
2340.258280992508,257
2340.274351119995,258
2340.280750989914,258
2340.3207910060883,257
2349.5918459892273,2041
2349.5932669639587,113939
2349.593579053879,5075
2349.5939700603485,26513
2349.5948910713196,1979
2349.595530986786,87585
2349.6867208480835,1607
2349.686747789383,2648
2349.8113939762115,20132
2350.255874156952,127737
2350.693881750107,70788
2351.0123178958893,175109
2351.5483379364014,2354
2351.5490899086,8113
2351.6816160678864,5070
2351.812103033066,1648
2351.9069647789,1763
2351.9963660240173,2373
2352.0865049362183,8355
2352.218360900879,1654
2352.3093490600586,5966
2352.3129439353943,1259
2352.3133029937744,1468
2352.313982963562,1259
2352.315943002701,2207
2352.3159477710724,2119
2352.4154019355774,2009
2352.418091058731,1856
2352.4181530475616,1962
2352.421418905258,2161
2352.421716928482,2258
2352.4436519145966,459
2352.574761867523,3219
2352.574874162674,1858
2352.5778670310974,5675
2352.5783309936523,1989
2352.580143928528,7741
2352.580279827118,3102
2352.757921934128,1002
2352.761195898056,474
2352.7644670009613,457
2352.7677807807922,1238
2352.7774679660797,992
2352.7874369621277,473
2352.853231906891,474
2352.8568439483643,473
2352.9118750095367,522
2352.916526079178,474
2352.9185090065002,517
2352.9636058807373,2241
2352.9647128582,2545
2353.0125629901886,1788
2353.0129618644714,916
2353.0142397880554,563
2355.907786846161,535
2356.0082569122314,455
2359.8173038959503,87585
2359.8191788196564,84279
2360.3400349617004,9260
2360.507588863373,6103
2360.6436128616333,1440
2360.7388339042664,1648
2360.8288547992706,8354
2360.973625898361,8114
2361.1116189956665,1173
2361.204978942871,3400
2361.343197822571,1658
2361.4402318000793,1308
2361.5414118766785,1653
2361.6429209709167,19594
2361.8658599853516,2242
2361.8773939609528,2545
2374.634460926056,298
2374.6356630325317,298
2374.635668039322,258
2374.636780977249,298
2374.776093006134,298
2374.790307998657,299
2374.8233931064606,298
2374.8255989551544,299
2374.862158060074,299
2374.9036548137665,299
2374.9140288829803,298
2375.0009729862213,299
2375.0879950523376,299
2375.18084692955,299
2375.271735906601,299
2375.3579359054565,298
2375.4422788619995,299
2375.5272557735443,298
2375.6126840114594,299
2375.7714331150055,299
2375.772933959961,299
2375.773008108139,298
2375.774335861206,297
2375.8562018871307,297
2375.865634918213,298
2375.865639925003,298
2375.866905927658,297
2375.9412009716034,297
2375.9643959999084,299
2375.964637041092,297
2375.965716123581,298
2376.0270590782166,298
2376.050220012665,298
2376.0564680099487,298
2376.056872844696,297
2376.111726999283,298
2376.135766983032,299
2376.1442580223083,297
2376.1453030109406,298
2376.1975288391113,299
2376.2213609218597,297
2376.230938911438,299
2376.233192920685,298
2376.2872500419617,297
2376.3073477745056,298
2376.317234992981,298
2376.318484067917,298
2376.3716909885406,298
2376.392652988434,299
2376.4032969474792,297
2376.4035317897797,299
2376.456802845001,299
2376.478933095932,298
2376.487660884857,298
2399.6495559215546,1990
2419.016613006592,257
2419.0231490135193,87585
2419.0236949920654,84279
2419.024710893631,9261
2419.165219068527,6104
2419.1987040042877,1439
2419.2855269908905,1647
2419.291538000107,8355
2419.371736049652,8114
2419.5345549583435,1172
2419.53768992424,3400
2419.542688846588,1658
2419.5598011016846,1307
2419.626142024994,1654
2419.630028963089,19594
2419.879385948181,2281
2419.8795068264008,259
2419.8803029060364,258
2419.8810708522797,2545
2419.978330850601,1029
2419.9804990291595,257
2419.985976934433,257
2419.9868948459625,258
2420.0670959949493,257
2420.0751659870148,258
2420.601266145706,297
2420.602735042572,415
2420.603189945221,298
2420.603931903839,415
2420.703640937805,299
2420.7219808101654,297
2420.819254875183,298
2420.8208520412445,297
2420.906243085861,298
2420.990275144577,298
2421.0859467983246,298
2421.226769924164,298
2421.227793931961,297
2421.2280509471893,298
2421.228982925415,298
2421.3144760131836,297
2421.317351102829,298
2421.3183269500732,298
2421.3183331489563,298
2421.400871992111,298
2421.401620864868,298
2421.409197807312,297
2421.4135241508484,297
2421.4885430336,298
2421.4918229579926,298
2421.496137857437,298
2421.498862028122,299
2421.573916912079,1293
2421.5766699314117,299
2428.851325035095,298
2428.8523499965668,298
2428.852947950363,415
2428.8544759750366,415
2428.960902929306,299
2428.9688198566437,298
2429.074553012848,297
2429.074558019638,299
2429.161554813385,298
2429.2464299201965,298
2429.334790945053,298
2429.4769670963287,298
2429.4776010513306,298
2429.4782240390778,297
2429.479471921921,297
2429.565892934799,297
2429.567664861679,298
2429.569892883301,297
2429.5703830718994,298
2429.651904821396,297
2429.652149915695,298
2429.654045820236,297
2429.6626501083374,298
2429.7415449619293,298
2429.7494099140167,297
2429.7495579719543,299
2429.750079870224,299
2429.828178882599,298
2429.833443880081,298
2436.3669080734253,2142
2436.380062818527,1924
2436.4110770225525,2881
2436.4429619312286,1908
2436.443013906479,2823
2436.4577050209045,1871
2436.5647099018097,2324
2436.5857429504395,2238
2436.589126110077,2348
2436.697685956955,2382
2436.6994569301605,5674
2436.700961828232,4526
2436.7019169330597,4350
2436.7019968032837,5187
2438.772130012512,415
2438.7743048667908,415
2438.776218891144,297
2438.7762219905853,298
2438.91686296463,297
2438.9313349723816,299
2438.963042974472,298
2438.9649069309235,298
2439.00226187706,299
2439.0480618476868,298
2439.0493590831757,298
2439.1443548202515,298
2439.2308180332184,298
2439.315999031067,299
2439.406790971756,299
2439.49347281456,298
2439.5781619548798,298
2439.662777900696,298
2439.7482149600983,416
2439.8976509571075,299
2439.8997259140015,298
2439.9005329608917,298
2439.901983976364,298
2439.9854259490967,297
2439.9877440929413,298
2439.9880039691925,297
2439.9941289424896,297
2440.069895029068,297
2440.076789855957,297
2440.0769979953766,298
2440.089789867401,298
2440.1576368808746,298
2440.163209915161,297
2440.1651458740234,297
2440.175556898117,297
2440.241199016571,297
2440.249517917633,298
2440.2511019706726,297
2440.2616770267487,298
2440.3299260139465,299
2440.3382148742676,299
2440.3399369716644,298
2440.3465209007263,298
2440.4156579971313,297
2440.425472021103,298
2440.4260568618774,297
2440.4297919273376,299
2440.500200033188,298
2440.510277032852,298
2440.5118510723114,299
2440.5139350891113,297
2451.3263449668884,297
2451.3266208171844,298
2451.328050136566,298
2451.329652070999,298
2451.4705119132996,297
2451.4900538921356,299
2451.510146856308,298
2451.5167989730835,299
2451.55535197258,298
2451.6065089702606,298
2451.606642961502,298
2451.7024581432343,299
2451.788396835327,299
2451.8745889663696,298
2451.9647948741913,299
2452.0507020950317,298
2452.1358649730682,299
2452.221004009247,298
2452.3065600395203,299
2452.443853855133,218
2452.4446098804474,217
2452.445953845978,218
2452.4461019039154,218
2452.7811539173126,80
2452.7853910923004,80
2452.7900948524475,297
2452.791088819504,80
2452.7929899692535,298
2452.799964904785,80
2452.800896883011,297
2452.808585882187,297
2452.8752341270447,299
2452.879177093506,298
2452.8860969543457,298
2452.8930139541626,297
2452.9608240127563,297
2452.9647929668427,297
2452.971167087555,297
2452.9764108657837,297
2457.117604970932,415
2457.1189589500427,297
2457.1191370487213,297
2457.1202249526978,298
2457.260155916214,297
2457.273372888565,299
2457.2993729114532,297
2457.3067469596863,298
2457.3459849357605,299
2457.390068054199,299
2457.3907058238983,297
2457.4890899658203,299
2457.5758340358734,299
2457.6612751483917,299
2457.7523510456085,299
2457.8389949798584,298
2457.9240629673004,298
2458.008940935135,299
2458.0952520370483,299
2458.2339079380035,299
2458.2347638607025,297
2458.2363629341125,297
2458.23700094223,298
2458.322511911392,298
2458.32741189003,297
2458.328274011612,297
2458.3346898555756,297
2458.4077661037445,297
2458.413836956024,298
2458.4151809215546,298
2458.4237039089203,298
2458.494563817978,299
2458.4995589256287,297
2458.502419948578,297
2458.5097138881683,297
2458.579293012619,298
2458.58656001091,298
2458.5882318019867,297
2458.5961558818817,297
2458.6652920246124,298
2458.6717109680176,297
2458.6740579605103,298
2458.681514978409,297
2458.751904964447,298
2458.7578020095825,297
2458.7593269348145,297
2458.764894962311,297
2464.29950094223,298
2464.3000099658966,298
2464.3018128871918,415
2464.3020799160004,298
2464.4528567790985,297
2464.4580788612366,298
2464.540596008301,298
2464.5791068077087,299
2464.58153796196,299
2464.5839059352875,298
2464.629588842392,2043
2464.6641759872437,1747
2464.6748378276825,299
2464.675071954727,1688
2464.7505009174347,299
2464.7608489990234,299
2464.7888040542603,299
2464.789067029953,299
2464.836624145508,298
2464.8507170677185,299
2464.875654935837,416
2464.8786199092865,417
2465.2661628723145,1908
2465.3828599452972,2034
2465.3969099521637,2187
2465.3980870246887,299
2465.4105808734894,1941
2465.4834139347076,1945
2465.55574798584,2641
2465.562838792801,1944
2465.5645458698273,2008
2465.6231298446655,1939
2465.701068878174,2535
2465.709265947342,2621
2465.7411410808563,1862
2465.7803888320923,2405
2465.8213679790497,2716
2465.8279840946198,2598
2465.8592398166656,2188
2465.981920003891,2109
2465.982409954071,1685
2465.9838490486145,1850
2465.9844410419464,1812
2466.1140949726105,297
2466.118243932724,298
2466.118248939514,298
2466.118404865265,299
2466.1991760730743,298
2466.217325925827,298
2466.217696905136,297
2466.2186529636383,297
2466.283977985382,297
2466.305755853653,298
2466.3128690719604,298
2466.313138961792,298
2466.3693799972534,298
2466.395120859146,298
2466.3971269130707,297
2466.4019689559937,298
2466.459295988083,297
2466.4795229434967,297
2466.4830911159515,298
2466.4893670082092,297
2466.5434317588806,298
2466.5648448467255,297
2466.569881916046,298
2466.5747349262238,298
2466.6285440921783,297
2466.6510169506073,299
2466.6559689044952,297
2466.6614818573,298
2466.7141778469086,297
2466.7373189926147,298
2466.739567041397,299
2466.7446579933167,298
2466.798666000366,298
2466.8207409381866,298
2466.823450088501,297
2466.828379869461,298
2466.8845789432526,298
2466.904844045639,298
2500.551779985428,584
2500.5530688762665,620
2500.5540478229523,514
2562.3714990615845,26512
2563.240756750107,2041
2563.5587000846863,113939
2563.994875907898,5075
2564.7349240779877,1979
2565.3012368679047,87624
2565.423843860626,16647
2566.463408946991,20131
2567.7346119880676,2648
2569.8800690174103,127776
2572.005101919174,70787
2573.9165058135986,175109
2576.2936840057373,2346
2576.32049202919,8113
2577.248238801956,5070
2577.9802911281586,1647
2578.51903796196,1763
2579.0744228363037,2373
2579.7900388240814,8354
2580.744178056717,1653
2581.2755489349365,474
2581.2923591136932,456
2581.8733727931976,1238
2582.438722848892,991
2582.493835926056,5965
2582.92502784729,1467
2583.1898419857025,1259
2583.555688858032,1259
2583.7127389907837,2119
2584.0917348861694,2206
2584.634649991989,2009
2585.1786189079285,1855
2585.349597930908,1962
2585.7965841293335,2257
2585.899589776993,2160
2586.3161990642548,459
2586.4281628131866,1989
2586.9166378974915,5673
2586.922683954239,1002
2587.4293208122253,473
2587.6247940063477,517
2588.0643339157104,915
2588.2782118320465,473
2588.653956890106,473
2588.868729829788,473
2589.2763109207153,522
2589.511785030365,534
2589.8867058753967,2241
2590.1468000411987,2545
2590.46918797493,1787
2590.696501016617,563
2591.1496500968933,454
2601.552904844284,87624
2602.6119208335876,84278
2604.49666595459,9260
2605.748980998993,6103
2606.4956028461456,1439
2607.348214864731,1647
2607.8857958316803,8354
2608.822285890579,8113
2609.7790200710297,1172
2610.511703014374,3400
2611.073171854019,1658
2611.6096539497375,1307
2612.2676317691803,1653
2612.8359858989716,19594
2614.689723968506,2585
2614.7016830444336,2242
2627.5094969272614,2762
2627.5282509326935,2257
2627.5396671295166,2321
2627.5405898094177,2036
2627.7230610847473,1789
2627.739732980728,1840
2627.765794992447,2001
2627.765799999237,2272
2627.9431581497192,1765
2627.943459033966,1491
2699.374992132187,258
2699.38609790802,258
2699.389818906784,258
2699.3953788280487,257
2699.5792379379272,259
2700.009481906891,258
2702.565500020981,259
2702.718173980713,259
2702.9183638095856,259
2703.399488925934,259
2703.427901983261,258
2703.4306819438934,258
2703.4346549510956,257
2703.81333899498,258
2703.817902803421,257
2703.822639942169,258
2703.8274919986725,258
2703.9663360118866,257
2704.0036709308624,258
2704.013326883316,258
2704.016278028488,258
2704.1321568489075,258
2704.150964975357,257
2704.1817710399628,258
2733.0999500751495,298
2733.101676940918,297
2733.1085538864136,298
2733.1124198436737,297
2733.331974029541,298
2733.542205810547,41726
2733.951714992523,299
2733.9531450271606,298
2733.957962989807,299
2733.961303949356,298
2734.3304669857025,299
2734.3698048591614,299
2734.375564813614,298
2734.404317140579,299
2735.596088886261,298
2735.615958929062,298
2735.6254348754883,298
2735.831316947937,299
2735.984133005142,299
2735.994516134262,574
2735.997262954712,572
2736.0030279159546,574
2736.382777929306,297
2736.405814886093,298
2736.415442943573,298
2736.4558210372925,298
2736.547117948532,298
2736.5610358715057,298
2736.5649030208588,297
2736.6369240283966,297
2736.801992893219,298
2736.8063788414,297
2736.816883087158,299
2736.881791114807,297
2737.087767124176,298
2737.092656850815,297
2737.127137899399,297
2737.1315038204193,297
2737.2320539951324,297
2737.237011909485,299
2737.264568090439,297
2737.293613910675,298
2737.3802490234375,299
2737.4214539527893,298
2737.4257769584656,299
2737.429249048233,297
2737.501156806946,298
2737.5656180381775,297
2737.596455812454,298
2737.661076068878,298
2737.6914160251617,297
2737.7312109470367,298
2737.7592039108276,297
2823.7198848724365,257
2823.7235839366913,375
2823.7489478588104,257
2823.752963781357,258
2828.429463863373,257
2828.5192449092865,257
2828.539538860321,259
2828.5520317554474,258
2828.623703956604,258
2829.001737833023,258
2829.0070250034332,258
2829.051796913147,258
2829.0733540058136,258
2829.3765637874603,258
2829.381178855896,257
2829.7180387973785,258
2829.7218289375305,257
2829.72687292099,257
2829.7308270931244,258
2829.861711025238,258
2829.885228872299,257
2829.901431798935,257
2829.904944896698,257
2830.00027179718,257
2830.004774093628,257
2838.644320011139,257
2838.6503388881683,257
2838.6525208950043,257
2838.658149957657,257
2838.8774700164795,258
2838.882546901703,257
2838.9021759033203,257
2838.902580976486,258
2838.9983468055725,258
2838.999180793762,258
2838.9996559619904,257
2839.0921330451965,258
2839.1780128479004,258
2839.271087884903,259
2839.3586189746857,258
2839.4456989765167,258
2839.534859895706,258
2839.622078895569,258
2839.8394660949707,258
2839.8509709835052,257
2839.8510949611664,258
2839.8518300056458,257
2839.925712823868,257
2839.9425909519196,257
2839.9437029361725,258
2839.947655916214,217
2840.0125370025635,257
2840.0381331443787,257
2840.039577960968,258
2840.040586948395,257
2840.1005458831787,258
2840.126587867737,258
2840.1358439922333,257
2840.1370298862457,258
2840.1871020793915,257
2840.218113899231,257
2840.240468978882,257
2840.2405428886414,258
2840.2811369895935,257
2840.310555934906,257
2860.781100988388,26512
2860.7846200466156,1979
2860.7901380062103,87585
2860.7921278476715,113979
2860.794121026993,2041
2860.7996888160706,5075
2860.896731853485,127776
2860.9046020507812,70787
2860.9093101024628,2648
2860.9445009231567,175109
2860.954169034958,8113
2861.010283946991,20171
2861.015568971634,5070
2861.0312819480896,1646
2861.495374917984,2355
2861.6181831359863,1647
2861.7266969680786,1763
2861.840589761734,2373
2861.959746837616,8354
2862.115049123764,1653
2862.2357358932495,5965
2862.235855817795,1259
2862.237979888916,1467
2862.2386548519135,2206
2862.240355014801,1259
2862.2467510700226,2119
2862.350615978241,1855
2862.3554549217224,2009
2862.402688026428,1962
2862.407117128372,2257
2862.410059928894,2160
2862.4142549037933,459
2862.4756557941437,2246
2862.47891497612,1989
2862.5548717975616,474
2862.5550010204315,4541
2862.559422969818,1002
2862.5596318244934,456
2862.628921985626,1238
2862.6323330402374,991
2862.7037348747253,473
2862.704155921936,473
2862.7082228660583,473
2862.7752590179443,473
2862.775510072708,522
2862.7790038585663,534
2862.8502979278564,517
2862.8572499752045,2241
2862.8587968349457,2545
2862.8803009986877,1787
2862.884710073471,915
2862.932662963867,563
2863.078758955002,454
2868.262004852295,26512
2868.4771180152893,20131
2868.703621864319,2041
2868.796103000641,2648
2868.895835876465,113979
2869.296890974045,5075
2869.4287569522858,1979
2869.522927045822,87584
2870.122216939926,127737
2870.5852930545807,70787
2870.9214568138123,175109
2871.4678649902344,2354
2871.468474149704,8114
2871.60218501091,5070
2871.7399768829346,1647
2871.8347120285034,1763
2871.927545070648,2374
2872.021521806717,8354
2872.1656198501587,1653
2872.259701013565,5965
2872.2618680000305,1467
2872.3826920986176,1259
2872.4154448509216,1259
2872.476336956024,2119
2872.550171852112,2206
2872.6250500679016,2009
2872.7015268802643,1855
2872.7778718471527,1962
2872.855082988739,2161
2872.927150964737,459
2873.00373506546,1989
2873.077560901642,1002
2873.153856754303,2257
2873.230486869812,474
2873.306977033615,456
2873.3172760009766,454
2873.4564831256866,1238
2873.4582118988037,991
2873.607694864273,473
2873.608742952347,473
2873.7595298290253,473
2873.759535074234,522
2873.9077529907227,473
2873.909877061844,534
2874.0099120140076,517
2874.0099170207977,2241
2874.1405580043793,2545
2874.1410830020905,1787
2874.289149045944,915
2874.291645050049,563
2875.613179922104,84278
2875.6172049045563,1439
2875.6264719963074,1647
2875.6281728744507,6103
2875.6298208236694,87584
2875.6298608779907,9260
2875.724254846573,8354
2875.732134103775,8113
2875.7769520282745,1172
2875.8183829784393,3400
2875.8758080005646,1658
2875.8813440799713,1307
2876.028790950775,1653
2876.1460978984833,19593
2876.374986886978,2281
2876.375417947769,2545
2879.864567041397,87584
2880.231069087982,84318
2880.603563785553,9260
2880.773768901825,6103
2881.1118290424347,1439
2881.2099080085754,1648
2881.305797815323,8355
2881.446385860443,8113
2881.9850330352783,1172
2882.08362698555,3401
2882.2145819664,1658
2882.303642988205,1307
2882.4004778862,1653
2882.489403963089,19593
2882.7172977924347,2241
2882.7184500694275,2545
2959.3056540489197,258
2959.3056581020355,258
2959.306211948395,258
2959.3062789440155,258
2959.4017100334167,258
2959.6074969768524,259
2959.705801963806,259
2959.7964057922363,259
2959.8941440582275,258
2960.4977679252625,259
2960.498412847519,257
2960.4984171390533,257
2960.4986968040466,258
2961.041615962982,258
2961.0421619415283,257
2961.0464420318604,257
2961.053570985794,257
2961.129729986191,259
2961.156764984131,258
2961.1598439216614,258
2961.1609790325165,258
2961.215978860855,258
2961.2459490299225,259
2961.2567529678345,258
2961.257518053055,258
2961.30299782753,257
2961.332293987274,257
2961.347093105316,258
2961.3487491607666,259
2961.3887419700623,258
2961.4222888946533,259
2972.487727880478,375
2972.488038778305,258
2972.4889619350433,257
2972.492052078247,258
2972.7083728313446,258
2972.720904827118,258
2972.7559559345245,258
2972.7559609413147,259
2972.82470202446,258
2972.8251509666443,258
2972.843565940857,258
2972.8688130378723,259
2972.9210340976715,259
2972.9221630096436,258
2972.9312360286713,258
2972.9581038951874,258
2973.009460926056,259
2973.0218210220337,259
2973.0229840278625,259
2973.3422038555145,259
2973.361237049103,258
2973.3612411022186,258
2973.36194896698,257
2973.4295818805695,258
2973.4555580615997,257
2973.4555628299713,258
2973.458641052246,258
2973.5152459144592,257
2973.548038005829,257
2973.548880815506,257
2973.5761189460754,258
2973.602458000183,258
2973.635852098465,257
2973.6410019397736,257
2973.6652109622955,257
2973.688713788986,258
2973.7248089313507,258
2973.7291519641876,257
2973.754247903824,257
2973.775526046753,258
2973.8119468688965,257
2973.8168330192566,258
2973.840644836426,257
2973.86194396019,257
2973.8992218971252,258
2973.902846813202,258
2973.926554918289,258
2973.948359966278,259
2973.985795021057,257
2973.9897890090942,259
2974.0126118659973,258
3032.833681821823,375
3032.8336868286133,257
3032.833755970001,257
3032.83522605896,375
3033.078129053116,258
3033.2524831295013,258
3033.3504779338837,258
3033.4551298618317,258
3033.58998298645,258
3033.952339887619,217
3033.95730304718,257
3033.9626698493958,258
3033.9638969898224,259
3033.9642219543457,258
3033.965845823288,257
3034.035826921463,257
3034.042014837265,258
3034.0460278987885,257
3034.0492260456085,258
3034.04923081398,259
3034.0500180721283,257
3034.117800951004,257
3034.124934911728,258
3045.162150144577,258
3045.314744949341,259
3045.437712907791,258
3045.5362029075623,258
3045.631712913513,258
3045.716881752014,376
3045.837560892105,257
3045.8480179309845,259
3045.8489129543304,258
3045.855276107788,2006
3045.8558769226074,2015
3045.856236934662,1862
3045.920476913452,2131
3045.93106007576,2852
3045.931401014328,1959
3045.9662029743195,2784
3046.047789812088,1953
3046.048954963684,1909
3046.0557749271393,257
3046.056559085846,257
3046.0577940940857,257
3046.0777430534363,258
3046.13889503479,258
3046.1389620304108,257
3046.1406559944153,257
3046.154406785965,258
3046.160528898239,258
3046.209857940674,257
3046.2220029830933,258
3046.222389936447,257
3046.2234349250793,259
3046.2364580631256,258
3046.5675251483917,258
3069.9716079235077,258
3070.0219209194183,1998
3171.9526538848877,3405
3215.6114048957825,4186
3342.6012740135193,3361
3345.500459909439,6654
3345.500463962555,603
3357.515287876129,257
3357.5240638256073,257
3357.533124923706,257
3357.534679889679,257
3357.626459121704,257
3357.8387649059296,258
3357.84015583992,258
3358.1576528549194,258
3358.172567129135,257
3358.1883840560913,257
3358.196385860443,257
3358.2105090618134,257
3358.226263999939,258
3358.3351459503174,257
3358.3813469409943,257
3358.4012808799744,257
3359.443839788437,257
3359.453272819519,257
3359.4601209163666,258
3359.4679539203644,258
3359.4911510944366,258
3359.6116161346436,258
3359.617556810379,257
3366.359627008438,258
3366.3737869262695,258
3366.3905370235443,258
3366.5337388515472,257
3366.554733991623,257
3366.559154987335,257
3366.765459060669,257
3378.389788866043,113940
3378.391041994095,87585
3378.3912580013275,5075
3378.3916239738464,1979
3378.3922958374023,1606
3378.7848739624023,127776
3378.7893538475037,8113
3378.7902297973633,6388
3378.790333032608,1763
3378.790829896927,25830
3379.2758798599243,5965
3379.2820370197296,1467
3379.296411037445,1002
3379.2976129055023,475
3379.299780845642,456
3379.3017818927765,1238
3379.4250910282135,473
3379.425749063492,473
3379.42622590065,973
3379.42653298378,991
3379.427073955536,972
3379.4277579784393,1248
3379.5161888599396,517
3379.516268968582,563
3382.429676055908,258
3382.4571647644043,258
3382.457854986191,298
3382.4646968841553,298
3382.4718317985535,258
3382.478900909424,258
3382.735405921936,257
3382.7355868816376,257
3382.7432420253754,257
3382.7510719299316,257
3382.7958500385284,257
3382.8039038181305,257
3382.965891122818,258
3382.9739739894867,258
3382.9779329299927,258
3382.9972579479218,257
3383.060201883316,257
3383.074460029602,257
3383.231933116913,258
3383.234296798706,257
3383.2554318904877,218
3383.284614801407,217
3383.3764629364014,258
3383.377126932144,416
3383.4414660930634,2668
3383.5035331249237,2046
3383.5139260292053,2385
3383.5599789619446,258
3383.694347858429,571
3383.7087960243225,570
3383.7851898670197,571
3383.7928459644318,1482
3383.8364589214325,2079
3383.8376698493958,1680
3383.9299919605255,1452
3383.976599931717,1661
3384.045346021652,1021
3384.57932806015,298
3388.563987016678,668
3389.004817008972,486
3389.0061910152435,953
3390.303922891617,6654
3390.3042318820953,603
3390.3042368888855,3360
3396.2240970134735,618
3396.2241020202637,618
3410.160234928131,257
3410.1715700626373,258
3413.044503927231,258
3413.584972858429,257
3413.6876227855682,257
3414.134593963623,258
3414.2402029037476,258
3414.347247838974,258
3414.4351699352264,258
3414.52100110054,258
3414.8193819522858,258
3414.9033567905426,258
3414.9965341091156,258
3415.1202940940857,257
3415.245192050934,257
3415.246546983719,2184
3415.2466819286346,257
3415.2471799850464,257
3415.247463941574,257
3421.4264209270477,41765
3421.431062936783,2818
3421.432210922241,1074
3421.4333090782166,2373
3421.434152841568,2407
3421.692806959152,11238
3421.912964820862,1511
3421.9131491184235,1990
3421.913780927658,484
3421.915918111801,1659
3421.9179949760437,2891
3421.9184849262238,1986
3421.9961478710175,1712
3422.001195907593,2534
3422.0016090869904,2006
3422.0295898914337,1725
3422.104625940323,2065
3422.1046788692474,2563
3422.104684114456,2572
3422.1048629283905,1846
3422.1221239566803,1861
3422.1626999378204,1366
3422.2511038780212,2542
3422.2517960071564,2293
3422.2547500133514,2307
3422.255206823349,475
3422.255213022232,581
3422.3072888851166,592
3422.3504610061646,473
3422.353563785553,2644
3422.373200893402,596
3422.380270957947,581
3422.392138004303,1500
3422.392142057419,1248
3422.438766002655,536
3422.439388036728,534
3422.488790988922,1603
3422.4899990558624,1441
3422.49120593071,1021
3422.4919259548187,1600
3422.5463678836823,1075
3431.785516023636,1772
3431.8125298023224,1722
3431.833014011383,1902
3431.85262799263,1931
3431.8710029125214,1763
3431.891816139221,2608
3432.0659868717194,2643
3432.0831429958344,2308
3432.1857409477234,1652
3432.2058160305023,1672
3432.2249069213867,2040
3432.262433052063,1695
3432.2836940288544,1760
3432.3904118537903,2418
3432.4162089824677,1944
3432.4332637786865,2363
3432.4567680358887,2000
3432.4996819496155,1956
3432.515902042389,2181
3432.631271839142,1953
3432.6509749889374,1962
3432.671113014221,1877
3445.148244857788,257
3445.1779038906097,258
3445.2851350307465,257
3445.294126033783,257
3445.311229944229,257
3445.551043987274,258
3445.6710889339447,258
3453.1179599761963,704
3453.1636340618134,461
3453.1701459884644,609
3453.4689648151398,2644
3454.3579709529877,257
3454.5586149692535,259
3454.5645349025726,257
3454.572715997696,258
3454.5818638801575,259
3454.588942050934,258
3454.615266084671,258
3454.6783809661865,259
3454.69344997406,259
3454.7123260498047,259
3454.7277958393097,258
3455.4519469738007,259
3455.4922540187836,259
3455.5014040470123,258
3455.5131199359894,258
3455.5299410820007,257
3455.5302109718323,257
3455.5745289325714,257
3455.6366329193115,257
3455.6389660835266,257
3455.6410048007965,258
3455.6632969379425,257
3455.677911043167,258
3455.6963329315186,257
3455.75759601593,258
3455.772289991379,257
3455.779606819153,257
3455.8188619613647,257
3455.8432171344757,258
3455.857726097107,258
3455.920553922653,258
3455.9791259765625,258
3455.980661869049,257
3455.994705915451,257
3456.09202003479,257
3456.1332499980927,257
3456.1538310050964,258
3456.1812319755554,258
3456.1886069774628,258
3456.2085180282593,257
3456.273988008499,377
3456.2924160957336,258
3469.3940739631653,26512
3469.395674943924,2042
3469.457922935486,70788
3469.4582788944244,8114
3469.458549976349,175149
3469.4602530002594,5071
3469.479593038559,2649
3469.6088349819183,20132
3469.9947209358215,2355
3470.091826915741,1648
3470.181715965271,8355
3470.3095741271973,1654
3470.4028067588806,1260
3470.4029490947723,1260
3470.4044580459595,2120
3470.404462814331,2207
3470.4060430526733,2010
3470.4060468673706,1856
3470.515529870987,2257
3470.5170929431915,460
3470.5177330970764,1963
3470.5182740688324,1990
3470.5182778835297,474
3470.5185689926147,2161
3470.6126618385315,2242
3470.6132600307465,1788
3470.613867998123,523
3470.616935968399,916
3470.717555999756,455
3486.061889886856,2645
3486.2965359687805,259
3486.3071188926697,259
3486.3136510849,259
3486.3277580738068,259
3486.334354877472,299
3486.3367068767548,259
3486.4137098789215,259
3486.5526390075684,258
3486.598466157913,258
3486.6054251194,259
3486.6068539619446,258
3486.6195249557495,258
3486.6778349876404,259
3486.677839756012,258
3486.7434170246124,258
3486.757951974869,259
3486.773722887039,258
3486.7798869609833,259
3486.869101047516,572
3486.883399963379,417
3486.897383928299,572
3486.9178240299225,572
3486.931280851364,571
3486.9453999996185,572
3487.0276057720184,572
3487.0279660224915,570
3487.039622783661,572
3487.0833649635315,572
3487.091958999634,572
3487.117649078369,571
3487.195025920868,258
3487.2012588977814,258
3487.2245659828186,259
3487.2402148246765,259
3487.2521879673004,258
3487.2756581306458,259
3487.3765518665314,259
3487.383260011673,259
3487.7614629268646,299
3499.5083718299866,604
3499.508493900299,3361
3499.511955022812,6654
3501.5864589214325,26513
3501.5878648757935,2041
3501.655378818512,70788
3501.6553840637207,175110
3501.6561000347137,8113
3501.6769959926605,2648
3501.7979798316956,20132
3502.1957020759583,2354
3502.2875368595123,5071
3502.4123318195343,1648
3502.498449087143,1764
3502.5836889743805,2374
3502.6700999736786,8355
3502.800602912903,1654
3512.7951760292053,41765
3512.795680999756,11239
3512.7962210178375,25829
3512.797366142273,2819
3512.7976899147034,6388
3512.79923081398,1075
3512.8873839378357,2406
3513.567004919052,2645
3561.614851951599,2079
3561.6232249736786,3952
3626.3436620235443,580
3626.5795278549194,2602
3635.5054709911346,2545
3653.3607411384583,84278
3653.3610968589783,87584
3653.374986886978,9260
3653.397838830948,6103
3653.4142298698425,1439
3653.432989835739,1647
3653.5557420253754,8394
3653.5780091285706,8113
3653.593169927597,1172
3653.6176669597626,3400
3653.73127412796,1658
3653.7774720191956,1307
3653.9844059944153,1653
3654.14705991745,19593
3654.8093218803406,2241
3654.8302969932556,2545
3671.4112889766693,1597
3671.4331500530243,1597
3671.4500119686127,1938
3671.467227935791,1526
3697.322592973709,5075
3697.3260118961334,87624
3697.3261439800262,113939
3697.3264260292053,2041
3697.33048081398,1979
3697.3305809497833,26512
3697.436609983444,2648
3697.549541950226,20131
3698.213446855545,8113
3698.216181755066,70787
3698.217036008835,5070
3698.2179350852966,127736
3698.2193620204926,1647
3698.220606803894,175109
3698.3421020507812,1763
3698.37175989151,2373
3698.374356985092,8354
3698.434242963791,1653
3698.4728729724884,1467
3698.512953042984,1259
3698.525822877884,1259
3698.525827884674,1989
3698.5652129650116,1002
3698.854010105133,655
3698.855388879776,456
3698.855392932892,2354
3698.8556549549103,991
3698.856339931488,474
3698.8597300052643,1238
3698.9504458904266,5965
3699.0622091293335,473
3699.062455892563,473
3699.0629467964172,473
3699.063034057617,473
3699.064043045044,522
3699.145226955414,534
3699.258262872696,517
3699.259864807129,2119
3699.2607469558716,1355
3699.261260032654,1318
3699.262720823288,2241
3699.2627251148224,2545
3699.3839099407196,2207
3699.3844261169434,1895
3699.3845529556274,2049
3699.386174917221,2297
3699.3862161636353,1962
3699.3870000839233,2160
3699.505355834961,459
3699.507451057434,1787
3699.5074949264526,564
3699.507863998413,531
3699.5091898441315,915
3703.4681079387665,84318
3703.468253850937,1439
3703.4695019721985,257
3703.4699940681458,87624
3703.469997882843,6103
3703.4709317684174,9260
3703.605558156967,8354
3703.6059091091156,8113
3703.606409072876,1647
3703.6404139995575,1172
3703.695345878601,3400
3703.729583978653,1658
3703.7361209392548,1653
3703.7362411022186,1307
3703.797555923462,19593
3704.0125229358673,2545
3704.013724088669,1029
3704.0143780708313,257
3704.0167920589447,2241
3704.0167968273163,258
3704.016844034195,258
3704.1169979572296,257
3704.147140979767,257
3704.1480479240417,595
3704.148721933365,257
3778.5542030334473,258
3778.5542080402374,258
3778.5546708106995,257
3778.555470943451,257
3778.648931980133,258
3778.824296951294,259
3778.8456270694733,258
3778.9216878414154,259
3779.009989976883,259
3779.1066999435425,259
3779.716826915741,258
3779.717978954315,257
3779.7182829380035,258
3779.719531774521,258
3780.283024072647,258
3780.31281709671,258
3780.312821865082,257
3780.3134548664093,257
3780.368631839752,258
3780.402673959732,257
3780.405473947525,258
3780.421674013138,257
3780.4542319774628,259
3780.4890999794006,257
3780.497039794922,257
3780.509726047516,258
3780.540386915207,258
3780.575283050537,258
3780.5851430892944,258
3780.5959057807922,257
3780.625871896744,258
