time,size
0.0,40
0.00027298927307128906,40
0.0005249977111816406,124
0.0008091926574707031,124
0.0010640621185302734,40
0.0013031959533691406,40
1.9998738765716553,124
2.0001020431518555,40
2.0003931522369385,40
2.0006210803985596,40
2.0009191036224365,124
2.0012049674987793,124
3.999588966369629,40
3.9998691082000732,40
4.000149965286255,124
4.00039005279541,40
4.000645160675049,40
4.000905990600586,40
5.999511957168579,124
5.999755144119263,124
6.000054121017456,40
6.000269174575806,40
6.000532865524292,124
6.000761032104492,40
8.00028109550476,40
8.000527143478394,40
8.000832080841064,124
8.001068115234375,124
8.001549005508423,40
8.001919984817505,40
10.000570058822632,124
10.000769138336182,40
10.001013040542603,40
10.00132703781128,40
10.001590013504028,124
10.001852035522461,124
12.000127077102661,40
12.000364065170288,40
12.000669002532959,124
12.000901222229004,40
12.001147985458374,40
12.001405954360962,40
14.000597953796387,124
14.000859022140503,124
14.001089096069336,40
14.001399040222168,40
14.001648902893066,124
14.001914978027344,40
16.000509023666382,40
16.00084614753723,40
16.001096963882446,124
16.001315116882324,124
16.00154209136963,40
16.0018630027771,40
18.000701189041138,124
18.00101590156555,40
18.001205921173096,40
18.001446962356567,40
18.00173807144165,124
18.002012014389038,124
20.00154995918274,40
20.00180697441101,40
20.002079963684082,124
20.00234889984131,40
20.00258994102478,40
20.00285005569458,40
22.00119709968567,124
22.001397132873535,124
22.0016131401062,40
22.001877069473267,40
22.002156972885132,124
22.002395153045654,40
24.001435041427612,40
24.001695156097412,40
24.002097129821777,124
24.002365112304688,124
24.00248908996582,40
24.00295925140381,40
26.00171709060669,124
26.001946926116943,40
26.002204179763794,40
26.00246000289917,40
26.00277018547058,124
26.003062963485718,124
28.001673936843872,40
28.001967191696167,40
28.002246141433716,124
28.002487182617188,40
28.002771139144897,40
28.003019094467163,40
30.00239610671997,124
30.002665042877197,124
30.002912044525146,40
30.003196001052856,40
30.00349998474121,124
30.00369906425476,40
32.00198411941528,40
32.00227093696594,40
32.002557039260864,124
32.0028440952301,124
32.00308704376221,40
32.00333499908447,40
34.002684116363525,124
34.0029079914093,40
34.00317311286926,40
34.00351810455322,40
34.00380301475525,124
34.00401592254639,124
36.0027961730957,40
36.0030300617218,40
36.003326177597046,124
36.00357389450073,40
36.00389099121094,40
36.0041139125824,40
38.0023889541626,124
38.00266218185425,124
38.002888917922974,40
38.00314402580261,40
38.003435134887695,124
38.003674030303955,40
40.00327014923096,40
40.00353503227234,40
40.003833055496216,124
40.00413107872009,124
40.00438904762268,40
40.004579067230225,40
42.00297808647156,124
42.003206968307495,40
42.003462076187134,40
42.00372624397278,40
42.00403714179993,124
42.00429892539978,124
44.00323009490967,40
44.00348210334778,40
44.0037739276886,124
44.00399088859558,40
44.00428891181946,40
44.004523038864136,40
46.005635023117065,124
46.00591015815735,124
46.00618290901184,40
46.006444215774536,40
46.006747007369995,124
46.00700116157532,40
48.00442910194397,40
48.00468111038208,40
48.00496315956116,124
48.00522708892822,124
48.005481004714966,40
48.00573420524597,40
50.00537896156311,124
50.00563907623291,40
50.0059130191803,40
50.006157875061035,40
50.00644612312317,124
50.006744146347046,124
52.00446820259094,40
52.00474500656128,40
52.005035161972046,124
52.00527906417847,40
52.00551509857178,40
52.00579905509949,40
54.00497817993164,124
54.00523805618286,124
54.00546312332153,40
54.005717039108276,40
54.00603008270264,124
54.00625801086426,40
56.00564408302307,40
56.005664110183716,40
56.0061399936676,124
56.00650405883789,124
56.006507873535156,40
56.00672507286072,40
58.00484800338745,124
58.005069971084595,40
58.005383014678955,40
58.00562500953674,40
58.00589323043823,124
58.006155014038086,124
60.00608992576599,40
60.006372928619385,40
60.006667137145996,124
60.006906032562256,40
60.00717616081238,40
60.00766205787659,40
62.006019115448,124
62.006277084350586,124
62.00653409957886,40
62.006808042526245,40
62.00710916519165,124
62.00732398033142,40
64.00539994239807,40
64.0056791305542,40
64.00598001480103,124
64.00630497932434,124
64.00646209716797,40
64.00675201416016,40
66.00632095336914,124
66.00648617744446,40
66.00688409805298,40
66.00712013244629,40
66.00732111930847,124
66.00768804550171,124
68.0057909488678,40
68.00609517097473,40
68.00636005401611,124
68.00658702850342,40
68.00700116157532,40
68.00713300704956,40
70.00656008720398,124
70.00681209564209,124
70.00704002380371,40
70.00731205940247,40
70.00761294364929,124
70.00783205032349,40
72.00592017173767,40
72.00616717338562,40
72.00647497177124,124
72.00673007965088,124
72.00695514678955,40
72.00721597671509,40
74.0064070224762,124
74.00665402412415,40
74.00697016716003,40
74.00723195075989,40
74.00746011734009,124
74.00774002075195,124
76.0067629814148,40
76.00699615478516,40
76.00729513168335,124
76.00751304626465,40
76.0078010559082,40
76.00805497169495,40
78.00707006454468,124
78.0073881149292,124
78.0075569152832,40
78.0078341960907,40
78.00813508033752,124
78.00836706161499,40
80.00827813148499,40
80.00828194618225,40
80.00854802131653,124
80.00858092308044,124
80.0087890625,40
80.00911021232605,40
82.0070469379425,124
82.00729990005493,40
82.00754594802856,40
82.00780415534973,40
82.0081238746643,124
82.0083999633789,124
84.00721597671509,40
84.00744795799255,40
84.00772714614868,124
84.00795316696167,40
84.0082061290741,40
84.00850415229797,40
86.00702214241028,124
86.00727915763855,124
86.00752902030945,40
86.00779223442078,40
86.00809502601624,124
86.00827813148499,40
88.00767707824707,40
88.00794506072998,40
88.00822901725769,124
88.00853419303894,124
88.00874519348145,40
88.00906491279602,40
90.00859713554382,124
90.0087149143219,40
90.00904989242554,40
90.00932312011719,40
90.00959992408752,124
90.0098979473114,124
92.00799107551575,40
92.00823187828064,40
92.00850915908813,124
92.00873613357544,40
92.00907492637634,40
92.00931310653687,40
94.0084240436554,124
94.00858402252197,124
94.00883793830872,40
94.0091450214386,40
94.00947499275208,124
94.00966906547546,40
96.00782895088196,40
96.00807309150696,40
96.008385181427,124
96.0086600780487,124
96.00889205932617,40
96.00915312767029,40
98.0083270072937,124
98.00862193107605,40
98.00888204574585,40
98.0091290473938,40
98.00943899154663,124
98.00971007347107,124
100.00950789451599,40
100.01068305969238,40
100.01073002815247,124
100.01075220108032,40
100.01079106330872,40
100.01079893112183,40
102.00863599777222,124
102.00888800621033,124
102.00911211967468,40
102.00937700271606,40
102.00964498519897,124
102.00989699363708,40
104.00858092308044,40
104.00889611244202,40
104.00915503501892,124
104.00941395759583,124
104.00963807106018,40
104.00991821289062,40
106.00916814804077,124
106.00940799713135,40
106.00964403152466,40
106.00989699363708,40
106.01021909713745,124
106.01049518585205,124
108.00896120071411,40
108.0092408657074,40
108.0095272064209,124
108.00975918769836,40
108.01001906394958,40
108.01029801368713,40
110.00972390174866,124
110.00996589660645,124
110.0101900100708,40
110.01047205924988,40
110.01077604293823,124
110.0109932422638,40
112.00968194007874,40
112.00994420051575,40
112.01020789146423,124
112.01051998138428,124
112.01072192192078,40
112.01097297668457,40
114.01006722450256,124
114.01029086112976,40
114.01055121421814,40
114.01084804534912,40
114.01113510131836,124
114.01140117645264,124
116.00956511497498,40
116.00982403755188,40
116.01013803482056,124
116.0103530883789,40
116.0106270313263,40
116.0109031200409,40
118.0102961063385,124
118.01054906845093,124
118.01078009605408,40
118.01110410690308,40
118.01135921478271,124
118.0115909576416,40
120.01040315628052,40
120.01065611839294,40
120.0109510421753,124
120.01121997833252,124
120.01145505905151,40
120.01171588897705,40
122.010586977005,124
122.010812997818,40
122.01106119155884,40
122.01133108139038,40
122.01163506507874,124
122.01190209388733,124
124.01056909561157,40
124.01082801818848,40
124.01111102104187,124
124.0113320350647,40
124.01161313056946,40
124.01187109947205,40
126.010586977005,124
126.01090407371521,124
126.01112008094788,40
126.01134610176086,40
126.01160001754761,124
126.01185297966003,40
128.01060914993286,40
128.01089215278625,40
128.0111780166626,124
128.01144313812256,124
128.01167702674866,40
128.01196002960205,40
130.01195001602173,124
130.01221823692322,40
130.01248717308044,40
130.01273894309998,40
130.0130569934845,124
130.01332902908325,124
132.01137399673462,40
132.01163005828857,40
132.01192498207092,124
132.01216006278992,40
132.01243615150452,40
132.01268696784973,40
134.01157999038696,124
134.01183891296387,124
134.01205110549927,40
134.01231718063354,40
134.01261019706726,124
134.01283502578735,40
136.01148509979248,40
136.01174807548523,40
136.01203608512878,124
136.01227807998657,124
136.01253414154053,40
136.01278614997864,40
138.0117220878601,124
138.01194310188293,40
138.01220297813416,40
138.0124490261078,40
138.012757062912,124
138.0130181312561,124
140.01231408119202,40
140.01256608963013,40
140.0135190486908,124
140.01360511779785,40
140.0136260986328,40
140.01365494728088,40
142.01156210899353,124
142.0118110179901,124
142.01205110549927,40
142.012305021286,40
142.01258897781372,124
142.01280307769775,40
144.01180124282837,40
144.01208996772766,40
144.0124020576477,124
144.0125970840454,124
144.01282405853271,40
144.01308298110962,40
146.0125060081482,124
146.01272916793823,40
146.01297903060913,40
146.0132360458374,40
146.01354503631592,124
146.01381397247314,124
148.01247310638428,40
148.0127730369568,40
148.013032913208,124
148.01325702667236,40
148.0135371685028,40
148.01379895210266,40
150.01300501823425,124
150.01326298713684,124
150.0134949684143,40
150.01378417015076,40
150.01406002044678,124
150.01430296897888,40
152.01279401779175,40
152.01308417320251,40
152.0133171081543,124
152.0135760307312,124
152.0138440132141,40
152.01410222053528,40
154.01310515403748,124
154.01332998275757,40
154.01358604431152,40
154.01384091377258,40
154.0141658782959,124
154.01440501213074,124
156.01280808448792,40
156.01305508613586,40
156.01340103149414,124
156.01358103752136,40
156.01382994651794,40
156.01410698890686,40
158.0136342048645,124
158.01375222206116,124
158.01392817497253,40
158.01418209075928,40
158.01449418067932,124
158.01472210884094,40
160.01395201683044,40
160.01421904563904,40
160.0145320892334,124
160.0147922039032,124
160.01502799987793,40
160.01529693603516,40
162.01342606544495,124
162.01367115974426,40
162.01393103599548,40
162.01418709754944,40
162.01447296142578,124
162.0147569179535,124
164.01406908035278,40
164.01432299613953,40
164.01468300819397,124
164.01487016677856,40
164.01512622833252,40
164.01538610458374,40
166.01418614387512,124
166.01442289352417,124
166.01469087600708,40
166.01494216918945,40
166.01522302627563,124
166.01545000076294,40
168.01397609710693,40
168.01426911354065,40
168.01454401016235,124
168.01479697227478,124
168.01502394676208,40
168.015310049057,40
170.01453518867493,124
170.0147671699524,40
170.0150170326233,40
170.01530408859253,40
170.01560306549072,124
170.01586294174194,124
172.0146141052246,40
172.01486706733704,40
172.0151810646057,124
172.01537013053894,40
172.01565313339233,40
172.01590609550476,40
174.01476216316223,124
174.0150110721588,124
174.01523900032043,40
174.01548290252686,40
174.01579308509827,124
174.0160219669342,40
176.01430797576904,40
176.01460695266724,40
176.01485109329224,124
176.01511406898499,124
176.0153410434723,40
176.0155930519104,40
178.01519417762756,124
178.0154092311859,40
178.01566910743713,40
178.01596021652222,40
178.01625514030457,124
178.01652717590332,124
180.01629090309143,40
180.01654601097107,40
180.01682305335999,124
180.01707005500793,40
180.0173270702362,40
180.01758003234863,40
182.01598811149597,124
182.01623702049255,124
182.01648092269897,40
182.01673793792725,40
182.0170271396637,124
182.01724410057068,40
184.01636910438538,40
184.01664519309998,40
184.01691603660583,124
184.01723289489746,124
184.0174059867859,40
184.01773810386658,40
186.0166621208191,124
186.01688408851624,40
186.01713800430298,40
186.017431974411,40
186.01772809028625,124
186.01798295974731,124
188.0170340538025,40
188.01729011535645,40
188.01757717132568,124
188.0178360939026,40
188.01809692382812,40
188.01834893226624,40
190.01759314537048,124
190.01784992218018,124
190.01810598373413,40
190.01835203170776,40
190.01864790916443,124
190.01891708374023,40
192.0170431137085,40
192.0172941684723,40
192.017578125,124
192.01783418655396,124
192.01808404922485,40
192.01834225654602,40
194.01717710494995,124
194.01749086380005,40
194.01767992973328,40
194.01797485351562,40
194.0182590484619,124
194.0185248851776,124
196.01688718795776,40
196.01718521118164,40
196.01745200157166,124
196.01770210266113,40
196.01792001724243,40
196.01818013191223,40
198.01800513267517,124
198.01827096939087,124
198.0184841156006,40
198.01894617080688,40
198.01964211463928,124
198.01964616775513,40
200.01848602294922,40
200.01876497268677,40
200.01910591125488,124
200.0193681716919,124
200.01960706710815,40
200.01991820335388,40
202.01773810386658,124
202.0182671546936,40
202.0182921886444,40
202.01872491836548,40
202.01901006698608,124
202.01910495758057,124
204.01818108558655,40
204.01840496063232,40
204.01875400543213,124
204.018944978714,40
204.01924109458923,40
204.01950216293335,40
206.0183389186859,124
206.01839399337769,124
206.01860785484314,40
206.01885104179382,40
206.0192129611969,124
206.0194399356842,40
208.01836919784546,40
208.01864409446716,40
208.01886105537415,124
208.0191559791565,124
208.01946115493774,40
208.01970505714417,40
210.01902294158936,124
210.019268989563,40
210.0195391178131,40
210.01980924606323,40
210.02010297775269,124
210.0204050540924,124
212.01865410804749,40
212.0187931060791,40
212.01911902427673,124
212.01933813095093,40
212.01973295211792,40
212.0198700428009,40
214.0187439918518,124
214.01905417442322,124
214.01929092407227,40
214.0195391178131,40
214.01984000205994,124
214.02006912231445,40
216.01899313926697,40
216.01927399635315,40
216.0195541381836,124
216.01981496810913,124
216.02005910873413,40
216.02036499977112,40
218.0197012424469,124
218.01993203163147,40
218.0202190876007,40
218.02048110961914,40
218.0207748413086,124
218.02103996276855,124
220.01956510543823,40
220.01980590820312,40
220.02009415626526,124
220.02034091949463,40
220.02060222625732,40
220.02085709571838,40
222.01964712142944,124
222.0199110507965,124
222.02012491226196,40
222.0203709602356,40
222.0206880569458,124
222.02091002464294,40
224.0197310447693,40
224.01999306678772,40
224.02027487754822,124
224.0205340385437,124
224.02079606056213,40
224.02104997634888,40
226.01993417739868,124
226.02016019821167,40
226.02040219306946,40
226.0206639766693,40
226.02097916603088,124
226.0212390422821,124
228.02011394500732,40
228.02038097381592,40
228.02065205574036,124
228.02088904380798,40
228.02117204666138,40
228.02141499519348,40
230.0205111503601,124
230.02080297470093,124
230.0209879875183,40
230.02127194404602,40
230.02156114578247,124
230.02178502082825,40
232.02019500732422,40
232.02046489715576,40
232.02075910568237,124
232.0210030078888,124
232.0212299823761,40
232.02167010307312,40
234.02073192596436,124
234.02101802825928,40
234.02146100997925,40
234.0215880870819,40
234.02188205718994,124
234.02213191986084,124
236.02047395706177,40
236.02076601982117,40
236.02103090286255,124
236.02127623558044,40
236.02151703834534,40
236.02180695533752,40
238.02115106582642,124
238.02138900756836,124
238.02163195610046,40
238.02190923690796,40
238.02217817306519,124
238.02241706848145,40
240.02163100242615,40
240.0217740535736,40
240.02210903167725,124
240.0223410129547,124
240.02257895469666,40
240.023029088974,40
242.02121996879578,124
242.02144408226013,40
242.02174711227417,40
242.02195000648499,40
242.02226305007935,124
242.0225329399109,124
244.02134895324707,40
244.0216100215912,40
244.02188301086426,124
244.02210688591003,40
244.02238702774048,40
244.02264499664307,40
246.0213270187378,124
246.021546125412,124
246.02177810668945,40
246.02202486991882,40
246.0231351852417,124
246.02313804626465,40
248.0214319229126,40
248.02170395851135,40
248.02201414108276,124
248.0222671031952,124
248.0224950313568,40
248.02276015281677,40
250.0223319530487,124
250.0225691795349,40
250.02285313606262,40
250.02310609817505,40
250.02339100837708,124
250.02364301681519,124
252.02210307121277,40
252.02236604690552,40
252.02264714241028,124
252.0228922367096,40
252.02315402030945,40
252.0234079360962,40
254.02195119857788,124
254.02275705337524,124
254.02331113815308,40
254.02333402633667,40
254.02340006828308,124
254.02340412139893,40
256.02192902565,40
256.02219009399414,40
256.02249789237976,124
256.0227620601654,124
256.0229740142822,40
256.0232391357422,40
258.0227761268616,124
258.0230050086975,40
258.0232639312744,40
258.02355217933655,40
258.02384209632874,124
258.0240988731384,124
260.0229389667511,40
260.0231909751892,40
260.0234799385071,124
260.0237262248993,40
260.02398109436035,40
260.02423620224,40
262.0226221084595,124
262.02291202545166,124
262.02312898635864,40
262.02338194847107,40
262.02366495132446,124
262.02392196655273,40
264.0230710506439,40
264.0233190059662,40
264.0236020088196,124
264.02385687828064,124
264.02411913871765,40
264.0243809223175,40
266.0236201286316,124
266.02382016181946,40
266.0241050720215,40
266.0244209766388,40
266.02465415000916,124
266.02495789527893,124
268.02327704429626,40
268.0235390663147,40
268.02381205558777,124
268.0240352153778,40
268.024316072464,40
268.02457308769226,40
270.0237629413605,124
270.0240261554718,124
270.02424812316895,40
270.02452993392944,40
270.0248210430145,124
270.0250451564789,40
272.02366495132446,40
272.02392506599426,40
272.02420592308044,124
272.02448296546936,124
272.02472710609436,40
272.02501606941223,40
274.02371406555176,124
274.0239489078522,40
274.024227142334,40
274.024453163147,40
274.0247731208801,124
274.0250360965729,124
276.0236530303955,40
276.02393198013306,40
276.0242130756378,124
276.02443408966064,40
276.0246880054474,40
276.0249750614166,40
278.0241160392761,124
278.02434515953064,124
278.0245840549469,40
278.0248370170593,40
278.0251569747925,124
278.0253851413727,40
280.02481603622437,40
280.0250771045685,40
280.0253908634186,124
280.02566504478455,124
280.02588415145874,40
280.0261342525482,40
282.02452397346497,124
282.0247530937195,40
282.0250041484833,40
282.02525806427,40
282.02558302879333,124
282.02583408355713,124
284.0246980190277,40
284.02496004104614,40
284.0252592563629,124
284.0254921913147,40
284.0257730484009,40
284.02601408958435,40
286.0244801044464,124
286.0247690677643,124
286.02498602867126,40
286.0252730846405,40
286.02556586265564,124
286.0257761478424,40
288.0246801376343,40
288.0249650478363,40
288.0252511501312,124
288.025514125824,124
288.0257520675659,40
288.02603101730347,40
290.02584314346313,124
290.0260999202728,40
290.0263600349426,40
290.02662801742554,40
290.02691102027893,124
290.02719616889954,124
292.0245270729065,40
292.02477407455444,40
292.0250680446625,124
292.0253140926361,40
292.0255570411682,40
292.0258011817932,40
294.0254740715027,124
294.0257420539856,124
294.02593994140625,40
294.0261890888214,40
294.0265190601349,124
294.0267369747162,40
296.02598810195923,40
296.0262200832367,40
296.02653098106384,124
296.02680110931396,124
296.0270371437073,40
296.0272970199585,40
298.0253999233246,124
298.02564215660095,40
298.02590703964233,40
298.02616715431213,40
298.02646589279175,124
298.02674984931946,124
300.0261559486389,40
300.02639985084534,40
300.02669501304626,124
300.0269410610199,40
300.02719616889954,40
300.02745604515076,40
302.0254671573639,124
302.0257182121277,124
302.02596497535706,40
302.0262129306793,40
302.02649903297424,124
302.0267159938812,40
304.0260531902313,40
304.02633905410767,40
304.0266580581665,124
304.026887178421,124
304.0271601676941,40
304.02740502357483,40
306.0260238647461,124
306.0262780189514,40
306.0265350341797,40
306.02679085731506,40
306.0270850658417,124
306.02735710144043,124
308.0260400772095,40
308.0262951850891,40
308.02660298347473,124
308.0268189907074,40
308.02706813812256,40
308.02732014656067,40
310.0270621776581,124
310.0272579193115,124
310.0274829864502,40
310.02777004241943,40
310.028067111969,124
310.02829599380493,40
312.02658700942993,40
312.02686405181885,40
312.02715492248535,124
312.02741408348083,124
312.027636051178,40
312.0279121398926,40
314.02706599235535,124
314.02729415893555,40
314.027547121048,40
314.0278220176697,40
314.0281090736389,124
314.0283761024475,124
316.0268931388855,40
316.02718710899353,40
316.02746295928955,124
316.0276789665222,40
316.0279359817505,40
316.02821111679077,40
318.02758717536926,124
318.0278489589691,124
318.02806997299194,40
318.02836298942566,40
318.02864599227905,124
318.0288770198822,40
320.0277740955353,40
320.0280261039734,40
320.02831196784973,124
320.0286111831665,124
320.0288350582123,40
320.0291361808777,40
322.0277600288391,124
322.0280201435089,40
322.0282380580902,40
322.0284960269928,40
322.02880907058716,124
322.0290861129761,124
324.0272490978241,40
324.0274910926819,40
324.02781200408936,124
324.0280170440674,40
324.0282621383667,40
324.02853202819824,40
326.0275149345398,124
326.02777194976807,124
326.0280110836029,40
326.0282680988312,40
326.02855110168457,124
326.02878189086914,40
328.0277659893036,40
328.0279951095581,40
328.0283451080322,124
328.02856492996216,124
328.0287871360779,40
328.0290801525116,40
330.0287940502167,124
330.02901816368103,40
330.0293469429016,40
330.0295979976654,40
330.0298900604248,124
330.03014516830444,124
332.0328280925751,40
332.033066034317,40
332.03337001800537,124
332.0336799621582,40
332.03387904167175,40
332.0341441631317,40
334.03233003616333,124
334.03263902664185,124
334.0328531265259,40
334.033105134964,40
334.03340792655945,124
334.0336489677429,40
336.0323021411896,40
336.03254318237305,40
336.03285694122314,124
336.0331070423126,124
336.03332805633545,40
336.03358006477356,40
338.0330500602722,124
338.0333299636841,40
338.03353095054626,40
338.03378796577454,40
338.03409910202026,124
338.034353017807,124
340.03317403793335,40
340.03344321250916,40
340.03370785713196,124
340.0339379310608,40
340.0342319011688,40
340.03449606895447,40
342.0328199863434,124
342.0330719947815,124
342.0333299636841,40
342.0335569381714,40
342.0338430404663,124
342.0340600013733,40
344.0335440635681,40
344.03379797935486,40
344.0340781211853,124
344.0343379974365,124
344.0345890522003,40
344.03484320640564,40
346.0337121486664,124
346.033931016922,40
346.0341899394989,40
346.0344319343567,40
346.0347900390625,124
346.03500413894653,124
348.03385305404663,40
348.0341248512268,40
348.0344121456146,124
348.0346519947052,40
348.0349531173706,40
348.0352249145508,40
350.0346999168396,124
350.0350019931793,124
350.0352191925049,40
350.03547406196594,40
350.03577399253845,124
350.03602504730225,40
352.0338649749756,40
352.0341191291809,40
352.03431820869446,124
352.03457403182983,124
352.03479409217834,40
352.03511023521423,40
354.0343930721283,124
354.0346200466156,40
354.03487610816956,40
354.0351560115814,40
354.03545594215393,124
354.0357210636139,124
356.0351641178131,40
356.03542304039,40
356.03571605682373,124
356.0359420776367,40
356.0362319946289,40
356.0364909172058,40
358.0359899997711,124
358.03626012802124,124
358.0364830493927,40
358.0367510318756,40
358.0370361804962,124
358.0372610092163,40
360.0363621711731,40
360.03664994239807,40
360.03693890571594,124
360.03722310066223,124
360.0374422073364,40
360.0377299785614,40
362.0358021259308,124
362.03605222702026,40
362.0363039970398,40
362.0365540981293,40
362.0368709564209,124
362.03712797164917,124
364.0358850955963,40
364.03617000579834,40
364.0364580154419,124
364.03668999671936,40
364.036936044693,40
364.0372450351715,40
366.0361421108246,124
366.0364320278168,124
366.0366520881653,40
366.0369050502777,40
366.0372200012207,124
366.0374641418457,40
368.0366430282593,40
368.0368800163269,40
368.03715801239014,124
368.03745913505554,124
368.0376989841461,40
368.0379469394684,40
370.03718614578247,124
370.0373740196228,40
370.0376570224762,40
370.0379149913788,40
370.0382308959961,124
370.0385100841522,124
372.03580498695374,40
372.03605103492737,40
372.03633093833923,124
372.03655219078064,40
372.03683710098267,40
372.03709602355957,40
374.03653597831726,124
374.03681802749634,124
374.0370659828186,40
374.03729796409607,40
374.03761196136475,124
374.03783893585205,40
376.03700709342957,40
376.0372619628906,40
376.03757095336914,124
376.03779792785645,124
376.03806018829346,40
376.0383110046387,40
378.0372841358185,124
378.0375061035156,40
378.0377631187439,40
378.03804993629456,40
378.0383620262146,124
378.03866720199585,124
380.0381579399109,40
380.03843998908997,40
380.03870916366577,124
380.03898191452026,40
380.0392270088196,40
380.0395300388336,40
382.03810691833496,124
382.03835105895996,124
382.03857707977295,40
382.0388329029083,40
382.0391061306,124
382.039391040802,40
384.03826904296875,40
384.038498878479,40
384.0388078689575,124
384.0390682220459,124
384.0396029949188,40
384.03965306282043,40
386.03873801231384,124
386.03899002075195,40
386.03927993774414,40
386.03954219818115,40
386.0398590564728,124
386.04011726379395,124
388.0387032032013,40
388.0389828681946,40
388.0393102169037,124
388.0395460128784,40
388.0398020744324,40
388.04009222984314,40
390.0394592285156,124
390.03971910476685,124
390.0399441719055,40
390.0402309894562,40
390.04052114486694,124
390.0407569408417,40
392.03906202316284,40
392.0393772125244,40
392.0396580696106,124
392.03991508483887,124
392.040146112442,40
392.04043102264404,40
394.0401260852814,124
394.04035687446594,40
394.0406539440155,40
394.04091596603394,40
394.041207075119,124
394.04150104522705,124
396.0390250682831,40
396.0393180847168,40
396.03962993621826,124
396.0398621559143,40
396.04011726379395,40
396.0404109954834,40
398.03988814353943,124
398.04016399383545,124
398.0403940677643,40
398.04067301750183,40
398.04095101356506,124
398.04118299484253,40
400.04050397872925,40
400.04075598716736,40
400.0411219596863,124
400.04135608673096,124
400.0415561199188,40
400.0418121814728,40
402.0403370857239,124
402.04056000709534,40
402.04082894325256,40
402.0411021709442,40
402.04142904281616,124
402.0416691303253,124
404.04009103775024,40
404.04036593437195,40
404.04065799713135,124
404.04087710380554,40
404.0411651134491,40
404.04140305519104,40
406.0404200553894,124
406.04070496559143,124
406.04096007347107,40
406.04117488861084,40
406.04147815704346,124
406.04171919822693,40
408.0405762195587,40
408.04083704948425,40
408.04114985466003,124
408.041451215744,124
408.041640996933,40
408.04190397262573,40
410.04129695892334,124
410.041512966156,40
410.04179406166077,40
410.0420570373535,40
410.04235315322876,124
410.0426139831543,124
412.0409371852875,40
412.04119896888733,40
412.0414800643921,124
412.04170513153076,40
412.0419969558716,40
412.0422511100769,40
414.04089093208313,124
414.0412061214447,124
414.0414021015167,40
414.04168701171875,40
414.0419521331787,124
414.0422110557556,40
416.0410101413727,40
416.0412859916687,40
416.0415780544281,124
416.0418379306793,124
416.04206585884094,40
416.0423560142517,40
418.04180002212524,124
418.0420789718628,40
418.04227805137634,40
418.04256105422974,40
418.04286217689514,124
418.04313802719116,124
420.04185914993286,40
420.04204416275024,40
420.0423240661621,124
420.0425760746002,40
420.04283618927,40
420.04308891296387,40
422.0416271686554,124
422.0419092178345,124
422.0421450138092,40
422.042396068573,40
422.042671918869,124
422.0429310798645,40
424.041738986969,40
424.0420172214508,40
424.0423049926758,124
424.04272198677063,124
424.0428102016449,40
424.0430781841278,40
426.04177498817444,124
426.04202008247375,40
426.0422830581665,40
426.04253911972046,40
426.0428261756897,124
426.04313611984253,124
428.04172015190125,40
428.0419671535492,40
428.04227113723755,124
428.04251408576965,40
428.042768239975,40
428.0430381298065,40
430.04277896881104,124
430.04304099082947,124
430.04327487945557,40
430.04354310035706,40
430.04383301734924,124
430.0440630912781,40
432.04216599464417,40
432.042405128479,40
432.04271602630615,124
432.0429730415344,124
432.0431981086731,40
432.04345417022705,40
434.0434761047363,124
434.043484210968,40
434.04349303245544,40
434.0436110496521,40
434.04393100738525,124
434.04419207572937,124
436.0424602031708,40
436.0427441596985,40
436.04301595687866,124
436.04323506355286,40
436.04349303245544,40
436.04373002052307,40
438.0428762435913,124
438.04317712783813,124
438.04337906837463,40
438.04363989830017,40
438.0439569950104,124
438.0442020893097,40
440.0435211658478,40
440.04377722740173,40
440.04405903816223,124
440.0443398952484,124
440.0445601940155,40
440.0448200702667,40
442.0432651042938,124
442.0435309410095,40
442.043781042099,40
442.0440490245819,40
442.04436588287354,124
442.04463601112366,124
444.0434899330139,40
444.0437512397766,40
444.04403614997864,124
444.0442659854889,40
444.04457116127014,40
444.04483103752136,40
446.04332304000854,124
446.04359316825867,124
446.0438160896301,40
446.0440809726715,40
446.04435300827026,124
446.0445809364319,40
448.0436248779297,40
448.0439040660858,40
448.04418897628784,124
448.04445123672485,124
448.0446820259094,40
448.0449631214142,40
450.0465478897095,124
450.0467600822449,40
450.04704904556274,40
450.04731607437134,40
450.047611951828,124
450.04790806770325,124
452.0465750694275,40
452.0467879772186,40
452.04706716537476,124
452.04732489585876,40
452.04758620262146,40
452.04784989356995,40
454.0461621284485,124
454.04643297195435,124
454.0466630458832,40
454.04692912101746,40
454.04718804359436,124
454.04744696617126,40
456.04651498794556,40
456.0467710494995,40
456.04704308509827,124
456.04729986190796,124
456.04754996299744,40
456.04781913757324,40
458.0461959838867,124
458.04640913009644,40
458.0466830730438,40
458.0469422340393,40
458.04728603363037,124
458.04750299453735,124
460.04751110076904,40
460.0477921962738,40
460.04810309410095,124
460.0483181476593,40
460.0485830307007,40
460.048867225647,40
462.0472059249878,124
462.0474660396576,124
462.04769706726074,40
462.0479578971863,40
462.04825806617737,124
462.048485994339,40
464.0468690395355,40
464.0471489429474,40
464.0474421977997,124
464.0476961135864,124
464.04791712760925,40
464.0482289791107,40
466.047434091568,124
466.04765605926514,40
466.04791498184204,40
466.04817605018616,40
466.0485010147095,124
466.04880595207214,124
468.0472140312195,40
468.0475070476532,40
468.04778003692627,124
468.04800605773926,40
468.0483272075653,40
468.048543214798,40
470.04784989356995,124
470.0481171607971,124
470.04832911491394,40
470.04860496520996,40
470.0488951206207,124
470.0491180419922,40
472.0480680465698,40
472.04828906059265,40
472.04858112335205,124
472.04887199401855,124
472.04910612106323,40
472.0495810508728,40
474.04773902893066,124
474.04810404777527,40
474.04825925827026,40
474.04850912094116,40
474.0488450527191,124
474.0490710735321,124
476.0482270717621,40
476.04849004745483,40
476.0488030910492,124
476.04901814460754,40
476.04932403564453,40
476.04959321022034,40
478.04862809181213,124
478.0488851070404,124
478.04912400245667,40
478.0494270324707,40
478.0497262477875,124
478.04994010925293,40
480.0486431121826,40
480.04890608787537,40
480.0491850376129,124
480.04951310157776,124
480.0497319698334,40
480.0499861240387,40
482.0481240749359,124
482.0483341217041,40
482.04861211776733,40
482.0488681793213,40
482.0491578578949,124
482.04945492744446,124
484.04851722717285,40
484.0488030910492,40
484.04908514022827,124
484.049378156662,40
484.0495979785919,40
484.0499141216278,40
486.0485870838165,124
486.04884600639343,124
486.04910492897034,40
486.04939317703247,40
486.04967999458313,124
486.04994893074036,40
488.04931020736694,40
488.04957389831543,40
488.04986596107483,124
488.0501620769501,124
488.0504140853882,40
488.0506682395935,40
490.04948806762695,124
490.0497121810913,40
490.04995918273926,40
490.0502390861511,40
490.05053210258484,124
490.05078411102295,124
492.0492100715637,40
492.04951310157776,40
492.049772977829,124
492.04998207092285,40
492.0502371788025,40
492.0505130290985,40
494.04905796051025,124
494.0494079589844,124
494.04964303970337,40
494.0498549938202,40
494.0501561164856,124
494.0503580570221,40
496.0494809150696,40
496.0498101711273,40
496.0500431060791,124
496.050302028656,124
496.05053305625916,40
496.05080699920654,40
498.04947996139526,124
498.049684047699,40
498.04998302459717,40
498.0502300262451,40
498.0505039691925,124
498.050763130188,124
500.0502960681915,40
500.0505440235138,40
500.0508539676666,124
500.0511109828949,40
500.05132818222046,40
500.05160212516785,40
502.04971504211426,124
502.04993510246277,124
502.0501720905304,40
502.05044889450073,40
502.0507140159607,124
502.0509400367737,40
504.05067110061646,40
504.0509262084961,40
504.05120301246643,124
504.05148100852966,124
504.0517201423645,40
504.05199694633484,40
506.0507230758667,124
506.05096411705017,40
506.05120491981506,40
506.0514578819275,40
506.0517740249634,124
506.0520329475403,124
508.05034613609314,40
508.0507102012634,40
508.05097103118896,124
508.0511329174042,40
508.05135798454285,40
508.05168104171753,40
510.05173110961914,124
510.0520370006561,124
510.0522611141205,40
510.05254006385803,40
510.0530421733856,124
510.0531041622162,40
512.0506229400635,40
512.0508620738983,40
512.0511701107025,124
512.0514261722565,124
512.0516400337219,40
512.0519051551819,40
514.0509459972382,124
514.0511951446533,40
514.0514640808105,40
514.051735162735,40
514.0520479679108,124
514.0522890090942,124
516.0511350631714,40
516.0514030456543,40
516.0516951084137,124
516.0519280433655,40
516.0521771907806,40
516.0524580478668,40
518.0509300231934,124
518.051194190979,124
518.0514180660248,40
518.0516781806946,40
518.0519659519196,124
518.0521910190582,40
520.0520141124725,40
520.052267074585,40
520.0525550842285,124
520.0528450012207,124
520.0530850887299,40
520.053337097168,40
522.0517818927765,124
522.0520141124725,40
522.052267074585,40
522.052567243576,40
522.0528512001038,124
522.0530931949615,124
524.0519020557404,40
524.0521709918976,40
524.0524470806122,124
524.0526819229126,40
524.0529520511627,40
524.0532171726227,40
526.0517408847809,124
526.0519921779633,124
526.0522410869598,40
526.0524940490723,40
526.0527701377869,124
526.0529971122742,40
528.0523490905762,40
528.0526039600372,40
528.0528931617737,124
528.0531451702118,124
528.0533990859985,40
528.0536620616913,40
530.0530140399933,124
530.0532422065735,40
530.0535361766815,40
530.0537989139557,40
530.0540900230408,124
530.0543529987335,124
532.052738904953,40
532.052992105484,40
532.0532729625702,124
532.0535159111023,40
532.0538051128387,40
532.054062128067,40
534.0541110038757,124
534.0543701648712,124
534.0545909404755,40
534.0548710823059,40
534.0551590919495,124
534.0554091930389,40
536.0549261569977,40
536.0551860332489,40
536.0554921627045,124
536.0558068752289,124
536.0559659004211,40
536.0562479496002,40
538.0549800395966,124
538.0552270412445,40
538.0554881095886,40
538.0557389259338,40
538.0560309886932,124
538.0563158988953,124
540.0555031299591,40
540.0557591915131,40
540.0560421943665,124
540.0563130378723,40
540.0566079616547,40
540.0568211078644,40
542.055123090744,124
542.055379152298,124
542.0557851791382,40
542.0558800697327,40
542.056156873703,124
542.0564229488373,40
544.0553350448608,40
544.0556039810181,40
544.0559041500092,124
544.0561511516571,124
544.0563750267029,40
544.0566620826721,40
546.0560700893402,124
546.0563201904297,40
546.0565512180328,40
546.0568342208862,40
546.0571200847626,124
546.0573949813843,124
548.055832862854,40
548.0561828613281,40
548.0563950538635,124
548.0566301345825,40
548.0569040775299,40
548.0571670532227,40
550.0562579631805,124
550.0565059185028,124
550.0567371845245,40
550.0569851398468,40
550.0572891235352,124
550.057569026947,40
552.0558931827545,40
552.0561361312866,40
552.0564389228821,124
552.0566959381104,124
552.056923866272,40
552.0571999549866,40
554.0562560558319,124
554.0565071105957,40
554.0567901134491,40
554.0570240020752,40
554.0573091506958,124
554.0576000213623,124
556.0567941665649,40
556.0570771694183,40
556.0573341846466,124
556.0575950145721,40
556.0578770637512,40
556.0581271648407,40
558.0564370155334,124
558.0566971302032,124
558.0569620132446,40
558.0572030544281,40
558.0574860572815,124
558.0577399730682,40
560.0573320388794,40
560.0575761795044,40
560.0578570365906,124
560.0581719875336,124
560.0583829879761,40
560.0586380958557,40
562.0573010444641,124
562.057519197464,40
562.0577800273895,40
562.0580949783325,40
562.0583460330963,124
562.0586440563202,124
564.0571410655975,40
564.0574231147766,40
564.0577049255371,124
564.0579319000244,40
564.058207988739,40
564.0584800243378,40
566.0571851730347,124
566.0574922561646,124
566.0576899051666,40
566.057944059372,40
566.0582330226898,124
566.0584931373596,40
568.0572361946106,40
568.057510137558,40
568.0578360557556,124
568.0580530166626,124
568.0582799911499,40
568.0585660934448,40
570.0583829879761,124
570.0586440563202,40
570.0588040351868,40
570.0591180324554,40
570.0594229698181,124
570.0597150325775,124
572.0582430362701,40
572.0584931373596,40
572.0587701797485,124
572.0590341091156,40
572.059289932251,40
572.0595879554749,40
574.0578851699829,124
574.0581541061401,124
574.0584030151367,40
574.0586559772491,40
574.0589408874512,124
574.0592041015625,40
576.0579328536987,40
576.0582041740417,40
576.0584881305695,124
576.0587539672852,124
576.058984041214,40
576.0592541694641,40
578.0587341785431,124
578.0589570999146,40
578.0592079162598,40
578.059534072876,40
578.0598239898682,124
578.0601239204407,124
580.059109210968,40
580.0593988895416,40
580.059718132019,124
580.0599710941315,40
580.0602209568024,40
580.0604920387268,40
582.0584781169891,124
582.0585761070251,124
582.0588159561157,40
582.0590672492981,40
582.0593709945679,124
582.0596101284027,40
584.0590550899506,40
584.0593030452728,40
584.0596311092377,124
584.0599219799042,124
584.0601460933685,40
584.0604109764099,40
586.1175220012665,124
586.117840051651,40
586.1181061267853,40
586.1184408664703,40
586.1187469959259,124
586.1190850734711,124
588.1132969856262,40
588.1135611534119,40
588.1138739585876,124
588.1140670776367,40
588.1143381595612,40
588.1145920753479,40
590.114166021347,124
590.1144540309906,124
590.1146709918976,40
590.1149249076843,40
590.11523604393,124
590.115464925766,40
592.1132361888885,40
592.1136121749878,40
592.1138319969177,124
592.1140611171722,124
592.1142771244049,40
592.1145739555359,40
594.113676071167,124
594.1138970851898,40
594.1141650676727,40
594.1144061088562,40
594.1147420406342,124
594.1149950027466,124
596.1137490272522,40
596.1140410900116,40
596.1143369674683,124
596.1145451068878,40
596.1148102283478,40
596.115082025528,40
598.1139810085297,124
598.1142611503601,124
598.1144859790802,40
598.114755153656,40
598.1150341033936,124
598.1152541637421,40
600.1146709918976,40
600.1149182319641,40
600.1152620315552,124
600.1154980659485,124
600.1157228946686,40
600.1159870624542,40
602.1138701438904,124
602.1140930652618,40
602.1143682003021,40
602.1146330833435,40
602.1149680614471,124
602.11518907547,124
604.1146728992462,40
604.1149289608002,40
604.1152238845825,124
604.115464925766,40
604.1157250404358,40
604.1159851551056,40
606.1147561073303,124
606.1150150299072,124
606.1152181625366,40
606.1154808998108,40
606.1158061027527,124
606.1160309314728,40
608.1145079135895,40
608.114776134491,40
608.1150889396667,124
608.1153390407562,124
608.1155610084534,40
608.1159060001373,40
610.1156320571899,124
610.1158580780029,40
610.1161639690399,40
610.1163980960846,40
610.1167140007019,124
610.1169738769531,124
612.1149470806122,40
612.1152150630951,40
612.1155381202698,124
612.115797996521,40
612.1159710884094,40
612.1162512302399,40
614.1149981021881,124
614.1152422428131,124
614.1154890060425,40
614.1157341003418,40
614.1160280704498,124
614.1162641048431,40
616.1153149604797,40
616.1155989170074,40
616.1158881187439,124
616.1161389350891,124
616.1163861751556,40
616.116651058197,40
618.1154601573944,124
618.1156280040741,40
618.1159272193909,40
618.1161861419678,40
618.1164469718933,124
618.1167480945587,124
620.1159682273865,40
620.1162102222443,40
620.1165091991425,124
620.1167449951172,40
620.1170670986176,40
620.1172521114349,40
622.1158010959625,124
622.1160950660706,124
622.1163010597229,40
622.1165549755096,40
622.1168739795685,124
622.1170921325684,40
624.1160180568695,40
624.1163029670715,40
624.11661195755,124
624.1168551445007,124
624.1170930862427,40
624.1173691749573,40
626.1166229248047,124
626.1168432235718,40
626.1170921325684,40
626.1173710823059,40
626.1176578998566,124
626.1179158687592,124
628.1163341999054,40
628.1165809631348,40
628.116886138916,124
628.1170971393585,40
628.117348909378,40
628.1176390647888,40
630.1168720722198,124
630.1171410083771,124
630.1173400878906,40
630.117623090744,40
630.1179139614105,124
630.1181499958038,40
632.1167869567871,40
632.1170520782471,40
632.1173460483551,124
632.117593050003,124
632.1178262233734,40
632.1180908679962,40
634.1171140670776,124
634.1175110340118,40
634.1175720691681,40
634.1178240776062,40
634.1181390285492,124
634.1184031963348,124
636.1169409751892,40
636.1172070503235,40
636.1174900531769,124
636.1177129745483,40
636.1179649829865,40
636.1182510852814,40
638.1176960468292,124
638.1179800033569,124
638.1182172298431,40
638.1184701919556,40
638.1187579631805,124
638.118989944458,40
640.1179139614105,40
640.118145942688,40
640.1184701919556,124
640.1187260150909,124
640.1189498901367,40
640.119204044342,40
642.1178760528564,124
642.1180851459503,40
642.1183631420135,40
642.1186192035675,40
642.1189389228821,124
642.1191799640656,124
644.117830991745,40
644.1180460453033,40
644.1183159351349,124
644.1185510158539,40
644.1188189983368,40
644.1190760135651,40
646.1210610866547,124
646.1213359832764,124
646.1215841770172,40
646.1218559741974,40
646.1221730709076,124
646.1224091053009,40
648.120521068573,40
648.1207730770111,40
648.1210851669312,124
648.1213521957397,124
648.12158203125,40
648.1218371391296,40
650.1205451488495,124
650.1207711696625,40
650.1210160255432,40
650.1213219165802,40
650.1215879917145,124
650.1218559741974,124
652.1210401058197,40
652.1212379932404,40
652.1215682029724,124
652.1217842102051,40
652.1220531463623,40
652.1223320960999,40
654.1206791400909,124
654.1209371089935,124
654.1211729049683,40
654.1214060783386,40
654.1217238903046,124
654.1219499111176,40
656.1211869716644,40
656.1214249134064,40
656.1218211650848,124
656.1220231056213,124
656.1222441196442,40
656.1225049495697,40
658.1208910942078,124
658.1211211681366,40
658.1213841438293,40
658.1216330528259,40
658.1219890117645,124
658.1222319602966,124
660.1216840744019,40
660.1219592094421,40
660.1222550868988,124
660.1224710941315,40
660.1227271556854,40
660.1230010986328,40
662.1212182044983,124
662.121465921402,124
662.1216921806335,40
662.1219480037689,40
662.1222710609436,124
662.1224842071533,40
664.1219580173492,40
664.122232913971,40
664.1225590705872,124
664.1227960586548,124
664.1230299472809,40
664.1233248710632,40
666.1218049526215,124
666.1220171451569,40
666.1222629547119,40
666.122545003891,40
666.1228408813477,124
666.1231000423431,124
668.1226172447205,40
668.122799873352,40
668.1230828762054,124
668.1233129501343,40
668.1235530376434,40
668.1238341331482,40
670.123594045639,124
670.1238951683044,124
670.1240940093994,40
670.1243569850922,40
670.1246409416199,124
670.1249220371246,40
672.1234350204468,40
672.12362408638,40
672.123918056488,124
672.1241879463196,124
672.1244239807129,40
672.1246800422668,40
674.1239020824432,124
674.1241450309753,40
674.1244158744812,40
674.1246829032898,40
674.1249649524689,124
674.1252701282501,124
676.1235461235046,40
676.1237900257111,40
676.1241362094879,124
676.1243250370026,40
676.1245810985565,40
676.1248400211334,40
678.123379945755,124
678.1236691474915,124
678.1238851547241,40
678.12415599823,40
678.1244261264801,124
678.1246819496155,40
680.1240820884705,40
680.1243300437927,40
680.12464594841,124
680.1249160766602,124
680.1251230239868,40
680.1253809928894,40
682.1236600875854,124
682.1239058971405,40
682.1241590976715,40
682.1244149208069,40
682.1247091293335,124
682.1249809265137,124
684.1239910125732,40
684.1242520809174,40
684.1245400905609,124
684.124764919281,40
684.1250431537628,40
684.1253011226654,40
686.1242809295654,124
686.1245450973511,124
686.124762058258,40
686.1250159740448,40
686.1253309249878,124
686.1255600452423,40
688.1244239807129,40
688.1246719360352,40
688.1249690055847,124
688.1252119541168,124
688.1254789829254,40
688.125734090805,40
690.1251449584961,124
690.12535405159,40
690.1256420612335,40
690.1260180473328,40
690.1262328624725,124
690.1264870166779,124
692.1242270469666,40
692.1244881153107,40
692.124783039093,124
692.125009059906,40
692.1252601146698,40
692.1255130767822,40
694.1247141361237,124
694.125,124
694.1252181529999,40
694.1254720687866,40
694.1257781982422,124
694.1260092258453,40
696.1249270439148,40
696.1251850128174,40
696.1254670619965,124
696.1257421970367,124
696.1259801387787,40
696.1262390613556,40
698.1250660419464,124
698.12531208992,40
698.1255671977997,40
698.1258230209351,40
698.1261610984802,124
698.1264040470123,124
700.1261281967163,40
700.1264100074768,40
700.1267049312592,124
700.1269319057465,40
700.1271870136261,40
700.1274800300598,40
702.125599861145,124
702.1258630752563,124
702.1260771751404,40
702.1263539791107,40
702.1266620159149,124
702.1268880367279,40
704.1253280639648,40
704.1255979537964,40
704.1258940696716,124
704.1261401176453,124
704.1263592243195,40
704.1266422271729,40
706.1256649494171,124
706.1259069442749,40
706.1261711120605,40
706.126415014267,40
706.1266961097717,124
706.1269819736481,124
708.1259369850159,40
708.1261909008026,40
708.1264760494232,124
708.1266989707947,40
708.1269772052765,40
708.1272370815277,40
710.1262059211731,124
710.126461982727,124
710.1266899108887,40
710.1269361972809,40
710.1272480487823,124
710.1274771690369,40
712.125981092453,40
712.1262559890747,40
712.1265461444855,124
712.1268219947815,124
712.1270790100098,40
712.1273131370544,40
714.1265091896057,124
714.1267352104187,40
714.1269931793213,40
714.1272549629211,40
714.127562046051,124
714.1278300285339,124
716.1261649131775,40
716.1264171600342,40
716.1267681121826,124
716.1269671916962,40
716.1272211074829,40
716.1274809837341,40
718.1270499229431,124
718.1273131370544,124
718.1275470256805,40
718.1278150081635,40
718.1281130313873,124
718.1283349990845,40
720.127445936203,40
720.1277079582214,40
720.1280281543732,124
720.1282749176025,124
720.1285200119019,40
720.1287651062012,40
722.127072095871,124
722.127289056778,40
722.1275401115417,40
722.1277930736542,40
722.1280980110168,124
722.1283659934998,124
724.1268181800842,40
724.1270749568939,40
724.1273770332336,124
724.1276271343231,40
724.1278610229492,40
724.128133058548,40
726.1269800662994,124
726.1272342205048,124
726.1274840831757,40
726.1277220249176,40
726.1279969215393,124
726.1282320022583,40
728.1274409294128,40
728.1277279853821,40
728.1280310153961,124
728.1282851696014,124
728.1285011768341,40
728.1287829875946,40
730.1280710697174,124
730.1283159255981,40
730.128543138504,40
730.128830909729,40
730.1291120052338,124
730.1294350624084,124
732.1276891231537,40
732.1279780864716,40
732.1282601356506,124
732.1284761428833,40
732.1287422180176,40
732.1290102005005,40
734.1282021999359,124
734.128448009491,124
734.128664970398,40
734.1289172172546,40
734.129271030426,124
734.1294629573822,40
736.1281781196594,40
736.1284201145172,40
736.1287410259247,124
736.1292490959167,124
736.129271030426,40
736.1294701099396,40
738.128623008728,124
738.128849029541,40
738.1291301250458,40
738.1294040679932,40
738.1297149658203,124
738.1299819946289,124
740.1287829875946,40
740.1290531158447,40
740.1297309398651,124
740.1297352313995,40
740.1298649311066,40
740.1301050186157,40
742.1285500526428,124
742.128849029541,124
742.1290512084961,40
742.1293051242828,40
742.129646062851,124
742.1299512386322,40
744.1287970542908,40
744.129065990448,40
744.1293461322784,124
744.1296470165253,124
744.1299021244049,40
744.1301610469818,40
746.1292941570282,124
746.1295230388641,40
746.1298060417175,40
746.130086183548,40
746.1303770542145,124
746.130646944046,124
748.1291301250458,40
748.1293749809265,40
748.129702091217,124
748.129979133606,40
748.1302080154419,40
748.1304650306702,40
750.1295051574707,124
750.1298191547394,124
750.1300110816956,40
750.1302881240845,40
750.1305961608887,124
750.1308310031891,40
752.1290881633759,40
752.1293511390686,40
752.1296880245209,124
752.1302559375763,124
752.130261182785,40
752.1304640769958,40
754.1292500495911,124
754.1294801235199,40
754.1297881603241,40
754.1300480365753,40
754.1303329467773,124
754.1305899620056,124
756.1295490264893,40
756.1298451423645,40
756.1301350593567,124
756.1303639411926,40
756.1306290626526,40
756.1308999061584,40
758.1299540996552,124
758.1302299499512,124
758.1304500102997,40
758.1307260990143,40
758.1310379505157,124
758.1312489509583,40
760.1309950351715,40
760.1312820911407,40
760.1315760612488,124
760.1318361759186,124
760.132082939148,40
760.1323549747467,40
762.1302361488342,124
762.130481004715,40
762.1307420730591,40
762.1309900283813,40
762.1313230991364,124
762.13156914711,124
764.1300699710846,40
764.1303191184998,40
764.1306641101837,124
764.1308600902557,40
764.1311092376709,40
764.1313700675964,40
766.1303870677948,124
766.1306672096252,124
766.1308841705322,40
766.131135225296,40
766.1314191818237,124
766.1316649913788,40
768.13081407547,40
768.1310670375824,40
768.1313490867615,124
768.1316030025482,124
768.131863117218,40
768.1321229934692,40
770.1321160793304,124
770.1321201324463,40
770.1322748661041,40
770.1325361728668,40
770.1329700946808,124
770.1331281661987,124
772.1311390399933,40
772.1314280033112,40
772.131726026535,124
772.1318671703339,40
772.13214802742,40
772.1324579715729,40
774.1305961608887,124
774.1308450698853,124
774.1310529708862,40
774.1313469409943,40
774.1316201686859,124
774.1318950653076,40
776.1316969394684,40
776.1319420337677,40
776.1322290897369,124
776.1325190067291,124
776.132749080658,40
776.1330020427704,40
778.1315171718597,124
778.131777048111,40
778.1321790218353,40
778.1322820186615,40
778.1325988769531,124
778.1329250335693,124
780.1321249008179,40
780.1323771476746,40
780.1326620578766,124
780.1329209804535,40
780.1331701278687,40
780.1334249973297,40
782.1314330101013,124
782.1317000389099,124
782.1320440769196,40
782.1321761608124,40
782.1324560642242,124
782.1326961517334,40
784.1319110393524,40
784.1322810649872,40
784.1324441432953,124
784.1327500343323,124
784.1329250335693,40
784.1332530975342,40
786.1325590610504,124
786.1327700614929,40
786.1330451965332,40
786.1333351135254,40
786.1336078643799,124
786.1338908672333,124
788.1320221424103,40
788.1322820186615,40
788.1325800418854,124
788.1328032016754,40
788.1330559253693,40
788.1333031654358,40
790.1328830718994,124
790.1331460475922,124
790.1333649158478,40
790.1336479187012,40
790.133955001831,124
790.1341829299927,40
792.1324021816254,40
792.1326780319214,40
792.132973909378,124
792.1332261562347,124
792.1334512233734,40
792.1337451934814,40
794.1331601142883,124
794.1335809230804,40
794.1336431503296,40
794.133926153183,40
794.1342191696167,124
794.134476184845,124
796.1329290866852,40
796.1332120895386,40
796.1335110664368,124
796.1337149143219,40
796.1339671611786,40
796.1342539787292,40
798.1333220005035,124
798.1335771083832,124
798.1337969303131,40
798.1341190338135,40
798.1343610286713,124
798.1345829963684,40
800.1352610588074,40
800.1356229782104,40
800.1356279850006,124
800.1357710361481,124
800.1359989643097,40
800.136255979538,40
802.1337239742279,124
802.1339600086212,40
802.1342079639435,40
802.1344659328461,40
802.1347880363464,124
802.1350541114807,124
804.1336691379547,40
804.1339299678802,40
804.1342461109161,124
804.134428024292,40
804.1346979141235,40
804.1349630355835,40
806.1335871219635,124
806.1338691711426,124
806.1341030597687,40
806.1343469619751,40
806.1346342563629,124
806.1348810195923,40
808.1340441703796,40
808.134378194809,40
808.1346061229706,124
808.1349489688873,124
808.1351239681244,40
808.1353671550751,40
810.1345341205597,124
810.1347591876984,40
810.1350250244141,40
810.1353342533112,40
810.13560795784,124
810.1358730792999,124
812.1345400810242,40
812.1347470283508,40
812.1350240707397,124
812.1352541446686,40
812.1355290412903,40
812.1357860565186,40
814.1345570087433,124
814.1349430084229,124
814.1350421905518,40
814.1353130340576,40
814.1356399059296,124
814.1359078884125,40
816.1346430778503,40
816.1349129676819,40
816.1352100372314,124
816.1354479789734,124
816.1356980800629,40
816.1359601020813,40
818.1350600719452,124
818.1352791786194,40
818.1355340480804,40
818.1358182430267,40
818.1361141204834,124
818.1363990306854,124
820.1353390216827,40
820.1355819702148,40
820.1358828544617,124
820.1361219882965,40
820.1363689899445,40
820.1366219520569,40
822.1351828575134,124
822.1354351043701,124
822.1356592178345,40
822.1359078884125,40
822.136214017868,124
822.1364319324493,40
824.1350300312042,40
824.1362328529358,40
824.1362931728363,124
824.1363379955292,124
824.1363592147827,40
824.1363809108734,40
826.1355240345001,124
826.1357560157776,40
826.1360092163086,40
826.1362671852112,40
826.1365950107574,124
826.1368551254272,124
828.1357340812683,40
828.1358740329742,40
828.136146068573,124
828.1363711357117,40
828.1366541385651,40
828.1369140148163,40
830.1401262283325,124
830.1401340961456,124
830.1401381492615,40
830.1401469707489,40
830.1401500701904,124
830.1401550769806,40
832.1360049247742,40
832.136262178421,40
832.1365520954132,124
832.1368079185486,124
832.137059211731,40
832.1373209953308,40
834.136421918869,124
834.1366121768951,40
834.1368682384491,40
834.1371541023254,40
834.1374471187592,124
834.1377172470093,124
836.135801076889,40
836.1360511779785,40
836.1363639831543,124
836.1366031169891,40
836.1368730068207,40
836.1371600627899,40
838.1363809108734,124
838.1366460323334,124
838.136864900589,40
838.1371130943298,40
838.1373989582062,124
838.1376719474792,40
840.1369969844818,40
840.1372520923615,40
840.1375529766083,124
840.1378290653229,124
840.1380620002747,40
840.1383500099182,40
842.1368172168732,124
842.1370639801025,40
842.1372799873352,40
842.1375498771667,40
842.137864112854,124
842.138120174408,124
844.1370441913605,40
844.1380159854889,40
844.1380200386047,124
844.1380240917206,40
844.1385450363159,40
844.1385860443115,40
846.1375379562378,124
846.1378810405731,124
846.1380171775818,40
846.1383910179138,40
846.1385910511017,124
846.1388320922852,40
848.137188911438,40
848.137460231781,40
848.1377420425415,124
848.1380100250244,124
848.1382701396942,40
848.1385102272034,40
850.1380970478058,124
850.1383299827576,40
850.1386280059814,40
850.1388640403748,40
850.1391499042511,124
850.1394441127777,124
852.1371240615845,40
852.1373720169067,40
852.1376750469208,124
852.1379110813141,40
852.1381568908691,40
852.1384100914001,40
854.1377639770508,124
854.1380150318146,124
854.1382389068604,40
854.1384930610657,40
854.1388828754425,124
854.1390361785889,40
856.1377079486847,40
856.137974023819,40
856.1382648944855,124
856.1385231018066,124
856.1387591362,40
856.1390299797058,40
858.137638092041,124
858.1378610134125,40
858.1381380558014,40
858.1384110450745,40
858.1386871337891,124
858.1389610767365,124
860.1390480995178,40
860.139328956604,40
860.139631986618,124
860.1399068832397,40
860.1404600143433,40
860.1404640674591,40
862.1381680965424,124
862.1384530067444,124
862.1386699676514,40
862.1389200687408,40
862.1392068862915,124
862.1394739151001,40
864.1386330127716,40
864.1388101577759,40
864.1390960216522,124
864.1393489837646,124
864.1396150588989,40
864.1398930549622,40
866.1388051509857,124
866.1390211582184,40
866.1392800807953,40
866.1395709514618,40
866.139927148819,124
866.1401739120483,124
868.1386029720306,40
868.1388740539551,40
868.139163017273,124
868.1394050121307,40
868.139664888382,40
868.1399681568146,40
870.1396880149841,124
870.1399619579315,124
870.140214920044,40
870.140468120575,40
870.1407670974731,124
870.1410150527954,40
872.1392171382904,40
872.1394701004028,40
872.1398248672485,124
872.1400671005249,124
872.140319108963,40
872.1405770778656,40
874.1396329402924,124
874.1398870944977,40
874.1401422023773,40
874.1404230594635,40
874.1407091617584,124
874.1409740447998,124
876.1395192146301,40
876.1398160457611,40
876.1401000022888,124
876.1403551101685,40
876.1406080722809,40
876.140878200531,40
878.1397390365601,124
878.1400279998779,124
878.1402471065521,40
878.1405010223389,40
878.1408181190491,124
878.1410510540009,40
880.1401879787445,40
880.1404330730438,40
880.1407248973846,124
880.1410131454468,124
880.1412630081177,40
880.1415059566498,40
882.1401340961456,124
882.1403498649597,40
882.1406021118164,40
882.1408550739288,40
882.1411731243134,124
882.1414320468903,124
884.139622926712,40
884.1399159431458,40
884.1402342319489,124
884.1404449939728,40
884.1407051086426,40
884.1409430503845,40
886.1401970386505,124
886.1404409408569,124
886.1406750679016,40
886.1409740447998,40
886.1411859989166,124
886.1414399147034,40
888.1406102180481,40
888.1408710479736,40
888.1411640644073,124
888.1414408683777,124
888.1416828632355,40
888.1419451236725,40
890.1415359973907,124
890.1417121887207,40
890.1419842243195,40
890.1422319412231,40
890.1425511837006,124
890.1428091526031,124
892.1405091285706,40
892.1407561302185,40
892.1410682201385,124
892.1412870883942,40
892.1415441036224,40
892.1418149471283,40
894.1408739089966,124
894.1412172317505,124
894.1413900852203,40
894.1416342258453,40
894.141923904419,124
894.1422069072723,40
896.1408090591431,40
896.1410620212555,40
896.1413922309875,124
896.1416320800781,124
896.1418578624725,40
896.1421270370483,40
898.1414051055908,124
898.1416320800781,40
898.1418871879578,40
898.1421341896057,40
898.1424450874329,124
898.1427059173584,124
900.1416940689087,40
900.1419498920441,40
900.1422328948975,124
900.1424829959869,40
900.142746925354,40
900.1430041790009,40
902.1415219306946,124
902.1418092250824,124
902.142049074173,40
902.1422860622406,40
902.1425659656525,124
902.1428799629211,40
904.1413841247559,40
904.1415672302246,40
904.1418790817261,124
904.1421341896057,124
904.1424031257629,40
904.1426110267639,40
906.1422760486603,124
906.1424899101257,40
906.1427431106567,40
906.1430249214172,40
906.1433329582214,124
906.1436049938202,124
908.1422719955444,40
908.1425280570984,40
908.1428260803223,124
908.1430649757385,40
908.1433780193329,40
908.143590927124,40
910.1431591510773,124
910.1434490680695,124
910.1436820030212,40
910.1439342498779,40
910.1442291736603,124
910.144543170929,40
912.1423380374908,40
912.1426341533661,40
912.1429090499878,124
912.1431701183319,124
912.1434092521667,40
912.1436870098114,40
914.1435260772705,124
914.1437828540802,40
914.1440410614014,40
914.1443681716919,40
914.1446158885956,124
914.1448891162872,124
916.1429390907288,40
916.1431488990784,40
916.1434791088104,124
916.1436610221863,40
916.1440091133118,40
916.1442220211029,40
918.1431090831757,124
918.1433820724487,124
918.1435930728912,40
918.1438450813293,40
918.1442031860352,124
918.144387960434,40
920.143443107605,40
920.1436989307404,40
920.1439881324768,124
920.1442630290985,124
920.1445000171661,40
920.1447479724884,40
922.1434690952301,124
922.143697977066,40
922.1439499855042,40
922.1442260742188,40
922.1445460319519,124
922.1447842121124,124
924.143513917923,40
924.143748998642,40
924.1440360546112,124
924.1442658901215,40
924.1445498466492,40
924.1448361873627,40
926.1439921855927,124
926.1442611217499,124
926.1445360183716,40
926.1447749137878,40
926.1450691223145,124
926.1452941894531,40
928.143630027771,40
928.1439049243927,40
928.1441869735718,124
928.144453048706,124
928.144688129425,40
928.1449670791626,40
930.1450231075287,124
930.1452479362488,40
930.1455080509186,40
930.1458041667938,40
930.1460800170898,124
930.1464121341705,124
932.1437711715698,40
932.1440329551697,40
932.1443409919739,124
932.1445691585541,40
932.1448130607605,40
932.1450951099396,40
934.1437890529633,124
934.1440370082855,124
934.144289970398,40
934.1445889472961,40
934.1448249816895,124
934.1450469493866,40
936.1446130275726,40
936.1448709964752,40
936.1451559066772,124
936.1454350948334,124
936.1456701755524,40
936.1459250450134,40
938.1453080177307,124
938.1455500125885,40
938.1458270549774,40
938.1461660861969,40
938.1464021205902,124
938.1466920375824,124
940.1552290916443,40
940.1555979251862,40
940.1559920310974,124
940.1563410758972,40
940.1566998958588,40
940.1570789813995,40
942.1450748443604,124
942.1451990604401,124
942.1454510688782,40
942.1456730365753,40
942.1459829807281,124
942.1462249755859,40
944.144947052002,40
944.1449720859528,40
944.1452629566193,124
944.1454999446869,124
944.145721912384,40
944.1459701061249,40
946.1449851989746,124
946.1452150344849,40
946.1454770565033,40
946.1457231044769,40
946.146008014679,124
946.1462860107422,124
948.1454682350159,40
948.1457390785217,40
948.1460092067719,124
948.1462361812592,40
948.146516084671,40
948.1467680931091,40
950.1459000110626,124
950.1461319923401,124
950.1463479995728,40
950.1467070579529,40
950.1469490528107,124
950.1471431255341,40
952.145268201828,40
952.1455271244049,40
952.1458320617676,124
952.146094083786,124
952.1463150978088,40
952.1466200351715,40
954.146103143692,124
954.146341085434,40
954.1465818881989,40
954.1468601226807,40
954.1472210884094,124
954.1474330425262,124
956.1458489894867,40
956.1461219787598,40
956.1464190483093,124
956.1466619968414,40
956.1468942165375,40
956.1473219394684,40
958.1464290618896,124
958.1466960906982,124
958.1469280719757,40
958.1472148895264,40
958.1475141048431,124
958.1477479934692,40
960.1468050479889,40
960.1470649242401,40
960.1473760604858,124
960.1476700305939,124
960.1478772163391,40
960.1481499671936,40
962.1463899612427,124
962.1466360092163,40
962.1468861103058,40
962.1471569538116,40
962.1474270820618,124
962.1477150917053,124
964.1466171741486,40
964.1468889713287,40
964.1471691131592,124
964.1473932266235,40
964.1476771831512,40
964.1479408740997,40
966.146644115448,124
966.1469120979309,124
966.1471300125122,40
966.1473889350891,40
966.1476771831512,124
966.1479649543762,40
968.1465539932251,40
968.1467978954315,40
968.1470971107483,124
968.1473610401154,124
968.1475841999054,40
968.1478559970856,40
970.1473290920258,124
970.147490978241,40
970.1477620601654,40
970.1480140686035,40
970.1483221054077,124
970.148579120636,124
972.1471121311188,40
972.1473951339722,40
972.1476829051971,124
972.1479148864746,40
972.1481761932373,40
972.1484570503235,40
974.1472010612488,124
974.1474630832672,124
974.1477069854736,40
974.1479601860046,40
974.1482579708099,124
974.1485040187836,40
976.1474499702454,40
976.1477291584015,40
976.148017168045,124
976.1482779979706,124
976.1485030651093,40
976.1487879753113,40
978.1475479602814,124
978.1478230953217,40
978.1480610370636,40
978.1483409404755,40
978.1488220691681,124
978.148983001709,124
980.1488480567932,40
980.1491239070892,40
980.1495380401611,124
980.1496441364288,40
980.1499409675598,40
980.1502120494843,40
982.1473610401154,124
982.1476211547852,124
982.1478478908539,40
982.1481149196625,40
982.1484000682831,124
982.1486389636993,40
984.1484730243683,40
984.1487300395966,40
984.1490240097046,124
984.1493201255798,124
984.1495430469513,40
984.1498119831085,40
986.1486120223999,124
986.1488389968872,40
986.1491799354553,40
986.1493451595306,40
986.1496601104736,124
986.1499531269073,124
988.1487231254578,40
988.1489851474762,40
988.1492619514465,124
988.1494879722595,40
988.1498091220856,40
988.1500630378723,40
990.1498970985413,124
990.1501660346985,124
990.1503970623016,40
990.150640964508,40
990.1509602069855,124
990.15119099617,40
992.1484489440918,40
992.148698091507,40
992.1489980220795,124
992.1492459774017,124
992.1495139598846,40
992.1497280597687,40
994.15016913414,124
994.1504459381104,40
994.1506340503693,40
994.150887966156,40
994.1512141227722,124
994.1514921188354,124
996.1501111984253,40
996.1503930091858,40
996.150682926178,124
996.151162147522,40
996.1511659622192,40
996.151437997818,40
998.1503021717072,124
998.1507790088654,124
998.1509299278259,40
998.1514639854431,40
998.1515140533447,124
998.151612997055,40
1000.1507909297943,40
1000.151043176651,40
1000.151330947876,124
1000.1516110897064,124
1000.1518461704254,40
1000.152261018753,40
1002.1505692005157,124
1002.1508209705353,40
1002.1510989665985,40
1002.1513979434967,40
1002.151615858078,124
1002.1519191265106,124
1004.150906085968,40
1004.1511921882629,40
1004.1514580249786,124
1004.1516909599304,40
1004.1519639492035,40
1004.1522209644318,40
1006.150906085968,124
1006.1511900424957,124
1006.1514050960541,40
1006.1516630649567,40
1006.1519610881805,124
1006.1522040367126,40
1008.1512219905853,40
1008.151486158371,40
1008.1517701148987,124
1008.1520299911499,124
1008.1522860527039,40
1008.1526210308075,40
1010.1521110534668,124
1010.1523580551147,40
1010.1526341438293,40
1010.1528880596161,40
1010.1531820297241,124
1010.1534762382507,124
1012.1512639522552,40
1012.1515350341797,40
1012.1518211364746,124
1012.1520640850067,40
1012.1523070335388,40
1012.1525950431824,40
1014.1518621444702,124
1014.1521310806274,124
1014.1523530483246,40
1014.1526069641113,40
1014.152910232544,124
1014.1531479358673,40
1016.1518621444702,40
1016.1521561145782,40
1016.152410030365,124
1016.1526560783386,124
1016.1529030799866,40
1016.1531510353088,40
1018.1527440547943,124
1018.1529681682587,40
1018.1533401012421,40
1018.1535069942474,40
1018.1538021564484,124
1018.1541049480438,124
1020.1522431373596,40
1020.1524980068207,40
1020.1527819633484,124
1020.1530101299286,40
1020.153293132782,40
1020.1535539627075,40
1022.1518590450287,124
1022.1521260738373,124
1022.1523690223694,40
1022.1526041030884,40
1022.1528940200806,124
1022.1531012058258,40
1024.152813911438,40
1024.1530721187592,40
1024.1533570289612,124
1024.153640985489,124
1024.1538829803467,40
1024.154130935669,40
1026.152930021286,124
1026.1531550884247,40
1026.153412103653,40
1026.153685092926,40
1026.1539931297302,124
1026.1542370319366,124
1028.1525390148163,40
1028.1527781486511,40
1028.1530799865723,124
1028.1533272266388,40
1028.1535601615906,40
1028.1538228988647,40
1030.1530721187592,124
1030.1533451080322,124
1030.1535601615906,40
1030.1538050174713,40
1030.1541352272034,124
1030.1543591022491,40
1032.1529681682587,40
1032.1532289981842,40
1032.153519153595,124
1032.1537730693817,124
1032.1541092395782,40
1032.154294013977,40
1034.1538770198822,124
1034.1541039943695,40
1034.1543760299683,40
1034.1546521186829,40
1034.1549279689789,124
1034.155240058899,124
1036.1535630226135,40
1036.1538240909576,40
1036.1541080474854,124
1036.1543319225311,40
1036.154618024826,40
1036.1548750400543,40
1038.1540551185608,124
1038.1543090343475,124
1038.1545360088348,40
1038.154823064804,40
1038.155114889145,124
1038.155347108841,40
1040.1547031402588,40
1040.1549890041351,40
1040.1552729606628,124
1040.1555330753326,124
1040.1557641029358,40
1040.1560549736023,40
1042.1542172431946,124
1042.1544511318207,40
1042.154699087143,40
1042.1549830436707,40
1042.1552770137787,124
1042.1555399894714,124
1044.1539511680603,40
1044.1542191505432,40
1044.1544950008392,124
1044.154717206955,40
1044.1549649238586,40
1044.155261039734,40
1046.1544649600983,124
1046.1547210216522,124
1046.154946088791,40
1046.1551959514618,40
1046.1555092334747,124
1046.155732870102,40
1048.1545078754425,40
1048.1547691822052,40
1048.1550478935242,124
1048.155298948288,124
1048.1555540561676,40
1048.1558139324188,40
1050.1553030014038,124
1050.155522108078,40
1050.1558091640472,40
1050.1560740470886,40
1050.1563551425934,124
1050.1566410064697,124
1052.1544671058655,40
1052.1547319889069,40
1052.1550328731537,124
1052.1552641391754,40
1052.155515909195,40
1052.1557910442352,40
1054.1550540924072,124
1054.1553230285645,124
1054.1555318832397,40
1054.1557869911194,40
1054.1560990810394,124
1054.156322002411,40
1056.1555590629578,40
1056.1558120250702,40
1056.1561012268066,124
1056.1563861370087,124
1056.1566100120544,40
1056.1568739414215,40
1058.1555421352386,124
1058.1557619571686,40
1058.1560201644897,40
1058.156310081482,40
1058.1566021442413,124
1058.1568579673767,124
1060.1561131477356,40
1060.1563920974731,40
1060.1567070484161,124
1060.1569211483002,40
1060.157222032547,40
1060.1574420928955,40
1062.155879020691,124
1062.1561391353607,124
1062.1563611030579,40
1062.1566479206085,40
1062.1569290161133,124
1062.1571681499481,40
1064.1560299396515,40
1064.156289100647,40
1064.1565611362457,124
1064.1568579673767,124
1064.1570720672607,40
1064.1573359966278,40
1066.1557760238647,124
1066.1562790870667,40
1066.1563041210175,40
1066.1565499305725,40
1066.1568250656128,124
1066.1571249961853,124
1068.1563041210175,40
1068.156497001648,40
1068.1567950248718,124
1068.157063961029,40
1068.157303094864,40
1068.1575601100922,40
1070.1568710803986,124
1070.1571261882782,124
1070.1573660373688,40
1070.1576261520386,40
1070.1578998565674,124
1070.158126115799,40
1072.1565351486206,40
1072.1567850112915,40
1072.1570670604706,124
1072.1573390960693,124
1072.1575801372528,40
1072.1578299999237,40
1074.1567239761353,124
1074.1568961143494,40
1074.157145023346,40
1074.1573989391327,40
1074.1577031612396,124
1074.1579539775848,124
1076.1565301418304,40
1076.1568050384521,40
1076.1570999622345,124
1076.15731215477,40
1076.157562971115,40
1076.157879114151,40
1078.1569180488586,124
1078.1571850776672,124
1078.15740609169,40
1078.1576578617096,40
1078.1579720973969,124
1078.1582040786743,40
1080.1574862003326,40
1080.157798051834,40
1080.158037185669,124
1080.15833902359,124
1080.1585459709167,40
1080.158804178238,40
1082.1574029922485,124
1082.157711982727,40
1082.1578781604767,40
1082.1581370830536,40
1082.158462047577,124
1082.1587150096893,124
1084.1574580669403,40
1084.1577141284943,40
1084.1580290794373,124
1084.1582300662994,40
1084.1585011482239,40
1084.1587691307068,40
1086.1575021743774,124
1086.157788991928,124
1086.158024072647,40
1086.15833902359,40
1086.1585762500763,124
1086.1588020324707,40
1088.1579341888428,40
1088.1581881046295,40
1088.1585030555725,124
1088.158753156662,124
1088.158987045288,40
1088.1592469215393,40
1090.1589040756226,124
1090.15918302536,40
1090.159430027008,40
1090.1596701145172,40
1090.1600620746613,124
1090.160348892212,124
1092.1579670906067,40
1092.1582441329956,40
1092.1585319042206,124
1092.1587591171265,40
1092.1590361595154,40
1092.1592988967896,40
1094.1581120491028,124
1094.1583940982819,124
1094.158634185791,40
1094.1588761806488,40
1094.1591658592224,124
1094.159420967102,40
1096.1585431098938,40
1096.1586949825287,40
1096.1589760780334,124
1096.1592922210693,124
1096.15957903862,40
1096.1597611904144,40
1098.1585700511932,124
1098.1587960720062,40
1098.1590650081635,40
1098.1593220233917,40
1098.159609079361,124
1098.1598980426788,124
1100.159576177597,40
1100.1598529815674,40
1100.1601910591125,124
1100.1604578495026,40
1100.160726070404,40
1100.1609592437744,40
1102.1588771343231,124
1102.1591470241547,124
1102.1593611240387,40
1102.1596100330353,40
1102.1599459648132,124
1102.1602330207825,40
1104.1589329242706,40
1104.1592469215393,40
1104.1595211029053,124
1104.1597700119019,124
1104.16006398201,40
1104.1603360176086,40
1106.1588990688324,124
1106.159115076065,40
1106.159390926361,40
1106.1596488952637,40
1106.1599621772766,124
1106.160255908966,124
1108.1594078540802,40
1108.1596591472626,40
1108.159968137741,124
1108.1602120399475,40
1108.160500049591,40
1108.1607530117035,40
1110.1601359844208,124
1110.160397052765,124
1110.1606590747833,40
1110.1609139442444,40
1110.161197900772,124
1110.1614880561829,40
1112.1596460342407,40
1112.1599290370941,40
1112.1602342128754,124
1112.160530090332,124
1112.1607410907745,40
1112.1610078811646,40
1114.1599309444427,124
1114.1602370738983,40
1114.1604640483856,40
1114.1607160568237,40
1114.1610720157623,124
1114.1612961292267,124
1116.1602120399475,40
1116.1604690551758,40
1116.1607530117035,124
1116.161005973816,40
1116.161268234253,40
1116.1615262031555,40
1118.1603739261627,124
1118.1606512069702,124
1118.1608860492706,40
1118.1611380577087,40
1118.161453962326,124
1118.1616950035095,40
1120.1602489948273,40
1120.1605150699615,40
1120.16082406044,124
1120.1610531806946,124
1120.1613011360168,40
1120.1615681648254,40
1122.1601650714874,124
1122.1603889465332,40
1122.1606740951538,40
1122.1609191894531,40
1122.1612432003021,124
1122.1614842414856,124
1124.1599261760712,40
1124.1601998806,40
1124.1604871749878,124
1124.160805940628,40
1124.1609749794006,40
1124.1612389087677,40
1126.1606440544128,124
1126.1609239578247,124
1126.161190032959,40
1126.1614270210266,40
1126.1616959571838,124
1126.1619489192963,40
1128.160455942154,40
1128.160707950592,40
1128.1610190868378,124
1128.1612830162048,124
1128.1615090370178,40
1128.1617600917816,40
1130.161787033081,124
1130.161983013153,40
1130.1622400283813,40
1130.1624999046326,40
1130.1627840995789,124
1130.163048028946,124
1132.1611659526825,40
1132.1613719463348,40
1132.1616592407227,124
1132.161889076233,40
1132.162141084671,40
1132.1624281406403,40
1134.1618421077728,124
1134.1621160507202,124
1134.1623330116272,40
1134.1626131534576,40
1134.1629059314728,124
1134.1631381511688,40
1136.1612899303436,40
1136.1615300178528,40
1136.1618461608887,124
1136.1621248722076,124
1136.16233420372,40
1136.1626160144806,40
1138.1615080833435,124
1138.16179895401,40
1138.162013053894,40
1138.1622700691223,40
1138.162560224533,124
1138.1628949642181,124
1140.1622951030731,40
1140.162521123886,40
1140.1628470420837,124
1140.1630601882935,40
1140.163311958313,40
1140.1636579036713,40
1142.161740064621,124
1142.162024974823,124
1142.1622350215912,40
1142.1624898910522,40
1142.162770986557,124
1142.1629960536957,40
1144.1619951725006,40
1144.1622800827026,40
1144.162560224533,124
1144.1628432273865,124
1144.163078069687,40
1144.1633479595184,40
1146.162801027298,124
1146.1629700660706,40
1146.163213968277,40
1146.1635479927063,40
1146.1637880802155,124
1146.1640422344208,124
1148.1629111766815,40
1148.1631541252136,40
1148.1634550094604,124
1148.163693189621,40
1148.1639730930328,40
1148.164204120636,40
1150.1636300086975,124
1150.1639280319214,124
1150.1642079353333,40
1150.1644749641418,40
1150.1647489070892,124
1150.1654498577118,40
1152.1628201007843,40
1152.1630899906158,40
1152.1633820533752,124
1152.1636650562286,124
1152.1638560295105,40
1152.164139032364,40
1154.1626391410828,124
1154.1628680229187,40
1154.163134098053,40
1154.1633789539337,40
1154.163666009903,124
1154.163919210434,124
1156.1627049446106,40
1156.16295003891,40
1156.163301229477,124
1156.1634969711304,40
1156.163722038269,40
1156.1639709472656,40
1158.1635110378265,124
1158.1637880802155,124
1158.1640119552612,40
1158.1642580032349,40
1158.1645760536194,124
1158.164810180664,40
1160.1641719341278,40
1160.1645200252533,40
1160.164747953415,124
1160.1650040149689,124
1160.1652340888977,40
1160.1654951572418,40
1162.163321018219,124
1162.1635842323303,40
1162.163820028305,40
1162.1640701293945,40
1162.1643841266632,124
1162.1646370887756,124
1164.1638770103455,40
1164.1641421318054,40
1164.1644690036774,124
1164.1646559238434,40
1164.1649370193481,40
1164.1652011871338,40
1166.163805961609,124
1166.1640720367432,124
1166.164304971695,40
1166.164566040039,40
1166.164860010147,124
1166.1651051044464,40
1168.1641092300415,40
1168.1643941402435,40
1168.1646749973297,124
1168.1649441719055,124
1168.1651799678802,40
1168.1654570102692,40
1170.165069103241,124
1170.1652879714966,40
1170.1655871868134,40
1170.1658470630646,40
1170.1661319732666,124
1170.16641497612,124
1172.1638350486755,40
1172.1640629768372,40
1172.1643431186676,124
1172.16459608078,40
1172.1648380756378,40
1172.1650841236115,40
1174.1643319129944,124
1174.164598941803,124
1174.1648490428925,40
1174.165104150772,40
1174.1653900146484,124
1174.16561293602,40
1176.1646909713745,40
1176.1649630069733,40
1176.1652500629425,124
1176.165503025055,124
1176.1657440662384,40
1176.1660079956055,40
1178.1648569107056,124
1178.1650998592377,40
1178.1653621196747,40
1178.1656539440155,40
1178.1659579277039,124
1178.1662139892578,124
1180.1656701564789,40
1180.1658279895782,40
1180.1661109924316,124
1180.1664021015167,40
1180.1666100025177,40
1180.1668591499329,40
1182.1648449897766,124
1182.1650829315186,124
1182.1653060913086,40
1182.1655859947205,40
1182.1659231185913,124
1182.1660940647125,40
1184.165360212326,40
1184.165647983551,40
1184.1659290790558,124
1184.1661908626556,124
1184.166412115097,40
1184.1666922569275,40
1186.1654579639435,124
1186.1656999588013,40
1186.1659579277039,40
1186.1662158966064,40
1186.1665060520172,124
1186.1667931079865,124
1188.1655941009521,40
1188.1658761501312,40
1188.166165113449,124
1188.1664021015167,40
1188.1666421890259,40
1188.1669280529022,40
1190.1662170886993,124
1190.166473865509,124
1190.1667330265045,40
1190.1669430732727,40
1190.167249917984,124
1190.1674721240997,40
1192.1662800312042,40
1192.1665320396423,40
1192.1668391227722,124
1192.1670830249786,124
1192.167340040207,40
1192.1675860881805,40
1194.165990114212,124
1194.1662049293518,40
1194.166493177414,40
1194.166745185852,40
1194.1670281887054,124
1194.1672921180725,124
1196.1666569709778,40
1196.166894197464,40
1196.167172908783,124
1196.167438030243,40
1196.1676909923553,40
1196.167939901352,40
1198.1667771339417,124
1198.1670451164246,124
1198.1672720909119,40
1198.1675271987915,40
1198.1678421497345,124
1198.1680719852448,40
1200.1841530799866,40
1200.184578180313,40
1200.1850650310516,124
1200.1855149269104,124
1200.185935974121,40
1200.1863701343536,40
1202.1672961711884,124
1202.167484998703,40
1202.167752981186,40
1202.1681261062622,40
1202.1683840751648,124
1202.1685988903046,124
1204.167000055313,40
1204.1672749519348,40
1204.167559146881,124
1204.167785167694,40
1204.1680431365967,40
1204.16832613945,40
1206.166893005371,124
1206.167144060135,124
1206.1674120426178,40
1206.16765499115,40
1206.1679451465607,124
1206.168172121048,40
1208.1672990322113,40
1208.1675748825073,40
1208.1678512096405,124
1208.168114900589,124
1208.1683540344238,40
1208.1686398983002,40
1210.168184041977,124
1210.168406009674,40
1210.1686961650848,40
1210.168960094452,40
1210.1692621707916,124
1210.1695110797882,124
1212.1674740314484,40
1212.167720079422,40
1212.1680240631104,124
1212.1682569980621,40
1212.1685092449188,40
1212.1687870025635,40
1214.1678092479706,124
1214.1680960655212,124
1214.1683139801025,40
1214.1685690879822,40
1214.1688559055328,124
1214.1691682338715,40
1216.1677861213684,40
1216.1680300235748,40
1216.1683430671692,124
1216.1685950756073,124
1216.1688220500946,40
1216.1690969467163,40
1218.167881011963,124
1218.1680941581726,40
1218.168377161026,40
1218.1686351299286,40
1218.168935060501,124
1218.1691880226135,124
1220.1685318946838,40
1220.1687579154968,40
1220.1690390110016,124
1220.1692559719086,40
1220.1695520877838,40
1220.1697881221771,40
1222.1680281162262,124
1222.1682970523834,124
1222.1685059070587,40
1222.1687800884247,40
1222.1690559387207,124
1222.1692881584167,40
1224.1685910224915,40
1224.168867111206,40
1224.169147014618,124
1224.1694030761719,124
1224.1696329116821,40
1224.169911146164,40
1226.1685709953308,124
1226.168813943863,40
1226.169075012207,40
1226.169331073761,40
1226.1696219444275,124
1226.1698801517487,124
1228.16885304451,40
1228.1691300868988,40
1228.1694328784943,124
1228.1696639060974,40
1228.1699039936066,40
1228.1702191829681,40
1230.1692481040955,124
1230.1695311069489,124
1230.1697390079498,40
1230.169991016388,40
1230.170341014862,124
1230.1705691814423,40
1232.1688301563263,40
1232.1690700054169,40
1232.1693649291992,124
1232.1696350574493,124
1232.169851064682,40
1232.1701271533966,40
1234.1693739891052,124
1234.1696281433105,40
1234.1698770523071,40
1234.1701600551605,40
1234.1704549789429,124
1234.1707470417023,124
1236.1699271202087,40
1236.1702361106873,40
1236.1705238819122,124
1236.1707739830017,40
1236.1710340976715,40
1236.1713280677795,40
1238.170030117035,124
1238.170151233673,124
1238.1703729629517,40
1238.170636177063,40
1238.1709470748901,124
1238.171177148819,40
1240.1704380512238,40
1240.170697927475,40
1240.1709740161896,124
1240.1712682247162,124
1240.171490907669,40
1240.1717672348022,40
1242.1704342365265,124
1242.170678138733,40
1242.170914888382,40
1242.1711978912354,40
1242.171492099762,124
1242.171777009964,124
1244.1703610420227,40
1244.1706261634827,40
1244.170912027359,124
1244.1711390018463,40
1244.1714181900024,40
1244.171679019928,40
1246.1714799404144,124
1246.1717729568481,124
1246.1719989776611,40
1246.1722481250763,40
1246.1725580692291,124
1246.1728129386902,40
1248.1716182231903,40
1248.171884059906,40
1248.1721680164337,124
1248.1724281311035,124
1248.1726551055908,40
1248.17294216156,40
1250.1726682186127,124
1250.1728999614716,40
1250.1731579303741,40
1250.1734421253204,40
1250.1737220287323,124
1250.1740100383759,124
1252.1718709468842,40
1252.1721398830414,40
1252.1724262237549,124
1252.1726591587067,40
1252.1729171276093,40
1252.1731960773468,40
1254.1719961166382,124
1254.1722841262817,124
1254.1725180149078,40
1254.172779083252,40
1254.1730451583862,124
1254.1733031272888,40
1256.1721110343933,40
1256.1723971366882,40
1256.1726789474487,124
1256.1729381084442,124
1256.17316198349,40
1256.173448085785,40
1258.1722090244293,124
1258.172425031662,40
1258.1727409362793,40
1258.1729621887207,40
1258.1732342243195,124
1258.1735248565674,124
1260.1735620498657,40
1260.1738440990448,40
1260.1741321086884,124
1260.17436003685,40
1260.174637079239,40
1260.1749229431152,40
1262.172695159912,124
1262.172982931137,124
1262.173218011856,40
1262.173492193222,40
1262.1737489700317,124
1262.1740050315857,40
1264.1726970672607,40
1264.1729431152344,40
1264.1732461452484,124
1264.1735441684723,124
1264.1737408638,40
1264.1740219593048,40
1266.1731350421906,124
1266.1733920574188,40
1266.1736578941345,40
1266.1739211082458,40
1266.1742269992828,124
1266.174499988556,124
1268.173124074936,40
1268.1733989715576,40
1268.1736829280853,124
1268.1739249229431,40
1268.1741681098938,40
1268.17444896698,40
1270.1737780570984,124
1270.1740441322327,124
1270.1742720603943,40
1270.1745629310608,40
1270.1748490333557,124
1270.175106048584,40
1272.1740181446075,40
1272.1742639541626,40
1272.1745738983154,124
1272.1749970912933,124
1272.1750860214233,40
1272.1753559112549,40
1274.1735401153564,124
1274.1737852096558,40
1274.1740651130676,40
1274.1742980480194,40
1274.1745829582214,124
1274.1748671531677,124
1276.1738770008087,40
1276.174161195755,40
1276.1744630336761,124
1276.1746790409088,40
1276.1749520301819,40
1276.1752300262451,40
1278.174143075943,124
1278.174465894699,124
1278.1746499538422,40
1278.1748921871185,40
1278.1752030849457,124
1278.1754400730133,40
1280.1746380329132,40
1280.1748790740967,40
1280.1751670837402,124
1280.175462961197,124
1280.17568898201,40
1280.1759469509125,40
1282.174544095993,124
1282.174772977829,40
1282.175029039383,40
1282.1752922534943,40
1282.1756670475006,124
1282.1759011745453,124
1284.174488067627,40
1284.1747739315033,40
1284.1750569343567,124
1284.1752760410309,40
1284.175607919693,40
1284.1758260726929,40
1286.1744561195374,124
1286.174710035324,124
1286.1749579906464,40
1286.1752111911774,40
1286.1754941940308,124
1286.1758930683136,40
1288.1755039691925,40
1288.175712108612,40
1288.1759910583496,124
1288.1762690544128,124
1288.1765069961548,40
1288.176796913147,40
1290.1751780509949,124
1290.1754078865051,40
1290.1756649017334,40
1290.176138162613,40
1290.1762330532074,124
1290.176507949829,124
1292.175122976303,40
1292.1754069328308,40
1292.1757040023804,124
1292.1759240627289,40
1292.1761829853058,40
1292.1764750480652,40
1294.175534248352,124
1294.1758041381836,124
1294.1760640144348,40
1294.1763660907745,40
1294.1766090393066,124
1294.1768300533295,40
1296.1755092144012,40
1296.1758620738983,40
1296.1761000156403,124
1296.1763639450073,124
1296.1766998767853,40
1296.1769511699677,40
1298.175982952118,124
1298.1761531829834,40
1298.1764159202576,40
1298.1766710281372,40
1298.1770012378693,124
1298.1772480010986,124
1300.1759729385376,40
1300.1762261390686,40
1300.1765069961548,124
1300.1767439842224,40
1300.176999092102,40
1300.1772570610046,40
1302.1761240959167,124
1302.176374912262,124
1302.1766080856323,40
1302.176873922348,40
1302.1771640777588,124
1302.177404165268,40
1304.1759250164032,40
1304.1761729717255,40
1304.176479101181,124
1304.1767570972443,124
1304.1770260334015,40
1304.1773159503937,40
1306.1765630245209,124
1306.176786184311,40
1306.1770431995392,40
1306.1773040294647,40
1306.1776249408722,124
1306.1778900623322,124
1308.1767601966858,40
1308.177020072937,40
1308.1772999763489,124
1308.1775422096252,40
1308.1778092384338,40
1308.1780700683594,40
1310.1772639751434,124
1310.1775181293488,124
1310.1777710914612,40
1310.1780371665955,40
1310.1783320903778,124
1310.17857503891,40
1312.17689204216,40
1312.1771681308746,40
1312.1774580478668,124
1312.1777229309082,124
1312.1780030727386,40
1312.1782450675964,40
1314.177165031433,124
1314.177365064621,40
1314.1776192188263,40
1314.1778922080994,40
1314.1782100200653,124
1314.1784229278564,124
1316.1773121356964,40
1316.177572965622,40
1316.177843093872,124
1316.1780610084534,40
1316.1783421039581,40
1316.178601026535,40
1318.1781659126282,124
1318.178447008133,124
1318.1786999702454,40
1318.1789960861206,40
1318.179239988327,124
1318.1795010566711,40
1320.1776621341705,40
1320.1779100894928,40
1320.178197145462,124
1320.1785140037537,124
1320.1787102222443,40
1320.178955078125,40
1322.177660226822,124
1322.1778631210327,40
1322.1781070232391,40
1322.1786921024323,40
1322.1787431240082,124
1322.1792540550232,124
1324.1777470111847,40
1324.178030014038,40
1324.17831492424,124
1324.178550004959,40
1324.1787950992584,40
1324.1790750026703,40
1326.177817106247,124
1326.1780941486359,124
1326.1783249378204,40
1326.1785969734192,40
1326.1788799762726,124
1326.179118156433,40
1328.1779749393463,40
1328.1782641410828,40
1328.178550004959,124
1328.1788129806519,124
1328.1790409088135,40
1328.17933011055,40
1330.1786570549011,124
1330.178880929947,40
1330.179139137268,40
1330.1794261932373,40
1330.1797211170197,124
1330.1799709796906,124
1332.178034067154,40
1332.1783010959625,40
1332.1785979270935,124
1332.1788170337677,40
1332.1790659427643,40
1332.1793110370636,40
1334.1784670352936,124
1334.1787521839142,124
1334.1789810657501,40
1334.179237127304,40
1334.179524898529,124
1334.17977809906,40
1336.178554058075,40
1336.1788229942322,40
1336.179116010666,124
1336.1794021129608,124
1336.1795990467072,40
1336.1798779964447,40
1338.1794271469116,124
1338.1796171665192,40
1338.1798770427704,40
1338.1801750659943,40
1338.1804990768433,124
1338.1807601451874,124
1340.179573059082,40
1340.179829120636,40
1340.1801171302795,124
1340.180408000946,40
1340.1806800365448,40
1340.1809191703796,40
1342.1790790557861,124
1342.179351091385,124
1342.179594039917,40
1342.1798341274261,40
1342.1801171302795,124
1342.1804070472717,40
1344.1793761253357,40
1344.1796469688416,40
1344.1799230575562,124
1344.1801879405975,124
1344.1804740428925,40
1344.1807379722595,40
1346.179543018341,124
1346.1797881126404,40
1346.1800410747528,40
1346.1803531646729,40
1346.180626153946,124
1346.1809129714966,124
1348.1797230243683,40
1348.1799540519714,40
1348.1802649497986,124
1348.1805229187012,40
1348.180771112442,40
1348.1810450553894,40
1350.2007422447205,124
1350.2012012004852,124
1350.201592206955,40
1350.202043056488,40
1350.2025120258331,124
1350.2029230594635,40
1352.1827600002289,40
1352.1829960346222,40
1352.183315038681,124
1352.1835770606995,124
1352.1838030815125,40
1352.1840510368347,40
1354.1831600666046,124
1354.183401107788,40
1354.1836631298065,40
1354.1839101314545,40
1354.1844420433044,124
1354.1844980716705,124
1356.1835300922394,40
1356.1837930679321,40
1356.184079170227,124
1356.1843070983887,40
1356.1845922470093,40
1356.1848709583282,40
1358.1839771270752,124
1358.1842319965363,124
1358.184453010559,40
1358.1847381591797,40
1358.1850261688232,124
1358.185250043869,40
1360.1842131614685,40
1360.1844670772552,40
1360.184830904007,124
1360.1850500106812,124
1360.185282945633,40
1360.1855289936066,40
1362.1844611167908,124
1362.1846730709076,40
1362.184937953949,40
1362.1852059364319,40
1362.185494184494,124
1362.1857511997223,124
1364.184189081192,40
1364.1844820976257,40
1364.1847801208496,124
1364.1849720478058,40
1364.185203075409,40
1364.1854610443115,40
1366.184329032898,124
1366.1846311092377,124
1366.184802055359,40
1366.1851229667664,40
1366.1854310035706,124
1366.1856000423431,40
1368.1840569972992,40
1368.184298992157,40
1368.1846101284027,124
1368.1848621368408,124
1368.1850881576538,40
1368.1853351593018,40
1370.185250043869,124
1370.185474872589,40
1370.1857771873474,40
1370.1860649585724,40
1370.1863131523132,124
1370.1865808963776,124
1372.184399843216,40
1372.1846570968628,40
1372.1849479675293,124
1372.1851692199707,40
1372.1854710578918,40
1372.1856801509857,40
1374.1848499774933,124
1374.1851150989532,124
1374.185336112976,40
1374.185595035553,40
1374.1858739852905,124
1374.1861271858215,40
1376.1847701072693,40
1376.1850459575653,40
1376.1853342056274,124
1376.1855900287628,124
1376.185818195343,40
1376.1860880851746,40
1378.1878471374512,124
1378.1880512237549,40
1378.1883311271667,40
1378.18860912323,40
1378.1888799667358,124
1378.1891531944275,124
1380.1855380535126,40
1380.1857829093933,40
1380.1861100196838,124
1380.186280965805,40
1380.1865701675415,40
1380.1868262290955,40
1382.1848800182343,124
1382.1851172447205,124
1382.185336112976,40
1382.1856191158295,40
1382.1858961582184,124
1382.1864910125732,40
1384.1852960586548,40
1384.1855351924896,40
1384.1858270168304,124
1384.18607711792,124
1384.186303138733,40
1384.1865630149841,40
1386.1858611106873,124
1386.186105966568,40
1386.1863551139832,40
1386.1866190433502,40
1386.18692612648,124
1386.1872291564941,124
1388.1861879825592,40
1388.1864631175995,40
1388.1867260932922,124
1388.1869568824768,40
1388.1872539520264,40
1388.1875030994415,40
1390.1867830753326,124
1390.1870489120483,124
1390.187313079834,40
1390.1875629425049,40
1390.1878521442413,124
1390.188082933426,40
1392.1857960224152,40
1392.1860210895538,40
1392.1862969398499,124
1392.186574935913,124
1392.186830997467,40
1392.1870629787445,40
1394.1862499713898,124
1394.1864578723907,40
1394.1867270469666,40
1394.1870000362396,40
1394.1872930526733,124
1394.1875579357147,124
1396.186751127243,40
1396.1870031356812,40
1396.187294960022,124
1396.1875150203705,40
1396.1877889633179,40
1396.1880531311035,40
1398.1864111423492,124
1398.1866631507874,124
1398.186898946762,40
1398.1871650218964,40
1398.1874461174011,124
1398.187665939331,40
1400.1877691745758,40
1400.1880512237549,40
1400.1883680820465,124
1400.1886060237885,124
1400.188852071762,40
1400.18914103508,40
1402.1870300769806,124
1402.187232017517,40
1402.1875100135803,40
1402.187756061554,40
1402.188029050827,124
1402.1883192062378,124
1404.186861038208,40
1404.1871070861816,40
1404.1874310970306,124
1404.1876499652863,40
1404.18790102005,40
1404.1881592273712,40
1406.1872601509094,124
1406.1874861717224,124
1406.187737941742,40
1406.1879920959473,40
1406.1882719993591,124
1406.1885290145874,40
1408.1875531673431,40
1408.187821149826,40
1408.188138961792,124
1408.1883671283722,124
1408.1886370182037,40
1408.1888740062714,40
1410.1886920928955,124
1410.1889531612396,40
1410.1892092227936,40
1410.1894710063934,40
1410.1897671222687,124
1410.1900520324707,124
1412.1873970031738,40
1412.1876530647278,40
1412.1879680156708,124
1412.188320159912,40
1412.1884570121765,40
1412.188973903656,40
1414.1882922649384,124
1414.188549041748,124
1414.188763141632,40
1414.189061164856,40
1414.1894149780273,124
1414.1896409988403,40
1416.1882350444794,40
1416.1885271072388,40
1416.1887941360474,124
1416.189090013504,124
1416.1893000602722,40
1416.1896359920502,40
1418.1884450912476,124
1418.1886961460114,40
1418.1889460086823,40
1418.1891951560974,40
1418.1895070075989,124
1418.1897699832916,124
1420.1894719600677,40
1420.1897699832916,40
1420.1901111602783,124
1420.1903059482574,40
1420.1905748844147,40
1420.1908700466156,40
1422.1887829303741,124
1422.1890721321106,124
1422.189297914505,40
1422.1895489692688,40
1422.189866065979,124
1422.190104007721,40
1424.189031124115,40
1424.1892750263214,40
1424.1895830631256,124
1424.1898291110992,124
1424.1901092529297,40
1424.190388917923,40
1426.1891350746155,124
1426.189378976822,40
1426.1896998882294,40
1426.1898860931396,40
1426.1901891231537,124
1426.190505027771,124
1428.188912153244,40
1428.1891739368439,40
1428.189509153366,124
1428.189691066742,40
1428.189947128296,40
1428.1902091503143,40
1430.19002699852,124
1430.1902980804443,124
1430.1905779838562,40
1430.190838098526,40
1430.191113948822,124
1430.1913449764252,40
1432.1892762184143,40
1432.1895129680634,40
1432.1898238658905,124
1432.1900761127472,124
1432.1903309822083,40
1432.1906101703644,40
1434.1902441978455,124
1434.1905031204224,40
1434.1907930374146,40
1434.1910541057587,40
1434.1913430690765,124
1434.1916120052338,124
1436.1903700828552,40
1436.1905810832977,40
1436.1908631324768,124
1436.191120147705,40
1436.1913828849792,40
1436.191647052765,40
1438.1899189949036,124
1438.190213918686,124
1438.1904828548431,40
1438.1907238960266,40
1438.1910140514374,124
1438.1912672519684,40
1440.1908469200134,40
1440.1911029815674,40
1440.191421031952,124
1440.1916851997375,124
1440.1919219493866,40
1440.1921820640564,40
1442.1903791427612,124
1442.1905570030212,40
1442.1908159255981,40
1442.1910769939423,40
1442.1914498806,124
1442.1916530132294,124
1444.1905510425568,40
1444.1908450126648,40
1444.1911051273346,124
1444.1913361549377,40
1444.1916341781616,40
1444.191878080368,40
1446.1905999183655,124
1446.190877199173,124
1446.191102027893,40
1446.1913568973541,40
1446.191644191742,124
1446.1918981075287,40
1448.190987110138,40
1448.1912350654602,40
1448.191524028778,124
1448.191780090332,124
1448.192039012909,40
1448.1922969818115,40
1450.1912031173706,124
1450.1914780139923,40
1450.1916649341583,40
1450.1919651031494,40
1450.1922352313995,124
1450.1924979686737,124
1452.1911311149597,40
1452.1914031505585,40
1452.1916890144348,124
1452.1919131278992,40
1452.1921660900116,40
1452.1924521923065,40
1454.1916871070862,124
1454.1919541358948,124
1454.1921970844269,40
1454.1924560070038,40
1454.1928191184998,124
1454.1929771900177,40
1456.1914451122284,40
1456.1917271614075,40
1456.1920120716095,124
1456.1922998428345,124
1456.1925330162048,40
1456.1927881240845,40
1458.1919059753418,124
1458.1920602321625,40
1458.1923351287842,40
1458.1925930976868,40
1458.1929111480713,124
1458.193135023117,124
1460.1924889087677,40
1460.1927461624146,40
1460.1930441856384,124
1460.1932649612427,40
1460.193598985672,40
1460.1937749385834,40
1462.1917102336884,124
1462.1919639110565,124
1462.1922850608826,40
1462.192479133606,40
1462.192764043808,124
1462.192981004715,40
1464.1925342082977,40
1464.1927950382233,40
1464.1930780410767,124
1464.1933660507202,124
1464.1936149597168,40
1464.1938540935516,40
1466.192589044571,124
1466.1928040981293,40
1466.1932570934296,40
1466.1933739185333,40
1466.1936440467834,124
1466.1939289569855,124
1468.1923031806946,40
1468.1925809383392,40
1468.1928820610046,124
1468.1930890083313,40
1468.193344116211,40
1468.193631887436,40
1470.193195104599,124
1470.1934549808502,124
1470.1936931610107,40
1470.1939611434937,40
1470.1942479610443,124
1470.1944799423218,40
1472.1928272247314,40
1472.1930930614471,40
1472.1933550834656,124
1472.1938209533691,124
1472.1938440799713,40
1472.1941261291504,40
1474.1930770874023,124
1474.1933200359344,40
1474.1935720443726,40
1474.1938319206238,40
1474.1941449642181,124
1474.1944110393524,124
1476.1928131580353,40
1476.1930630207062,40
1476.193370103836,124
1476.1935999393463,40
1476.1939191818237,40
1476.1941080093384,40
1478.193344116211,124
1478.1936309337616,124
1478.1938421726227,40
1478.1940910816193,40
1478.194401025772,124
1478.1947441101074,40
1480.1940920352936,40
1480.1943409442902,40
1480.1946549415588,124
1480.1949181556702,124
1480.1951479911804,40
1480.1954069137573,40
1482.1933870315552,124
1482.1936190128326,40
1482.1938979625702,40
1482.1941640377045,40
1482.194482088089,124
1482.194738149643,124
1484.1940469741821,40
1484.1942961215973,40
1484.1945860385895,124
1484.194823026657,40
1484.1950891017914,40
1484.1953601837158,40
1486.193689107895,124
1486.1939451694489,124
1486.1942069530487,40
1486.194452047348,40
1486.194729089737,124
1486.1949710845947,40
1488.1943809986115,40
1488.1945941448212,40
1488.194892168045,124
1488.195149898529,124
1488.1954159736633,40
1488.1956899166107,40
1490.1950271129608,124
1490.1952641010284,40
1490.1955480575562,40
1490.1958141326904,40
1490.1961131095886,124
1490.1963980197906,124
1492.1938791275024,40
1492.1941249370575,40
1492.1944181919098,124
1492.1946680545807,40
1492.1949441432953,40
1492.195186138153,40
1494.1948521137238,124
1494.1951150894165,124
1494.1953279972076,40
1494.1955840587616,40
1494.1959021091461,124
1494.196123123169,40
1496.1945111751556,40
1496.1947619915009,40
1496.1950900554657,124
1496.195338010788,124
1496.1955771446228,40
1496.1958310604095,40
1498.1952030658722,124
1498.1954369544983,40
1498.1956870555878,40
1498.1959719657898,40
1498.1962630748749,124
1498.196532011032,124
1500.1964061260223,40
1500.196624994278,40
1500.1969158649445,124
1500.197165966034,40
1500.1975769996643,40
1500.197713136673,40
1502.1956810951233,124
1502.1961410045624,124
1502.1961460113525,40
1502.1962909698486,40
1502.196584224701,124
1502.1968150138855,40
1504.1954979896545,40
1504.1957612037659,40
1504.1960430145264,124
1504.1962921619415,124
1504.1965520381927,40
1504.196818113327,40
1506.1955380439758,124
1506.1962139606476,40
1506.196238040924,40
1506.1963651180267,40
1506.1965939998627,124
1506.1968829631805,124
1508.1955890655518,40
1508.1958701610565,40
1508.1961510181427,124
1508.1964631080627,40
1508.1966361999512,40
1508.1969430446625,40
1510.1960999965668,124
1510.1963040828705,124
1510.1965379714966,40
1510.196759223938,40
1510.1970660686493,124
1510.1973011493683,40
1512.1957578659058,40
1512.1960051059723,40
1512.1963300704956,124
1512.1965730190277,124
1512.1968250274658,40
1512.197065114975,40
1514.196179151535,124
1514.1964600086212,40
1514.1966772079468,40
1514.1969361305237,40
1514.1972219944,124
1514.1975140571594,124
1516.1960580348969,40
1516.1963319778442,40
1516.1966030597687,124
1516.196830034256,40
1516.197134256363,40
1516.1973328590393,40
1518.1967639923096,124
1518.1970360279083,124
1518.1972630023956,40
1518.1975150108337,40
1518.197832107544,124
1518.1981182098389,40
1520.1973521709442,40
1520.1976191997528,40
1520.1979150772095,124
1520.198173046112,124
1520.1984510421753,40
1520.1986682415009,40
1522.1969451904297,124
1522.1971819400787,40
1522.1974601745605,40
1522.197692155838,40
1522.19801902771,124
1522.1983020305634,124
1524.1966829299927,40
1524.1969220638275,40
1524.1972370147705,124
1524.1974489688873,40
1524.1976959705353,40
1524.1979460716248,40
1526.1969721317291,124
1526.1971490383148,124
1526.1973979473114,40
1526.1976540088654,40
1526.1979320049286,124
1526.1981539726257,40
1528.1977121829987,40
1528.197951078415,40
1528.1982381343842,124
1528.1985201835632,124
1528.1987540721893,40
1528.1990149021149,40
1530.198049068451,124
1530.198324918747,40
1530.1985239982605,40
1530.198804140091,40
1530.1991109848022,124
1530.1993489265442,124
1532.1973819732666,40
1532.1976280212402,40
1532.1979310512543,124
1532.198152065277,40
1532.198399066925,40
1532.1986999511719,40
1534.1975300312042,124
1534.1977841854095,124
1534.1980640888214,40
1534.1982910633087,40
1534.1985762119293,124
1534.1988060474396,40
1536.1974601745605,40
1536.1976840496063,40
1536.1979639530182,124
1536.1982600688934,124
1536.1984729766846,40
1536.1987328529358,40
1538.1978950500488,124
1538.1981301307678,40
1538.1983950138092,40
1538.1986498832703,40
1538.1989300251007,124
1538.1991879940033,124
1540.1987521648407,40
1540.1990041732788,40
1540.1992819309235,124
1540.1995520591736,40
1540.199861049652,40
1540.2000379562378,40
1542.1984350681305,124
1542.1987130641937,124
1542.1989469528198,40
1542.199189901352,40
1542.1994729042053,124
1542.1997408866882,40
1544.1984479427338,40
1544.1987328529358,40
1544.1990780830383,124
1544.199285030365,124
1544.1994891166687,40
1544.199763059616,40
1546.1985120773315,124
1546.1987318992615,40
1546.1990230083466,40
1546.1993041038513,40
1546.1995749473572,124
1546.1998291015625,124
1548.1987791061401,40
1548.1990361213684,40
1548.1994261741638,124
1548.199639081955,40
1548.1998271942139,40
1548.2000939846039,40
1550.1997570991516,124
1550.2000131607056,124
1550.200287103653,40
1550.2005739212036,40
1550.200865983963,124
1550.2010951042175,40
1552.1999342441559,40
1552.2001900672913,40
1552.2005591392517,124
1552.2008430957794,124
1552.2010478973389,40
1552.2013700008392,40
1554.1997230052948,124
1554.1999440193176,40
1554.2001950740814,40
1554.2005050182343,40
1554.2008080482483,124
1554.2011229991913,124
1556.1993350982666,40
1556.199579000473,40
1556.1999080181122,124
1556.200129032135,40
1556.200500011444,40
1556.2006978988647,40
1558.2000560760498,124
1558.2002921104431,124
1558.2009510993958,40
1558.2009592056274,40
1558.2016150951385,124
1558.2016270160675,40
1560.200394153595,40
1560.200690984726,40
1560.200973033905,124
1560.2012691497803,124
1560.2014870643616,40
1560.2017459869385,40
1562.1998159885406,124
1562.2000272274017,40
1562.2003059387207,40
1562.2006211280823,40
1562.2009031772614,124
1562.2012479305267,124
1564.2004399299622,40
1564.2007131576538,40
1564.2009961605072,124
1564.2012121677399,40
1564.2014908790588,40
1564.2017810344696,40
1566.200070142746,124
1566.200334072113,124
1566.2005941867828,40
1566.2008709907532,40
1566.201152086258,124
1566.2013700008392,40
1568.2008790969849,40
1568.2013890743256,40
1568.2015511989594,124
1568.2018139362335,124
1568.2019271850586,40
1568.2024750709534,40
1570.2025771141052,124
1570.2028250694275,40
1570.2030720710754,40
1570.2033951282501,40
1570.2036159038544,124
1570.203919172287,124
1572.201868057251,40
1572.202142238617,40
1572.2025091648102,124
1572.2026541233063,40
1572.2029139995575,40
1572.203197002411,40
1574.201847076416,124
1574.2021310329437,124
1574.2023499011993,40
1574.2026090621948,40
1574.202898979187,124
1574.2031409740448,40
1576.2017362117767,40
1576.2019910812378,40
1576.2022728919983,124
1576.2025520801544,124
1576.2027819156647,40
1576.2030489444733,40
1578.2025730609894,124
1578.2027978897095,40
1578.2030799388885,40
1578.2033100128174,40
1578.203663110733,124
1578.2038900852203,124
1580.2034480571747,40
1580.2034521102905,40
1580.2034611701965,124
1580.203707933426,40
1580.20396900177,40
1580.2042450904846,40
1582.2022829055786,124
1582.2025229930878,124
1582.2027361392975,40
1582.2030220031738,40
1582.2032861709595,124
1582.2035281658173,40
1584.2028510570526,40
1584.2031500339508,40
1584.2034320831299,124
1584.2036671638489,124
1584.2038900852203,40
1584.2041771411896,40
1586.2039721012115,124
1586.2039761543274,40
1586.2041130065918,40
1586.2041220664978,40
1586.2042272090912,124
1586.204530954361,124
1588.2034158706665,40
1588.203665971756,40
1588.2039461135864,124
1588.2041771411896,40
1588.204469203949,40
1588.2047591209412,40
1590.2034230232239,124
1590.203714132309,124
1590.203945159912,40
1590.2041909694672,40
1590.204495191574,124
1590.2047262191772,40
1592.2033069133759,40
1592.2036380767822,40
1592.2039110660553,124
1592.2041239738464,124
1592.2043409347534,40
1592.2046191692352,40
1594.2034230232239,124
1594.2036111354828,40
1594.2038941383362,40
1594.2041490077972,40
1594.2044370174408,124
1594.2046959400177,124
1596.2039930820465,40
1596.204223871231,40
1596.2045102119446,124
1596.2047281265259,40
1596.205006122589,40
1596.2052700519562,40
1598.2040059566498,124
1598.2042870521545,124
1598.2045102119446,40
1598.2047610282898,40
1598.2050530910492,124
1598.2053480148315,40
1600.2045171260834,40
1600.2047791481018,40
1600.2050988674164,124
1600.2053220272064,124
1600.2055549621582,40
1600.2058050632477,40
1602.204449892044,124
1602.2046880722046,40
1602.2049469947815,40
1602.2051980495453,40
1602.2055130004883,124
1602.205785036087,124
1604.2046740055084,40
1604.204894065857,40
1604.2053689956665,124
1604.2054069042206,40
1604.2056879997253,40
1604.2059440612793,40
1606.2046658992767,124
1606.2049489021301,124
1606.205178976059,40
1606.2054359912872,40
1606.2057189941406,124
1606.2059800624847,40
1608.2045681476593,40
1608.2048299312592,40
1608.2051351070404,124
1608.2053871154785,124
1608.2056210041046,40
1608.2058980464935,40
1610.2057180404663,124
1610.2059400081635,40
1610.206248998642,40
1610.206493139267,40
1610.2067930698395,124
1610.2070620059967,124
1612.2049069404602,40
1612.2051351070404,40
1612.2054390907288,124
1612.2056629657745,40
1612.2059240341187,40
1612.2061989307404,40
1614.2057280540466,124
1614.2059869766235,124
1614.2062129974365,40
1614.2065091133118,40
1614.2067930698395,124
1614.2070381641388,40
1616.204922914505,40
1616.2051830291748,40
1616.2054479122162,124
1616.205726146698,124
1616.205945968628,40
1616.2062139511108,40
1618.2059998512268,124
1618.2062158584595,40
1618.2064731121063,40
1618.2067611217499,40
1618.207055091858,124
1618.2073211669922,124
1620.2058022022247,40
1620.206073999405,40
1620.2063629627228,124
1620.2065830230713,40
1620.206852197647,40
1620.2071352005005,40
1622.2056889533997,124
1622.2059772014618,124
1622.2062079906464,40
1622.2064621448517,40
1622.206745147705,124
1622.2070031166077,40
1624.205773115158,40
1624.2060480117798,40
1624.2063291072845,124
1624.2065789699554,124
1624.2068059444427,40
1624.2070701122284,40
1626.2061641216278,124
1626.2064020633698,40
1626.2066440582275,40
1626.2069079875946,40
1626.2072060108185,124
1626.2074711322784,124
1628.2063779830933,40
1628.2066791057587,40
1628.2069611549377,124
1628.2072541713715,40
1628.207473039627,40
1628.2077460289001,40
1630.2074201107025,124
1630.2076408863068,124
1630.2078931331635,40
1630.2081570625305,40
1630.2084610462189,124
1630.2086861133575,40
1632.206337928772,40
1632.2065961360931,40
1632.20689702034,124
1632.207200050354,124
1632.2073910236359,40
1632.2076399326324,40
1634.2069051265717,124
1634.2071039676666,40
1634.207360982895,40
1634.207624912262,40
1634.2079219818115,124
1634.2082540988922,124
1636.2066469192505,40
1636.206936120987,40
1636.207201242447,124
1636.207437992096,40
1636.2076921463013,40
1636.2079422473907,40
1638.2069439888,124
1638.2072060108185,124
1638.2074520587921,40
1638.2077150344849,40
1638.20801115036,124
1638.2082560062408,40
1640.208172082901,40
1640.2084159851074,40
1640.2087512016296,124
1640.2090330123901,124
1640.2092320919037,40
1640.2095351219177,40
1642.2074360847473,124
1642.2076830863953,40
1642.2079648971558,40
1642.2082250118256,40
1642.2084999084473,124
1642.2087800502777,124
1644.2073998451233,40
1644.20765209198,40
1644.2079520225525,124
1644.208179950714,40
1644.2084319591522,40
1644.2086899280548,40
1646.2083489894867,124
1646.2086091041565,124
1646.208827972412,40
1646.2091040611267,40
1646.2093908786774,124
1646.209625005722,40
1648.208307981491,40
1648.2085421085358,40
1648.208832025528,124
1648.209085226059,124
1648.209331035614,40
1648.2096011638641,40
1650.2092819213867,124
1650.2095291614532,40
1650.209771156311,40
1650.210044145584,40
1650.210382938385,124
1650.2106580734253,124
1652.2084650993347,40
1652.2087352275848,40
1652.2090079784393,124
1652.2092380523682,40
1652.2095172405243,40
1652.2097880840302,40
1654.2084369659424,124
1654.208724975586,124
1654.208956003189,40
1654.209203004837,40
1654.2095050811768,124
1654.20973610878,40
1656.209510087967,40
1656.2098181247711,40
1656.2101080417633,124
1656.2104229927063,124
1656.2106020450592,40
1656.2108979225159,40
1658.2089190483093,124
1658.2091500759125,40
1658.2094130516052,40
1658.209664106369,40
1658.2099740505219,124
1658.2102489471436,124
1660.2094271183014,40
1660.209664106369,40
1660.2099611759186,124
1660.210237979889,40
1660.2104580402374,40
1660.2107541561127,40
1662.2094860076904,124
1662.209774017334,124
1662.2099900245667,40
1662.2102398872375,40
1662.2107410430908,124
1662.2108130455017,40
1664.2092761993408,40
1664.2095601558685,40
1664.2098550796509,124
1664.2101111412048,124
1664.2103390693665,40
1664.2106342315674,40
1666.2098100185394,124
1666.210030078888,40
1666.2102890014648,40
1666.2105951309204,40
1666.2108969688416,124
1666.211210012436,124
1668.2090451717377,40
1668.2092909812927,40
1668.2095770835876,124
1668.2098309993744,40
1668.2100851535797,40
1668.210342168808,40
1670.2102091312408,124
1670.2104940414429,124
1670.2106890678406,40
1670.2110159397125,40
1670.2113540172577,124
1670.2114851474762,40
1672.2097940444946,40
1672.2101011276245,40
1672.2103209495544,124
1672.210601091385,124
1672.210844039917,40
1672.211140871048,40
1674.2099039554596,124
1674.210107088089,40
1674.2103869915009,40
1674.2106761932373,40
1674.2110068798065,124
1674.2112250328064,124
1676.2105040550232,40
1676.2107951641083,40
1676.2110810279846,124
1676.2113230228424,40
1676.211590051651,40
1676.2119510173798,40
1678.2102451324463,124
1678.2105050086975,124
1678.2107770442963,40
1678.211037158966,40
1678.2113289833069,124
1678.211569070816,40
1680.2107541561127,40
1680.2110199928284,40
1680.211305141449,124
1680.211620092392,124
1680.2118139266968,40
1680.212084054947,40
1682.211454153061,124
1682.2118921279907,40
1682.2119271755219,40
1682.2121980190277,40
1682.2124819755554,124
1682.212749004364,124
1684.2112760543823,40
1684.2115271091461,40
1684.2118129730225,124
1684.2120471000671,40
1684.2123160362244,40
1684.2125630378723,40
1686.2106800079346,124
1686.2109248638153,124
1686.211144208908,40
1686.2114171981812,40
1686.211720943451,124
1686.2119328975677,40
1688.2114951610565,40
1688.2117421627045,40
1688.2120261192322,124
1688.2122921943665,124
1688.2125442028046,40
1688.2128880023956,40
1690.2122490406036,124
1690.2124772071838,40
1690.212767124176,40
1690.2130229473114,40
1690.2133350372314,124
1690.2136011123657,124
1692.2117671966553,40
1692.2120289802551,40
1692.2123110294342,124
1692.2125380039215,40
1692.2128281593323,40
1692.2130830287933,40
1694.2119090557098,124
1694.2121760845184,124
1694.2123970985413,40
1694.2126569747925,40
1694.2129611968994,124
1694.2131931781769,40
1696.2116529941559,40
1696.2119040489197,40
1696.2122061252594,124
1696.2124738693237,124
1696.2126970291138,40
1696.212942123413,40
1698.2121329307556,124
1698.2123761177063,40
1698.2126281261444,40
1698.212898015976,40
1698.213163137436,124
1698.213445186615,124
1700.213284254074,40
1700.2135729789734,40
1700.21390914917,124
1700.214184999466,40
1700.214416027069,40
1700.2146790027618,40
1702.212270975113,124
1702.2125380039215,124
1702.2127680778503,40
1702.213026046753,40
1702.2133021354675,124
1702.21355509758,40
1704.213014125824,40
1704.2133769989014,40
1704.2135591506958,124
1704.213870048523,124
1704.2140619754791,40
1704.2143201828003,40
1706.2123889923096,124
1706.2126059532166,40
1706.2128999233246,40
1706.2132060527802,40
1706.2134640216827,124
1706.213692188263,124
1708.2128040790558,40
1708.2131021022797,40
1708.213364124298,124
1708.213593006134,40
1708.213896036148,40
1708.2141320705414,40
1710.2135729789734,124
1710.2138171195984,124
1710.2140491008759,40
1710.2143061161041,40
1710.214612007141,124
1710.2148311138153,40
1712.2133271694183,40
1712.2136011123657,40
1712.213875055313,124
1712.2141289710999,124
1712.2143828868866,40
1712.2146441936493,40
1714.2134499549866,124
1714.2137129306793,40
1714.213979959488,40
1714.2142300605774,40
1714.2145400047302,124
1714.2148320674896,124
1716.2137620449066,40
1716.2140319347382,40
1716.2143061161041,124
1716.214544057846,40
1716.2148230075836,40
1716.2150871753693,40
1718.2136540412903,124
1718.2139489650726,124
1718.2141690254211,40
1718.2144401073456,40
1718.21471118927,124
1718.2149691581726,40
1720.2142629623413,40
1720.2145371437073,40
1720.2147841453552,124
1720.2150659561157,124
1720.2153091430664,40
1720.2155549526215,40
1722.2139480113983,124
1722.214199066162,40
1722.21444106102,40
1722.2147200107574,40
1722.214993238449,124
1722.2152750492096,124
1724.2144248485565,40
1724.2146909236908,40
1724.2150049209595,124
1724.2152080535889,40
1724.2155010700226,40
1724.2157621383667,40
1726.2139921188354,124
1726.2142579555511,124
1726.2144920825958,40
1726.214756011963,40
1726.2150321006775,124
1726.215255022049,40
1728.2145409584045,40
1728.2148070335388,40
1728.2151050567627,124
1728.2153539657593,124
1728.2156021595001,40
1728.215873003006,40
1730.2152659893036,124
1730.2154879570007,40
1730.2157640457153,40
1730.216036081314,40
1730.2163281440735,124
1730.2165789604187,124
1732.2145431041718,40
1732.2147328853607,40
1732.2150342464447,124
1732.2152559757233,40
1732.2155139446259,40
1732.2158172130585,40
1734.2149050235748,124
1734.2151951789856,124
1734.215413093567,40
1734.2156660556793,40
1734.2159640789032,124
1734.216227054596,40
1736.2146360874176,40
1736.2148809432983,40
1736.2151579856873,124
1736.2154431343079,124
1736.2156629562378,40
1736.2159140110016,40
1738.2157909870148,124
1738.2160139083862,40
1738.2162671089172,40
1738.2165520191193,40
1738.21684217453,124
1738.2171330451965,124
1740.2158861160278,40
1740.2162029743195,40
1740.2164239883423,124
1740.2166740894318,40
1740.2169489860535,40
1740.2171881198883,40
1742.215430021286,124
1742.2157690525055,124
1742.2159469127655,40
1742.2161951065063,40
1742.2164959907532,124
1742.2167031764984,40
1744.2162301540375,40
1744.216518163681,40
1744.2167370319366,124
1744.2170240879059,124
1744.2172510623932,40
1744.2175102233887,40
1746.2161319255829,124
1746.2163591384888,40
1746.2166221141815,40
1746.2168772220612,40
1746.217443227768,124
1746.2176671028137,124
1748.2158648967743,40
1748.2161049842834,40
1748.2164180278778,124
1748.2166421413422,40
1748.2169020175934,40
1748.2171549797058,40
1750.2163171768188,124
1750.216607093811,124
1750.2168200016022,40
1750.2170729637146,40
1750.2173640727997,124
1750.2176139354706,40
1752.2167410850525,40
1752.2169959545135,40
1752.2172780036926,124
1752.2175381183624,124
1752.2177979946136,40
1752.2180650234222,40
1754.2165200710297,124
1754.2167520523071,40
1754.2170140743256,40
1754.2172710895538,40
1754.2175450325012,124
1754.217828989029,124
1756.2166459560394,40
1756.2168328762054,40
1756.2171461582184,124
1756.2173640727997,40
1756.2176139354706,40
1756.2178959846497,40
1758.216863155365,124
1758.2171449661255,124
1758.2173681259155,40
1758.2176139354706,40
1758.2179431915283,124
1758.218173980713,40
1760.2173910140991,40
1760.217642068863,40
1760.2179350852966,124
1760.2181861400604,124
1760.2184309959412,40
1760.2187020778656,40
1762.2172529697418,124
1762.217549085617,40
1762.217754125595,40
1762.2180092334747,40
1762.2183020114899,124
1762.2186260223389,124
1764.2179379463196,40
1764.2179591655731,40
1764.218402147293,124
1764.2184300422668,40
1764.2187230587006,40
1764.2189910411835,40
1766.2180271148682,124
1766.2182729244232,124
1766.2185139656067,40
1766.2187960147858,40
1766.219059228897,124
1766.2193410396576,40
1768.2177820205688,40
1768.217971086502,40
1768.2182960510254,124
1768.218542098999,124
1768.218757867813,40
1768.2190248966217,40
1770.2180771827698,124
1770.2182941436768,40
1770.2185671329498,40
1770.2188432216644,40
1770.2191989421844,124
1770.2194421291351,124
1772.217847108841,40
1772.2181079387665,40
1772.218575000763,124
1772.2191841602325,40
1772.2191879749298,40
1772.219479084015,40
1774.2186410427094,124
1774.218945980072,124
1774.2192540168762,40
1774.2194511890411,40
1774.219689130783,124
1774.2199139595032,40
1776.2185940742493,40
1776.2188398838043,40
1776.219134092331,124
1776.2193748950958,124
1776.2196271419525,40
1776.2198841571808,40
1778.2186629772186,124
1778.2188889980316,40
1778.219152212143,40
1778.2193989753723,40
1778.2196989059448,124
1778.2199602127075,124
1780.2191309928894,40
1780.2194011211395,40
1780.219661951065,124
1780.2199139595032,40
1780.220165014267,40
1780.2204191684723,40
1782.2190489768982,124
1782.2193050384521,124
1782.219544172287,40
1782.2198510169983,40
1782.220094203949,124
1782.2203249931335,40
1784.2186720371246,40
1784.2189319133759,40
1784.2192270755768,124
1784.219488143921,124
1784.2197151184082,40
1784.2199730873108,40
1786.2195451259613,124
1786.2197749614716,40
1786.2200191020966,40
1786.220279932022,40
1786.2205941677094,124
1786.2208931446075,124
1788.2198469638824,40
1788.2201101779938,40
1788.2204279899597,124
1788.220647096634,40
1788.2209658622742,40
1788.221214056015,40
1790.220144033432,124
1790.2204389572144,124
1790.2206931114197,40
1790.2209649085999,40
1790.2212460041046,124
1790.2214920520782,40
1792.2197279930115,40
1792.2200078964233,40
1792.2202990055084,124
1792.2205579280853,124
1792.2208459377289,40
1792.22110414505,40
1794.2199709415436,124
1794.2202410697937,40
1794.220510005951,40
1794.220790863037,40
1794.2211191654205,124
1794.22137093544,124
1796.220048904419,40
1796.2203299999237,40
1796.2206299304962,124
1796.2208700180054,40
1796.2211470603943,40
1796.2214200496674,40
1798.2200801372528,124
1798.2203159332275,124
1798.220505952835,40
1798.2208030223846,40
1798.2210772037506,124
1798.2215700149536,40
1800.2210900783539,40
1800.221333026886,40
1800.2216489315033,124
1800.221913099289,124
1800.2221720218658,40
1800.2223851680756,40
1802.222584247589,124
1802.2228400707245,40
1802.2230920791626,40
1802.2233459949493,40
1802.2236511707306,124
1802.2239561080933,124
1804.2229840755463,40
1804.2232389450073,40
1804.223524093628,124
1804.2237529754639,40
1804.2240290641785,40
1804.2243978977203,40
1806.2240781784058,124
1806.2243330478668,124
1806.2245609760284,40
1806.2248129844666,40
1806.2251272201538,124
1806.225357055664,40
1808.2241990566254,40
1808.2244510650635,40
1808.2247450351715,124
1808.224995136261,124
1808.2252480983734,40
1808.225571155548,40
1810.2245728969574,124
1810.224790096283,40
1810.2250430583954,40
1810.2253248691559,40
1810.225615978241,124
1810.2259330749512,124
1812.2239711284637,40
1812.2242050170898,40
1812.2245070934296,124
1812.2247450351715,40
1812.22500705719,40
1812.225254058838,40
1814.2244498729706,124
1814.2247381210327,124
1814.2249619960785,40
1814.2252101898193,40
1814.2254960536957,124
1814.225749015808,40
1816.22434091568,40
1816.224622964859,40
1816.2249011993408,124
1816.2251620292664,124
1816.22549700737,40
1816.2256500720978,40
1818.2251281738281,124
1818.225331068039,40
1818.225592136383,40
1818.2258410453796,40
1818.226235151291,124
1818.2264261245728,124
1820.2255890369415,40
1820.225872039795,40
1820.2261390686035,124
1820.2263910770416,40
1820.2266600131989,40
1820.2269310951233,40
1822.2252261638641,124
1822.2255129814148,124
1822.2257449626923,40
1822.2260100841522,40
1822.2263181209564,124
1822.226811170578,40
1824.2250699996948,40
1824.2253201007843,40
1824.2256391048431,124
1824.225911140442,124
1824.2261209487915,40
1824.226397037506,40
1826.2253909111023,124
1826.2256860733032,40
1826.2258820533752,40
1826.2261550426483,40
1826.226436138153,124
1826.226706981659,124
1828.2254989147186,40
1828.2257771492004,40
1828.2261440753937,124
1828.2262949943542,40
1828.2265601158142,40
1828.2268450260162,40
1830.226413011551,124
1830.226623058319,124
1830.2268579006195,40
1830.227140903473,40
1830.2274248600006,124
1830.227646112442,40
1832.2259199619293,40
1832.2262041568756,40
1832.226536989212,124
1832.226823091507,124
1832.2269949913025,40
1832.2272691726685,40
1834.2264881134033,124
1834.226711988449,40
1834.2269780635834,40
1834.2272531986237,40
1834.2275440692902,124
1834.2278180122375,124
1836.226147890091,40
1836.226431131363,40
1836.2267191410065,124
1836.226942062378,40
1836.2271990776062,40
1836.2274899482727,40
1838.2263131141663,124
1838.226599931717,124
1838.2268340587616,40
1838.227089881897,40
1838.2273950576782,124
1838.2276351451874,40
1840.2272469997406,40
1840.2275140285492,40
1840.2278299331665,124
1840.2280979156494,124
1840.228313922882,40
1840.2285749912262,40
1842.2270030975342,124
1842.2272319793701,40
1842.2274799346924,40
1842.227744102478,40
1842.2280611991882,124
1842.228313922882,124
1844.2268271446228,40
1844.2270970344543,40
1844.2273762226105,124
1844.2276151180267,40
1844.227856874466,40
1844.2281341552734,40
1846.2305390834808,124
1846.2308371067047,124
1846.2310900688171,40
1846.2313930988312,40
1846.2317020893097,124
1846.2319421768188,40
1848.2304379940033,40
1848.2306940555573,40
1848.231034040451,124
1848.2312960624695,124
1848.2318172454834,40
1848.2318291664124,40
1850.2309970855713,124
1850.2312219142914,40
1850.2315230369568,40
1850.231782913208,40
1850.2320630550385,124
1850.23233294487,124
1852.2303290367126,40
1852.2305738925934,40
1852.230919122696,124
1852.2311499118805,40
1852.2314021587372,40
1852.2316720485687,40
1854.230663061142,124
1854.2309370040894,124
1854.2311570644379,40
1854.2314400672913,40
1854.2317171096802,124
1854.2319650650024,40
1856.2306170463562,40
1856.2309041023254,40
1856.231215953827,124
1856.2314851284027,124
1856.231709241867,40
1856.231980085373,40
1858.2308762073517,124
1858.231103181839,40
1858.231385231018,40
1858.231637954712,40
1858.2319478988647,124
1858.2322010993958,124
1860.2321672439575,40
1860.2322721481323,40
1860.2325809001923,124
1860.2328181266785,40
1860.2330660820007,40
1860.2333431243896,40
1862.232117176056,124
1862.2324390411377,124
1862.2326319217682,40
1862.232892036438,40
1862.2331900596619,124
1862.233412027359,40
1864.2319059371948,40
1864.232104063034,40
1864.2323789596558,124
1864.2326440811157,124
1864.2329020500183,40
1864.2331900596619,40
1866.2316060066223,124
1866.23184800148,40
1866.23211312294,40
1866.2323560714722,40
1866.2326409816742,124
1866.232929944992,124
1868.2321181297302,40
1868.2323701381683,40
1868.232656955719,124
1868.2329120635986,40
1868.2331829071045,40
1868.2334361076355,40
1870.2326579093933,124
1870.232915878296,124
1870.2332119941711,40
1870.233519077301,40
1870.2337219715118,124
1870.2339479923248,40
1872.232262134552,40
1872.23255610466,40
1872.232838153839,124
1872.2331020832062,124
1872.2334311008453,40
1872.233626127243,40
1874.2328171730042,124
1874.2330060005188,40
1874.2332789897919,40
1874.2335531711578,40
1874.2338380813599,124
1874.2341470718384,124
1876.2322158813477,40
1876.2323620319366,40
1876.2328159809113,124
1876.2329139709473,40
1876.2331590652466,40
1876.2334079742432,40
1878.2324459552765,124
1878.2327060699463,124
1878.2329540252686,40
1878.2332239151,40
1878.2334818840027,124
1878.233773946762,40
1880.233617067337,40
1880.2338700294495,40
1880.2341940402985,124
1880.234452009201,124
1880.234689950943,40
1880.234981060028,40
1882.2328190803528,124
1882.2330701351166,40
1882.2333371639252,40
1882.2335889339447,40
1882.2338800430298,124
1882.234158039093,124
1884.2329490184784,40
1884.2332110404968,40
1884.2335059642792,124
1884.2337951660156,40
1884.2339870929718,40
1884.2342579364777,40
1886.2331049442291,124
1886.2334070205688,124
1886.233680009842,40
1886.2338960170746,40
1886.2341511249542,124
1886.2343611717224,40
1888.2335369586945,40
1888.2338092327118,40
1888.2340950965881,124
1888.2343559265137,124
1888.2346680164337,40
1888.2348818778992,40
1890.234848022461,124
1890.2350959777832,40
1890.235368013382,40
1890.2356250286102,40
1890.2359352111816,124
1890.236212015152,124
1892.233242034912,40
1892.2334899902344,40
1892.2337710857391,124
1892.2340230941772,40
1892.2342810630798,40
1892.23455119133,40
1894.2344360351562,124
1894.2347040176392,124
1894.2349171638489,40
1894.2351942062378,40
1894.2355389595032,124
1894.235876083374,40
1896.233920097351,40
1896.2341649532318,40
1896.2344880104065,124
1896.2347400188446,124
1896.2349531650543,40
1896.2352092266083,40
1898.2340910434723,124
1898.234314918518,40
1898.2345860004425,40
1898.2348940372467,40
1898.2351281642914,124
1898.2353789806366,124
1900.2350690364838,40
1900.2353129386902,40
1900.2356400489807,124
1900.2358520030975,40
1900.2361059188843,40
1900.2363560199738,40
1902.2347910404205,124
1902.2350490093231,124
1902.2352740764618,40
1902.2355239391327,40
1902.2358350753784,124
1902.2360701560974,40
1904.2349090576172,40
1904.2351748943329,40
1904.2354559898376,124
1904.2357239723206,124
1904.2359800338745,40
1904.2362461090088,40
1906.2353529930115,124
1906.235543012619,40
1906.235799074173,40
1906.2360980510712,40
1906.2363770008087,124
1906.2366440296173,124
1908.2352781295776,40
1908.2355341911316,40
1908.2358131408691,124
1908.2360451221466,40
1908.236319065094,40
1908.2366342544556,40
1910.2356190681458,124
1910.2358691692352,124
1910.2360880374908,40
1910.2363431453705,40
1910.236654996872,124
1910.2368729114532,40
1912.2353811264038,40
1912.2356469631195,40
1912.2359499931335,124
1912.2361829280853,124
1912.2364559173584,40
1912.2367000579834,40
1914.2357020378113,124
1914.2359549999237,40
1914.2362051010132,40
1914.2364602088928,40
1914.2367842197418,124
1914.237044095993,124
1916.2353971004486,40
1916.2356460094452,40
1916.2359611988068,124
1916.2361850738525,40
1916.2364559173584,40
1916.2367079257965,40
1918.2369239330292,124
1918.237210035324,124
1918.23743891716,40
1918.237694978714,40
1918.2379920482635,124
1918.238251209259,40
1920.2363889217377,40
1920.2366559505463,40
1920.2369260787964,124
1920.2371809482574,124
1920.2374300956726,40
1920.2376899719238,40
1922.236043214798,124
1922.2362809181213,40
1922.2365591526031,40
1922.2368149757385,40
1922.2370989322662,124
1922.2373840808868,124
1924.2373979091644,40
1924.2376809120178,40
1924.2380239963531,124
1924.2381851673126,40
1924.238431930542,40
1924.2387130260468,40
1926.2378041744232,124
1926.2380590438843,124
1926.23828291893,40
1926.2385370731354,40
1926.2388489246368,124
1926.2390780448914,40
1928.2373900413513,40
1928.2376291751862,40
1928.2379450798035,124
1928.2382111549377,124
1928.238499879837,40
1928.2386801242828,40
1930.238275051117,124
1930.238499879837,40
1930.238753080368,40
1930.2390341758728,40
1930.2393329143524,124
1930.239590883255,124
1932.2381711006165,40
1932.2384760379791,40
1932.2387261390686,124
1932.2389900684357,40
1932.239461183548,40
1932.2395131587982,40
1934.2380781173706,124
1934.2383301258087,124
1934.2385790348053,40
1934.2388350963593,40
1934.2391140460968,124
1934.2393639087677,40
1936.2385520935059,40
1936.2387969493866,40
1936.2390880584717,124
1936.2393431663513,124
1936.23961019516,40
1936.2398691177368,40
1938.2389240264893,124
1938.239135980606,40
1938.239422082901,40
1938.239665031433,40
1938.2399680614471,124
1938.2402880191803,124
1940.2391209602356,40
1940.2393748760223,40
1940.239686012268,124
1940.2399461269379,40
1940.2401740550995,40
1940.2404310703278,40
1942.2384190559387,124
1942.2386791706085,124
1942.238893032074,40
1942.2391772270203,40
1942.2394490242004,124
1942.2396771907806,40
1944.2389271259308,40
1944.2392439842224,40
1944.2394840717316,124
1944.239743232727,124
1944.2400319576263,40
1944.2406511306763,40
1946.2397770881653,124
1946.240002155304,40
1946.2403049468994,40
1946.2405540943146,40
1946.240849018097,124
1946.2411479949951,124
1948.2396140098572,40
1948.239716053009,40
1948.2403120994568,124
1948.2403280735016,40
1948.2405149936676,40
1948.240777015686,40
1950.2403149604797,124
1950.2406129837036,124
1950.2408289909363,40
1950.2411270141602,40
1950.2414190769196,124
1950.2416610717773,40
1952.2395510673523,40
1952.2398328781128,40
1952.240117073059,124
1952.2403771877289,124
1952.2406060695648,40
1952.2409100532532,40
1954.241847038269,124
1954.2420930862427,40
1954.242371082306,40
1954.2426121234894,40
1954.2430119514465,124
1954.243196964264,124
1956.2419559955597,40
1956.2422280311584,40
1956.2425351142883,124
1956.2427310943604,40
1956.2429840564728,40
1956.2432761192322,40
1958.241949081421,124
1958.242203950882,124
1958.2424521446228,40
1958.2427070140839,40
1958.2430069446564,124
1958.2432119846344,40
1960.2428841590881,40
1960.2431409358978,40
1960.2434289455414,124
1960.2437629699707,124
1960.244009256363,40
1960.2441990375519,40
1962.2426619529724,124
1962.2428801059723,40
1962.2431390285492,40
1962.2434010505676,40
1962.2437031269073,124
1962.243970155716,124
1964.2426030635834,40
1964.2429342269897,40
1964.2431600093842,124
1964.2433941364288,40
1964.2436439990997,40
1964.2439329624176,40
1966.2428660392761,124
1966.2431569099426,124
1966.243390083313,40
1966.2436430454254,40
1966.2439441680908,124
1966.2442309856415,40
1968.242861032486,40
1968.2432770729065,40
1968.243416070938,124
1968.2436649799347,124
1968.2438871860504,40
1968.2441639900208,40
1970.244059085846,124
1970.2443051338196,40
1970.2443611621857,40
1970.2443640232086,40
1970.244668006897,124
1970.2448930740356,124
1972.2434470653534,40
1972.24369597435,40
1972.2439811229706,124
1972.2442569732666,40
1972.2444880008698,40
1972.2447319030762,40
1974.2431590557098,124
1974.2434549331665,124
1974.2436530590057,40
1974.2439069747925,40
1974.2441959381104,124
1974.2444031238556,40
1976.243535041809,40
1976.2438080310822,40
1976.2440900802612,124
1976.2443461418152,124
1976.2445611953735,40
1976.244844198227,40
1978.24413895607,124
1978.2443611621857,40
1978.244719028473,40
1978.2448999881744,40
1978.2452011108398,124
1978.2454960346222,124
1980.2442619800568,40
1980.2445211410522,40
1980.2448060512543,124
1980.2450280189514,40
1980.2452991008759,40
1980.2455620765686,40
1982.244518995285,124
1982.2446970939636,124
1982.2449131011963,40
1982.2451639175415,40
1982.2454762458801,124
1982.2457110881805,40
1984.2442820072174,40
1984.24449300766,40
1984.2447700500488,124
1984.2450289726257,124
1984.2452590465546,40
1984.2455341815948,40
1986.2449860572815,124
1986.2452070713043,40
1986.2454979419708,40
1986.2457430362701,40
1986.2460432052612,124
1986.2462949752808,124
1988.2446200847626,40
1988.2448799610138,40
1988.2451748847961,124
1988.2454071044922,40
1988.2456359863281,40
1988.245964050293,40
1990.245129108429,124
1990.2453861236572,124
1990.2456240653992,40
1990.245896100998,40
1990.2461810112,124
1990.2464079856873,40
1992.2461512088776,40
1992.246397972107,40
1992.2466809749603,124
1992.2469351291656,124
1992.2473921775818,40
1992.2477750778198,40
1994.246248960495,124
1994.246472120285,40
1994.2467329502106,40
1994.2469861507416,40
1994.2472989559174,124
1994.2475762367249,124
1996.2463910579681,40
1996.2466580867767,40
1996.2469420433044,124
1996.24715924263,40
1996.2476379871368,40
1996.2477068901062,40
1998.2469220161438,124
1998.2471852302551,124
1998.2474291324615,40
1998.247694015503,40
1998.2479960918427,124
1998.2482211589813,40
2000.2467830181122,40
2000.2470371723175,40
2000.2473130226135,124
2000.2475690841675,124
2000.24782705307,40
2000.2480771541595,40
2002.248883008957,124
2002.2491130828857,40
2002.2493650913239,40
2002.2496120929718,40
2002.2499430179596,124
2002.2501900196075,124
2004.2468600273132,40
2004.2470989227295,40
2004.2474110126495,124
2004.2479639053345,40
2004.2480111122131,40
2004.2483360767365,40
2006.2469630241394,124
2006.2472441196442,124
2006.2474648952484,40
2006.2478442192078,40
2006.2479898929596,124
2006.2482841014862,40
2008.2475361824036,40
2008.2477910518646,40
2008.2480781078339,124
2008.2483580112457,124
2008.2485899925232,40
2008.2488479614258,40
2010.2481200695038,124
2010.2483432292938,40
2010.2486350536346,40
2010.2489020824432,40
2010.2491900920868,124
2010.2494549751282,124
2012.2476851940155,40
2012.247926235199,40
2012.2482039928436,124
2012.2484829425812,40
2012.24871301651,40
2012.2490620613098,40
2014.2480351924896,124
2014.2482960224152,124
2014.2485899925232,40
2014.2487790584564,40
2014.2491240501404,124
2014.2493290901184,40
2016.2479050159454,40
2016.248146057129,40
2016.248440027237,124
2016.248710155487,124
2016.248929977417,40
2016.249204158783,40
2018.2484440803528,124
2018.2486300468445,40
2018.2488842010498,40
2018.2491672039032,40
2018.2494630813599,124
2018.2497329711914,124
2020.2487342357635,40
2020.2489922046661,40
2020.2492861747742,124
2020.2495441436768,40
2020.2497990131378,40
2020.2500591278076,40
2022.2479140758514,124
2022.2483060359955,124
2022.248372077942,40
2022.2486469745636,40
2022.2489318847656,124
2022.2491772174835,40
2024.2485451698303,40
2024.248820066452,40
2024.2490980625153,124
2024.2493500709534,124
2024.2496500015259,40
2024.2498960494995,40
2026.2486610412598,124
2026.2489190101624,40
2026.2491810321808,40
2026.249440908432,40
2026.249727010727,124
2026.250020980835,124
2028.2488720417023,40
2028.2491590976715,40
2028.2494480609894,124
2028.2496829032898,40
2028.2499499320984,40
2028.2502229213715,40
2030.2500150203705,124
2030.250365972519,124
2030.250519990921,40
2030.2507801055908,40
2030.2511010169983,124
2030.2513680458069,40
2032.2489931583405,40
2032.2492170333862,40
2032.2495090961456,124
2032.24982213974,124
2032.2499871253967,40
2032.2502400875092,40
2034.2498059272766,124
2034.2500171661377,40
2034.2502660751343,40
2034.250540971756,40
2034.2508330345154,124
2034.2511172294617,124
2036.2496361732483,40
2036.2499101161957,40
2036.2501921653748,124
2036.250412940979,40
2036.250680923462,40
2036.2509710788727,40
2038.2495510578156,124
2038.2498421669006,124
2038.2500820159912,40
2038.2503201961517,40
2038.2506051063538,124
2038.2508780956268,40
2040.2501220703125,40
2040.2503681182861,40
2040.250657081604,124
2040.2509050369263,124
2040.2512140274048,40
2040.2514600753784,40
2042.2502160072327,124
2042.2504360675812,40
2042.2506921291351,40
2042.2509319782257,40
2042.2512979507446,124
2042.2515470981598,124
2044.25004696846,40
2044.2503111362457,40
2044.2505979537964,124
2044.250820159912,40
2044.2511110305786,40
2044.2514100074768,40
2046.2501809597015,124
2046.2504432201385,124
2046.2506721019745,40
2046.2509520053864,40
2046.2512500286102,124
2046.2514960765839,40
2048.2504398822784,40
2048.2507150173187,40
2048.2510170936584,124
2048.251284122467,124
2048.251518011093,40
2048.251791000366,40
2050.2512578964233,124
2050.251480102539,40
2050.251761198044,40
2050.252026081085,40
2050.2523171901703,124
2050.252587080002,124
2052.2511219978333,40
2052.251378059387,40
2052.251671075821,124
2052.251920938492,40
2052.2521998882294,40
2052.252449989319,40
2054.25083899498,124
2054.251153945923,124
2054.2513852119446,40
2054.25163602829,40
2054.2519130706787,124
2054.2521600723267,40
2056.2513041496277,40
2056.251564979553,40
2056.2518842220306,124
2056.252111196518,124
2056.2523601055145,40
2056.252671957016,40
2058.2518050670624,124
2058.25204706192,40
2058.2523069381714,40
2058.252562046051,40
2058.2529261112213,124
2058.2531111240387,124
2060.2519102096558,40
2060.252167224884,40
2060.252452135086,124
2060.252717256546,40
2060.2529780864716,40
2060.2532351017,40
2062.2515020370483,124
2062.2517671585083,124
2062.251992225647,40
2062.252252101898,40
2062.252529144287,124
2062.2527821063995,40
2064.2521710395813,40
2064.2524201869965,40
2064.2527239322662,124
2064.253005027771,124
2064.253242254257,40
2064.253520965576,40
2066.251643180847,124
2066.2518219947815,40
2066.252105951309,40
2066.2523651123047,40
2066.2526490688324,124
2066.2529170513153,124
2068.252121925354,40
2068.252403974533,40
2068.252685070038,124
2068.252907037735,40
2068.253177165985,40
2068.253445148468,40
2070.2527441978455,124
2070.2530131340027,124
2070.2532908916473,40
2070.253501176834,40
2070.2537961006165,124
2070.254003047943,40
2072.2523200511932,40
2072.25262093544,40
2072.252895116806,124
2072.253167152405,124
2072.253396987915,40
2072.253639936447,40
2074.252799987793,124
2074.252990961075,40
2074.2532489299774,40
2074.253543138504,40
2074.253839969635,124
2074.254112958908,124
2076.2524120807648,40
2076.252660036087,40
2076.252972126007,124
2076.253206014633,40
2076.253457069397,40
2076.253744125366,40
2078.253009080887,124
2078.2532749176025,124
2078.253559112549,40
2078.253736972809,40
2078.2540290355682,124
2078.2542791366577,40
2080.253345966339,40
2080.253599882126,40
2080.253884077072,124
2080.254156112671,124
2080.254399061203,40
2080.2547101974487,40
2082.253206014633,124
2082.2534561157227,40
2082.2538011074066,40
2082.2539780139923,40
2082.254251241684,124
2082.2545840740204,124
2084.253687143326,40
2084.253944158554,40
2084.2542641162872,124
2084.2545499801636,40
2084.254767179489,40
2084.255009174347,40
2086.253935098648,124
2086.2542328834534,124
2086.254413127899,40
2086.2546951770782,40
2086.2549860477448,124
2086.255218029022,40
2088.2558329105377,40
2088.2560579776764,40
2088.2563910484314,124
2088.256595134735,124
2088.2568140029907,40
2088.2571229934692,40
2090.256718158722,124
2090.2569789886475,40
2090.257243156433,40
2090.25750207901,40
2090.2577900886536,124
2090.2580981254578,124
2092.2562561035156,40
2092.2565228939056,40
2092.2567842006683,124
2092.25701713562,40
2092.2572989463806,40
2092.257572889328,40
2094.2561960220337,124
2094.256532907486,124
2094.2567100524902,40
2094.256968021393,40
2094.257272005081,124
2094.2575290203094,40
2096.2563512325287,40
2096.256630897522,40
2096.256910085678,124
2096.2571680545807,124
2096.2573969364166,40
2096.257693052292,40
2098.256805896759,124
2098.2569530010223,40
2098.257204055786,40
2098.257462978363,40
2098.2577760219574,124
2098.258048057556,124
2100.2572610378265,40
2100.257327079773,40
2100.257614135742,124
2100.2578570842743,40
2100.2581310272217,40
2100.258369207382,40
2102.256740093231,124
2102.2570190429688,124
2102.2572860717773,40
2102.25749707222,40
2102.257779121399,124
2102.258043050766,40
2104.256576061249,40
2104.256819963455,40
2104.2571041584015,124
2104.257390975952,124
2104.257598876953,40
2104.2578580379486,40
2106.257075071335,124
2106.257320165634,40
2106.257567167282,40
2106.257824897766,40
2106.258180141449,124
2106.2583940029144,124
2108.2573342323303,40
2108.257614135742,40
2108.2579050064087,124
2108.2581391334534,40
2108.2584030628204,40
2108.258679151535,40
2110.2579748630524,124
2110.2582499980927,124
2110.258453130722,40
2110.258735179901,40
2110.259020090103,124
2110.259248971939,40
2112.258045196533,40
2112.2580659389496,40
2112.2582762241364,124
2112.258520126343,124
2112.258759021759,40
2112.259031057358,40
2114.258514881134,124
2114.2587220668793,40
2114.2592520713806,40
2114.259756088257,40
2114.2598071098328,124
2114.260260105133,124
2116.258038043976,40
2116.2583301067352,40
2116.2586030960083,124
2116.2588272094727,40
2116.2591021060944,40
2116.25936293602,40
2118.2579231262207,124
2118.2581951618195,124
2118.258460044861,40
2118.258702993393,40
2118.258960008621,124
2118.25918507576,40
2120.2589240074158,40
2120.2591791152954,40
2120.259476184845,124
2120.259784221649,124
2120.2600560188293,40
2120.2602350711823,40
2122.2580211162567,124
2122.2582380771637,40
2122.2584619522095,40
2122.2588860988617,40
2122.259199857712,124
2122.259481906891,124
2124.2590210437775,40
2124.2593100070953,40
2124.259551048279,124
2124.2597999572754,40
2124.2600710392,40
2124.260320186615,40
2126.2588930130005,124
2126.2591531276703,124
2126.2593739032745,40
2126.2596979141235,40
2126.2599370479584,124
2126.2602059841156,40
2128.259126186371,40
2128.259356021881,40
2128.259647130966,124
2128.2598989009857,124
2128.2601499557495,40
2128.2604172229767,40
2130.2597301006317,124
2130.2599461078644,40
2130.2602281570435,40
2130.260503053665,40
2130.260780096054,124
2130.261036157608,124
2132.2589762210846,40
2132.259215116501,40
2132.259527206421,124
2132.259757041931,40
2132.2600271701813,40
2132.2602779865265,40
2134.2592601776123,124
2134.259532928467,124
2134.2597551345825,40
2134.2600231170654,40
2134.2602999210358,124
2134.2605531215668,40
2136.2592730522156,40
2136.259565114975,40
2136.2597999572754,124
2136.2600541114807,124
2136.2603130340576,40
2136.260567188263,40
2138.2595109939575,124
2138.259731054306,40
2138.2600100040436,40
2138.260274887085,40
2138.2605531215668,124
2138.2608230113983,124
2140.260362148285,40
2140.260605096817,40
2140.261087179184,124
2140.261176109314,40
2140.2614431381226,40
2140.2617020606995,40
2142.260269165039,124
2142.2605409622192,124
2142.260759115219,40
2142.261015892029,40
2142.2613611221313,124
2142.2616109848022,40
2144.260286092758,40
2144.2605650424957,40
2144.2608530521393,124
2144.261157989502,124
2144.2614200115204,40
2144.261679172516,40
2146.260854959488,124
2146.261078119278,40
2146.261376142502,40
2146.261666059494,40
2146.261945962906,124
2146.262195110321,124
2148.2606370449066,40
2148.2609190940857,40
2148.2612431049347,124
2148.2614781856537,40
2148.2617559432983,40
2148.262043237686,40
2150.2612431049347,124
2150.261486053467,124
2150.2616760730743,40
2150.261957883835,40
2150.2622439861298,124
2150.262470960617,40
2152.2605459690094,40
2152.2607979774475,40
2152.2611379623413,124
2152.261398077011,124
2152.261619091034,40
2152.2618701457977,40
2154.261236190796,124
2154.2614781856537,40
2154.2617321014404,40
2154.2619869709015,40
2154.2622780799866,124
2154.262540102005,124
2156.261447906494,40
2156.261703014374,40
2156.2619800567627,124
2156.262209177017,40
2156.2624921798706,40
2156.2627551555634,40
2158.261724948883,124
2158.261964082718,124
2158.2621841430664,40
2158.262460231781,40
2158.2627799510956,124
2158.2629981040955,40
2160.2622470855713,40
2160.262496948242,40
2160.262815952301,124
2160.263074874878,124
2160.2633180618286,40
2160.2635610103607,40
2162.261969089508,124
2162.2621941566467,40
2162.262454032898,40
2162.262701034546,40
2162.2630228996277,124
2162.2632880210876,124
2164.2620689868927,40
2164.262328147888,40
2164.2626140117645,124
2164.262831926346,40
2164.2631158828735,40
2164.2633719444275,40
2166.262271165848,124
2166.2625410556793,124
2166.2627580165863,40
2166.2630121707916,40
2166.263354063034,124
2166.263568162918,40
2168.262181997299,40
2168.2625031471252,40
2168.2627630233765,124
2168.2630190849304,124
2168.2632400989532,40
2168.263524055481,40
2170.263520002365,124
2170.263829946518,40
2170.264086008072,40
2170.264265060425,40
2170.26460313797,124
2170.2648561000824,124
2172.2630360126495,40
2172.2632880210876,40
2172.2635641098022,124
2172.263824939728,40
2172.2640800476074,40
2172.2643451690674,40
2174.2632789611816,124
2174.2635459899902,124
2174.263813018799,40
2174.264049053192,40
2174.2651829719543,124
2174.266139984131,40
2176.26278090477,40
2176.263048887253,40
2176.2633361816406,124
2176.2636139392853,124
2176.2638239860535,40
2176.26411819458,40
2178.263512134552,124
2178.263934135437,40
2178.2639701366425,40
2178.2642970085144,40
2178.264538049698,124
2178.2647988796234,124
2180.263720035553,40
2180.2639710903168,40
2180.2642550468445,124
2180.264501094818,40
2180.2647511959076,40
2180.265020132065,40
2182.263188123703,124
2182.2633979320526,124
2182.2636330127716,40
2182.263890028,40
2182.2641711235046,124
2182.2643871307373,40
2184.2635400295258,40
2184.263792037964,40
2184.2640900611877,124
2184.264330148697,124
2184.2645611763,40
2184.264834165573,40
2186.2635130882263,124
2186.2637569904327,40
2186.2639961242676,40
2186.26424407959,40
2186.264524936676,124
2186.264816045761,124
2188.2645120620728,40
2188.2647631168365,40
2188.265090942383,124
2188.2653160095215,40
2188.2655720710754,40
2188.2658319473267,40
2190.2650249004364,124
2190.265321969986,124
2190.265547990799,40
2190.26580786705,40
2190.2661340236664,124
2190.266376018524,40
2192.2645611763,40
2192.264796972275,40
2192.2651240825653,124
2192.265377998352,124
2192.265629053116,40
2192.265874862671,40
2194.2647750377655,124
2194.2650060653687,40
2194.265251159668,40
2194.265547990799,40
2194.2658219337463,124
2194.2661578655243,124
2196.2646920681,40
2196.2649879455566,40
2196.2652139663696,124
2196.265440940857,40
2196.265727996826,40
2196.265990972519,40
2198.264641046524,124
2198.2649381160736,124
2198.2651460170746,40
2198.265396118164,40
2198.2657239437103,124
2198.2659471035004,40
2200.265153169632,40
2200.265403985977,40
2200.265690088272,124
2200.2659900188446,124
2200.266209125519,40
2200.266464948654,40
2202.264946937561,124
2202.2651720046997,40
2202.2655119895935,40
2202.265685081482,40
2202.2659640312195,124
2202.2662489414215,124
2204.2653682231903,40
2204.2656512260437,40
2204.2659051418304,124
2204.266140937805,40
2204.2664289474487,40
2204.2666931152344,40
2206.265285015106,124
2206.2655811309814,124
2206.2658479213715,40
2206.2660479545593,40
2206.266331911087,124
2206.2665820121765,40
2208.2652611732483,40
2208.2654988765717,40
2208.265832901001,124
2208.2660870552063,124
2208.266312122345,40
2208.266580104828,40
2210.2667450904846,124
2210.2669830322266,40
2210.267240047455,40
2210.2674989700317,40
2210.267807006836,124
2210.268065929413,124
2212.2660830020905,40
2212.266342163086,40
2212.266636133194,124
2212.266892194748,40
2212.267128944397,40
2212.267386198044,40
2214.2656440734863,124
2214.2663111686707,124
2214.2663650512695,40
2214.266396045685,40
2214.266701221466,124
2214.2669129371643,40
2216.2829160690308,40
2216.2833890914917,40
2216.283876180649,124
2216.2843220233917,124
2216.2847352027893,40
2216.2851691246033,40
2218.2664370536804,124
2218.266669988632,40
2218.2669069767,40
2218.2671711444855,40
2218.2674889564514,124
2218.2677500247955,124
2220.267361164093,40
2220.2676730155945,40
2220.2679488658905,124
2220.268243074417,40
2220.26842713356,40
2220.2687182426453,40
2222.266462087631,124
2222.2667260169983,124
2222.266965866089,40
2222.267215013504,40
2222.2674951553345,124
2222.267753124237,40
2224.2667951583862,40
2224.267118215561,40
2224.2673621177673,124
2224.2676129341125,124
2224.2678611278534,40
2224.2681951522827,40
2226.26721906662,124
2226.267422914505,40
2226.2677371501923,40
2226.2679522037506,40
2226.2682690620422,124
2226.268520116806,124
2228.2668781280518,40
2228.2671191692352,40
2228.2674379348755,124
2228.267660140991,40
2228.267904996872,40
2228.2681810855865,40
2230.267909049988,124
2230.268238067627,124
2230.2684319019318,40
2230.268674850464,40
2230.268956899643,124
2230.269182920456,40
2232.2674210071564,40
2232.267704963684,40
2232.268054962158,124
2232.2683141231537,124
2232.2684700489044,40
2232.268753051758,40
2234.2675499916077,124
2234.2677710056305,40
2234.2680180072784,40
2234.2682671546936,40
2234.268557071686,124
2234.268844127655,124
2236.2683119773865,40
2236.2685549259186,40
2236.268861055374,124
2236.2691011428833,40
2236.269357919693,40
2236.269618034363,40
2238.267818212509,124
2238.2681040763855,124
2238.2683260440826,40
2238.2685780525208,40
2238.2688660621643,124
2238.269112110138,40
2240.2685441970825,40
2240.2688069343567,40
2240.2690889835358,124
2240.269387960434,124
2240.26962018013,40
2240.2698922157288,40
2242.2686998844147,124
2242.2689080238342,40
2242.2691740989685,40
2242.2694640159607,40
2242.2697489261627,124
2242.2699999809265,124
2244.268539905548,40
2244.268758058548,40
2244.2690291404724,124
2244.2692770957947,40
2244.2695410251617,40
2244.2697989940643,40
2246.2682540416718,124
2246.2685129642487,124
2246.268765926361,40
2246.2690110206604,40
2246.269287109375,124
2246.269520044327,40
2248.268501996994,40
2248.268762111664,40
2248.2691221237183,124
2248.2693300247192,124
2248.269546031952,40
2248.2698261737823,40
2250.270293235779,124
2250.2705092430115,40
2250.2707800865173,40
2250.2710671424866,40
2250.271401166916,124
2250.2716760635376,124
2252.2694499492645,40
2252.2696828842163,40
2252.2699670791626,124
2252.270220041275,40
2252.270474910736,40
2252.270749092102,40
2254.269257068634,124
2254.269546031952,124
2254.2697591781616,40
2254.2700181007385,40
2254.2703201770782,124
2254.270560026169,40
2256.2698040008545,40
2256.270098924637,40
2256.2703461647034,124
2256.2706310749054,124
2256.270865917206,40
2256.2711272239685,40
2258.2695410251617,124
2258.2697710990906,40
2258.270087003708,40
2258.270280122757,40
2258.2705841064453,124
2258.270947933197,124
2260.270012140274,40
2260.2702770233154,40
2260.2705450057983,124
2260.2707979679108,40
2260.2710530757904,40
2260.2713499069214,40
2262.2701840400696,124
2262.2704422473907,124
2262.270676136017,40
2262.2709550857544,40
2262.2712659835815,124
2262.2715129852295,40
2264.2703828811646,40
2264.270648956299,40
2264.2709271907806,124
2264.2712121009827,124
2264.271481990814,40
2264.271733045578,40
2266.2700700759888,124
2266.2703030109406,40
2266.2705631256104,40
2266.270802974701,40
2266.2711079120636,124
2266.271630048752,124
2268.270865917206,40
2268.271148920059,40
2268.2714791297913,124
2268.2717020511627,40
2268.271961212158,40
2268.2722170352936,40
2270.27140212059,124
2270.271691083908,124
2270.2719180583954,40
2270.272177219391,40
2270.2724781036377,124
2270.272789001465,40
2272.2709159851074,40
2272.2711720466614,40
2272.2715451717377,124
2272.271777153015,124
2272.272024869919,40
2272.272281885147,40
2274.2707800865173,124
2274.2710342407227,40
2274.2713248729706,40
2274.271589040756,40
2274.2718760967255,124
2274.2721750736237,124
2276.2712681293488,40
2276.271534204483,40
2276.2718172073364,124
2276.272101163864,40
2276.272381067276,40
2276.2726130485535,40
2278.2711219787598,124
2278.271452188492,124
2278.2716681957245,40
2278.2719190120697,40
2278.2722029685974,124
2278.2724781036377,40
2280.2718319892883,40
2280.272089958191,40
2280.2723960876465,124
2280.272676229477,124
2280.272896051407,40
2280.2731499671936,40
2282.2718620300293,124
2282.2718710899353,40
2282.272119998932,40
2282.2725031375885,40
2282.2726969718933,124
2282.272948026657,124
2284.2713379859924,40
2284.271597146988,40
2284.271915912628,124
2284.2721400260925,40
2284.2723989486694,40
2284.2726578712463,40
2286.2717700004578,124
2286.2720601558685,124
2286.2723059654236,40
2286.2725360393524,40
2286.2728102207184,124
2286.273068189621,40
2288.2718579769135,40
2288.272094964981,40
2288.272395133972,124
2288.272640943527,124
2288.2729279994965,40
2288.273201227188,40
2290.2730181217194,124
2290.2732770442963,40
2290.273546934128,40
2290.2738029956818,40
2290.2741010189056,124
2290.274439096451,124
2292.272027015686,40
2292.272355079651,40
2292.2725920677185,124
2292.272805929184,40
2292.273059129715,40
2292.2733318805695,40
2294.2723910808563,124
2294.2726650238037,124
2294.272927045822,40
2294.2731499671936,40
2294.2734282016754,124
2294.2737200260162,40
2296.2725069522858,40
2296.27277803421,40
2296.2730600833893,124
2296.2733221054077,124
2296.273545026779,40
2296.273899078369,40
2298.2736818790436,124
2298.2739131450653,40
2298.274173974991,40
2298.2744500637054,40
2298.274729013443,124
2298.2750329971313,124
2300.2737271785736,40
2300.273990869522,40
2300.274337053299,124
2300.274533033371,40
2300.274796962738,40
2300.2750630378723,40
2302.2730860710144,124
2302.273353099823,124
2302.2735641002655,40
2302.2738280296326,40
2302.2741639614105,124
2302.2743520736694,40
2304.2731029987335,40
2304.2733612060547,40
2304.273647069931,124
2304.273896932602,124
2304.274120092392,40
2304.274402141571,40
2306.273647069931,124
2306.2738828659058,40
2306.2741310596466,40
2306.27441906929,40
2306.274714946747,124
2306.2749829292297,124
2308.273849964142,40
2308.274036169052,40
2308.274252176285,124
2308.274479150772,40
2308.274751186371,40
2308.275013923645,40
2310.27445602417,124
2310.274713039398,124
2310.274996995926,40
2310.2752192020416,40
2310.2755031585693,124
2310.275738954544,40
2312.2738180160522,40
2312.274146080017,40
2312.274439096451,124
2312.2746710777283,124
2312.274892091751,40
2312.275192260742,40
2314.273869037628,124
2314.2741010189056,40
2314.2743780612946,40
2314.2746391296387,40
2314.274908065796,124
2314.275207042694,124
2316.274492263794,40
2316.274749994278,40
2316.275062084198,124
2316.2753410339355,40
2316.2755529880524,40
2316.275857925415,40
2318.274430036545,124
2318.274717092514,124
2318.2749440670013,40
2318.2751998901367,40
2318.2755210399628,124
2318.2757420539856,40
2320.2754158973694,40
2320.2757110595703,40
2320.275990009308,124
2320.2762610912323,124
2320.2764739990234,40
2320.276762008667,40
2322.2746951580048,124
2322.274939060211,40
2322.2752270698547,40
2322.2754459381104,40
2322.2757239341736,124
2322.2760219573975,124
2324.2747931480408,40
2324.275074005127,40
2324.275360107422,124
2324.2755830287933,40
2324.2758309841156,40
2324.2761170864105,40
2326.2747700214386,124
2326.275037050247,124
2326.2752730846405,40
2326.27552819252,40
2326.2758100032806,124
2326.2760281562805,40
2328.2753908634186,40
2328.275696992874,40
2328.2759342193604,124
2328.276179075241,124
2328.2764341831207,40
2328.2766840457916,40
2330.2764360904694,124
2330.276705980301,40
2330.2769560813904,40
2330.2772159576416,40
2330.2775280475616,124
2330.277806997299,124
2332.27538895607,40
2332.275663137436,40
2332.275955915451,124
2332.2761809825897,40
2332.276479959488,40
2332.2767391204834,40
2334.275631904602,124
2334.275906085968,124
2334.276134252548,40
2334.276780128479,40
2334.276827096939,124
2334.276932954788,40
2336.2757711410522,40
2336.2760400772095,40
2336.2763319015503,124
2336.2765650749207,124
2336.2767860889435,40
2336.27707195282,40
2338.276293992996,124
2338.2765021324158,40
2338.276759147644,40
2338.277018070221,40
2338.2773580551147,124
2338.2776079177856,124
2340.2763121128082,40
2340.276561975479,40
2340.276836156845,124
2340.2770521640778,40
2340.277333021164,40
2340.2775909900665,40
2342.2760531902313,124
2342.2763040065765,124
2342.2765550613403,40
2342.276803970337,40
2342.277081012726,124
2342.2773101329803,40
2344.2770380973816,40
2344.277296066284,40
2344.2775819301605,124
2344.2778680324554,124
2344.27819108963,40
2344.278357028961,40
2346.2768120765686,124
2346.277044057846,40
2346.2773060798645,40
2346.2775568962097,40
2346.277876138687,124
2346.2781341075897,124
2348.277001142502,40
2348.2772850990295,40
2348.2775371074677,124
2348.277760028839,40
2348.278048992157,40
2348.278295993805,40
2350.2780182361603,124
2350.2783200740814,124
2350.2785279750824,40
2350.27880692482,40
2350.2790670394897,124
2350.279312133789,40
2352.2783579826355,40
2352.278393983841,40
2352.2788910865784,124
2352.279260158539,124
2352.279270172119,40
2352.2794620990753,40
2354.278645992279,124
2354.2788639068604,40
2354.279445171356,40
2354.2794489860535,40
2354.279703140259,124
2354.279955148697,124
2356.278109073639,40
2356.278361082077,40
2356.278660058975,124
2356.2788920402527,40
2356.2791409492493,40
2356.2793951034546,40
2358.2789051532745,124
2358.2791590690613,124
2358.2793922424316,40
2358.2796602249146,40
2358.279965877533,124
2358.2801880836487,40
2360.279526233673,40
2360.2797870635986,40
2360.280097961426,124
2360.280380010605,124
2360.280603170395,40
2360.280851125717,40
2362.2796771526337,124
2362.279895067215,40
2362.280172109604,40
2362.2804260253906,40
2362.2807149887085,124
2362.2809710502625,124
2364.2796170711517,40
2364.2798631191254,40
2364.2801592350006,124
2364.280389070511,40
2364.2806389331818,40
2364.2808871269226,40
2366.2801740169525,124
2366.2804260253906,124
2366.2806730270386,40
2366.2809629440308,40
2366.2812180519104,124
2366.2814750671387,40
2368.2803978919983,40
2368.2806701660156,40
2368.2809541225433,124
2368.2812190055847,124
2368.2814791202545,40
2368.281774044037,40
2370.281744003296,124
2370.2819690704346,40
2370.282227039337,40
2370.282490968704,40
2370.2828092575073,124
2370.283082008362,124
2372.2815549373627,40
2372.2817940711975,40
2372.2821049690247,124
2372.282352209091,40
2372.2825739383698,40
2372.2828719615936,40
2374.2824420928955,124
2374.282691001892,124
2374.2829399108887,40
2374.2832069396973,40
2374.283514022827,124
2374.2837121486664,40
2376.2836360931396,40
2376.283946990967,40
2376.2842020988464,124
2376.2845101356506,124
2376.284795999527,40
2376.284976243973,40
2378.283149957657,124
2378.283471107483,40
2378.2836520671844,40
2378.28390789032,40
2378.2842121124268,124
2378.284464120865,124
2380.2845091819763,40
2380.2847740650177,40
2380.285064935684,124
2380.2853021621704,40
2380.2855870723724,40
2380.28586602211,40
2382.283322095871,124
2382.2835762500763,124
2382.2838230133057,40
2382.2840790748596,40
2382.28435921669,124
2382.284604072571,40
2384.283769130707,40
2384.2840461730957,40
2384.2843310832977,124
2384.2845940589905,124
2384.2848551273346,40
2384.2851049900055,40
2386.28431391716,124
2386.2845351696014,40
2386.2848060131073,40
2386.2850720882416,40
2386.285369157791,124
2386.285623073578,124
2388.2844190597534,40
2388.28467297554,40
2388.284956932068,124
2388.2852120399475,40
2388.285478115082,40
2388.2857341766357,40
2390.284637928009,124
2390.28489613533,124
2390.285125017166,40
2390.285404920578,40
2390.2856950759888,124
2390.285922050476,40
2392.2841041088104,40
2392.284358024597,40
2392.2846620082855,124
2392.284926176071,124
2392.2851469516754,40
2392.285399913788,40
2394.284670114517,124
2394.284895181656,40
2394.285152196884,40
2394.285407066345,40
2394.285722017288,124
2394.285980939865,124
2396.2847621440887,40
2396.2850511074066,40
2396.2853350639343,124
2396.285569190979,40
2396.285877227783,40
2396.286105155945,40
2398.2862861156464,124
2398.286553144455,124
2398.286792039871,40
2398.287057876587,40
2398.2873611450195,124
2398.287584066391,40
2400.286595106125,40
2400.2868490219116,40
2400.287171125412,124
2400.2874360084534,124
2400.287672996521,40
2400.2879271507263,40
2402.286259174347,124
2402.2865130901337,40
2402.286784172058,40
2402.28701710701,40
2402.287320137024,124
2402.2875921726227,124
2404.2861762046814,40
2404.2864451408386,40
2404.286745071411,124
2404.286971092224,40
2404.287222146988,40
2404.2875061035156,40
2406.2861189842224,124
2406.286371946335,124
2406.286591053009,40
2406.2868671417236,40
2406.287146091461,124
2406.287372112274,40
2408.2863931655884,40
2408.286623954773,40
2408.286940097809,124
2408.28719496727,124
2408.287420988083,40
2408.2876710891724,40
2410.2880342006683,124
2410.2880761623383,40
2410.288335084915,40
2410.288605928421,40
2410.2889201641083,124
2410.289169073105,124
2412.287640094757,40
2412.2880380153656,40
2412.2882080078125,124
2412.288444042206,40
2412.288696050644,40
2412.2890560626984,40
2414.287932872772,124
2414.288169145584,124
2414.2884080410004,40
2414.2887139320374,40
2414.2889342308044,124
2414.2891511917114,40
2416.287803173065,40
2416.288048028946,40
2416.288325071335,124
2416.2886140346527,124
2416.288848876953,40
2416.289102077484,40
2418.2883021831512,124
2418.2885150909424,40
2418.2888050079346,40
2418.2890660762787,40
2418.2893600463867,124
2418.2896440029144,124
2420.2890260219574,40
2420.2892739772797,40
2420.2895629405975,124
2420.289806127548,40
2420.2901220321655,40
2420.2903299331665,40
2422.2898511886597,124
2422.2901220321655,124
2422.2903389930725,40
2422.2906301021576,40
2422.2908852100372,124
2422.291130065918,40
2424.2906210422516,40
2424.2908730506897,40
2424.291181087494,124
2424.291468143463,124
2424.2917051315308,40
2424.2919640541077,40
2426.296846151352,124
2426.297127008438,40
2426.2974770069122,40
2426.2978060245514,40
2426.2981889247894,124
2426.2984709739685,124
2428.291174888611,40
2428.2914781570435,40
2428.2917749881744,124
2428.292018175125,40
2428.292279958725,40
2428.292547941208,40
2430.292107105255,124
2430.29239320755,124
2430.2926120758057,40
2430.2928771972656,40
2430.293160200119,124
2430.2933809757233,40
2432.291324853897,40
2432.291829109192,40
2432.291932106018,124
2432.292282104492,124
2432.292410135269,40
2432.292993068695,40
2434.291693210602,124
2434.2922010421753,40
2434.292205095291,40
2434.2924530506134,40
2434.2927401065826,124
2434.2930290699005,124
2436.2919709682465,40
2436.292252063751,40
2436.2925350666046,124
2436.2927639484406,40
2436.293030977249,40
2436.293312072754,40
2438.2921810150146,124
2438.2924530506134,124
2438.2926740646362,40
2438.292934179306,40
2438.293251991272,124
2438.2934930324554,40
2440.2929060459137,40
2440.293154001236,40
2440.293464899063,124
2440.293732881546,124
2440.2939672470093,40
2440.294224023819,40
2442.293046951294,124
2442.2932682037354,40
2442.2935531139374,40
2442.293828010559,40
2442.294110059738,124
2442.294364929199,124
2444.29380607605,40
2444.2940521240234,40
2444.2943320274353,124
2444.2945630550385,40
2444.2948451042175,40
2444.2951440811157,40
2446.296863079071,124
2446.2971398830414,124
2446.297361135483,40
2446.2976360321045,40
2446.297928094864,124
2446.2981610298157,40
2448.2957861423492,40
2448.2960619926453,40
2448.2963540554047,124
2448.296622991562,124
2448.2968430519104,40
2448.2971210479736,40
2450.297310113907,124
2450.2975640296936,40
2450.2978060245514,40
2450.2980620861053,40
2450.298376083374,124
2450.2986421585083,124
2452.296047925949,40
2452.296292066574,40
2452.2966079711914,124
2452.296837091446,40
2452.2970900535583,40
2452.29736495018,40
2454.2962069511414,124
2454.2964611053467,124
2454.2967550754547,40
2454.2969710826874,40
2454.2972481250763,124
2454.2974710464478,40
2456.2964441776276,40
2456.2967250347137,40
2456.296982049942,124
2456.2972490787506,124
2456.2974672317505,40
2456.29775595665,40
2458.2970101833344,124
2458.2972240448,40
2458.297555923462,40
2458.2977390289307,40
2458.2980852127075,124
2458.2983219623566,124
2460.297618150711,40
2460.297872066498,40
2460.2981889247894,124
2460.298420190811,40
2460.2986810207367,40
2460.298942089081,40
2462.296927213669,124
2462.2971999645233,124
2462.297431945801,40
2462.2976880073547,40
2462.297975063324,124
2462.298229932785,40
2464.296867132187,40
2464.297112941742,40
2464.297432899475,124
2464.297681093216,124
2464.2979011535645,40
2464.2981569767,40
2466.298087120056,124
2466.298315048218,40
2466.298662185669,40
2466.2988970279694,40
2466.2991700172424,124
2466.2994408607483,124
2468.297861099243,40
2468.2981271743774,40
2468.2984240055084,124
2468.2987949848175,40
2468.2989320755005,40
2468.2991921901703,40
2470.2980580329895,124
2470.29830121994,124
2470.2985389232635,40
2470.2987821102142,40
2470.2991030216217,124
2470.2995290756226,40
2472.2980210781097,40
2472.2982819080353,40
2472.2985610961914,124
2472.2988209724426,124
2472.299070119858,40
2472.2993261814117,40
2474.298543214798,124
2474.2987701892853,40
2474.299031019211,40
2474.29931807518,40
2474.2996051311493,124
2474.2998671531677,124
2476.2978899478912,40
2476.29811501503,40
2476.2984170913696,124
2476.298686981201,40
2476.298898935318,40
2476.2991540431976,40
2478.2991020679474,124
2478.299203157425,124
2478.299420118332,40
2478.2997329235077,40
2478.300003051758,124
2478.3002359867096,40
2480.2992470264435,40
2480.299504995346,40
2480.2998201847076,124
2480.300077199936,124
2480.3003029823303,40
2480.300567150116,40
2482.298686981201,124
2482.298943042755,40
2482.2991931438446,40
2482.2994441986084,40
2482.2997329235077,124
2482.3000230789185,124
2484.298497915268,40
2484.2987480163574,40
2484.2990510463715,124
2484.2992780208588,40
2484.2995319366455,40
2484.299817085266,40
2486.29873418808,124
2486.2990159988403,124
2486.2992601394653,40
2486.2994949817657,40
2486.2997760772705,124
2486.3000049591064,40
2488.29957818985,40
2488.299705028534,40
2488.299952030182,124
2488.300201177597,124
2488.300455093384,40
2488.3007111549377,40
2490.300513982773,124
2490.300751209259,40
2490.3010201454163,40
2490.3012709617615,40
2490.3016200065613,124
2490.3018851280212,124
2492.3000111579895,40
2492.3002512454987,40
2492.3005430698395,124
2492.3007941246033,40
2492.301055908203,40
2492.3013110160828,40
2494.3013260364532,124
2494.3015110492706,124
2494.30153298378,40
2494.301553964615,40
2494.301603078842,124
2494.3017060756683,40
2496.3011610507965,40
2496.3014171123505,40
2496.301749944687,124
2496.3020401000977,124
2496.302271127701,40
2496.3025329113007,40
2498.3009078502655,124
2498.3012380599976,40
2498.301428079605,40
2498.3016998767853,40
2498.30198597908,124
2498.302272081375,124
2500.3015480041504,40
2500.301884174347,40
2500.302115917206,124
2500.302349090576,40
2500.3025999069214,40
2500.302855014801,40
2502.3014771938324,124
2502.301778078079,124
2502.3020379543304,40
2502.302258014679,40
2502.302572965622,124
2502.3027999401093,40
2504.301908016205,40
2504.302155971527,40
2504.3024921417236,124
2504.302721977234,124
2504.302947998047,40
2504.303204059601,40
2506.302463054657,124
2506.30268406868,40
2506.302962064743,40
2506.303225040436,40
2506.3035111427307,124
2506.30379986763,124
2508.3026690483093,40
2508.3030230998993,40
2508.3032841682434,124
2508.303428173065,40
2508.3036799430847,40
2508.3039889335632,40
2510.304029941559,124
2510.304256916046,124
2510.304491043091,40
2510.304729938507,40
2510.305017232895,124
2510.3052740097046,40
2512.303163051605,40
2512.3034460544586,40
2512.303745031357,124
2512.3039898872375,124
2512.304230928421,40
2512.3045139312744,40
2514.303637981415,124
2514.3038580417633,40
2514.30411195755,40
2514.3043789863586,40
2514.30468416214,124
2514.3049459457397,124
2516.3039219379425,40
2516.3041710853577,40
2516.304459095001,124
2516.304701089859,40
2516.3049499988556,40
2516.3052020072937,40
2518.3042681217194,124
2518.3045341968536,124
2518.3047819137573,40
2518.305046081543,40
2518.305324077606,124
2518.3055551052094,40
2520.3050441741943,40
2520.3053131103516,40
2520.305577993393,124
2520.3058729171753,124
2520.306091070175,40
2520.3063490390778,40
2522.3049631118774,124
2522.3052110671997,40
2522.3054671287537,40
2522.305738925934,40
2522.3060121536255,124
2522.306298017502,124
2524.305554151535,40
2524.3058190345764,40
2524.3060960769653,124
2524.3063530921936,40
2524.3066120147705,40
2524.3068721294403,40
2526.3057432174683,124
2526.3059990406036,124
2526.306219100952,40
2526.3065230846405,40
2526.30677819252,124
2526.307020187378,40
2528.3055012226105,40
2528.3057861328125,40
2528.3060619831085,124
2528.306309223175,124
2528.3065650463104,40
2528.306823015213,40
2530.3068828582764,124
2530.307107925415,40
2530.307370185852,40
2530.3076300621033,40
2530.3079521656036,124
2530.3082060813904,124
2532.30655002594,40
2532.306799888611,40
2532.307121038437,124
2532.307337999344,40
2532.307590007782,40
2532.3078870773315,40
2534.306624889374,124
2534.3068940639496,124
2534.307140111923,40
2534.3073971271515,40
2534.3076860904694,124
2534.307904958725,40
2536.3069190979004,40
2536.3071739673615,40
2536.307473897934,124
2536.3077280521393,124
2536.307956933975,40
2536.30823802948,40
2538.3076989650726,124
2538.307919025421,40
2538.3081979751587,40
2538.308468103409,40
2538.3087611198425,124
2538.3090200424194,124
2540.3081340789795,40
2540.308392047882,40
2540.308704137802,124
2540.308937072754,40
2540.309195995331,40
2540.309459209442,40
2542.3085889816284,124
2542.3088748455048,124
2542.3091270923615,40
2542.3093609809875,40
2542.3096380233765,124
2542.309893131256,40
2544.3095030784607,40
2544.3097488880157,40
2544.3100650310516,124
2544.3104281425476,124
2544.3105409145355,40
2544.31081199646,40
2546.3096799850464,124
2546.310122013092,40
2546.310187101364,40
2546.3104469776154,40
2546.3107459545135,124
2546.3110160827637,124
2548.309788942337,40
2548.310345172882,40
2548.3103489875793,124
2548.3105611801147,40
2548.310800075531,40
2548.311043024063,40
2550.3102090358734,124
2550.3104870319366,124
2550.3107149600983,40
2550.3109591007233,40
2550.31125497818,124
2550.3115010261536,40
2552.309918165207,40
2552.3101670742035,40
2552.310443162918,124
2552.310737133026,124
2552.310975074768,40
2552.311224937439,40
2554.310413122177,124
2554.3106620311737,40
2554.3109180927277,40
2554.3111820220947,40
2554.3114511966705,124
2554.3117690086365,124
2556.3109300136566,40
2556.3111860752106,40
2556.3114762306213,124
2556.311734199524,40
2556.31200504303,40
2556.3122630119324,40
2558.310511112213,124
2558.3107511997223,124
2558.3109951019287,40
2558.311252117157,40
2558.3115310668945,124
2558.311788082123,40
2560.3118391036987,40
2560.3120720386505,40
2560.3124239444733,124
2560.3126611709595,124
2560.3128690719604,40
2560.3131470680237,40
2562.3127720355988,124
2562.312999010086,40
2562.31325006485,40
2562.313593149185,40
2562.3138110637665,124
2562.3141012191772,124
2564.3112020492554,40
2564.3114790916443,40
2564.3117940425873,124
2564.3120250701904,40
2564.312276124954,40
2564.3126130104065,40
2566.3120410442352,124
2566.312271118164,124
2566.3124940395355,40
2566.3127748966217,40
2566.313057899475,124
2566.3132829666138,40
2568.3125879764557,40
2568.3127789497375,40
2568.3131721019745,124
2568.3133602142334,124
2568.313565969467,40
2568.3138489723206,40
2570.312646150589,124
2570.312867164612,40
2570.3131539821625,40
2570.313413143158,40
2570.31369805336,124
2570.3139791488647,124
2572.313281059265,40
2572.3135600090027,40
2572.313824892044,124
2572.3140461444855,40
2572.3143310546875,40
2572.3145842552185,40
2574.313087940216,124
2574.3133659362793,124
2574.3135979175568,40
2574.3138489723206,40
2574.3141391277313,124
2574.3143830299377,40
2576.3132059574127,40
2576.313588142395,40
2576.313775062561,124
2576.3140740394592,124
2576.314455986023,40
2576.3147370815277,40
2578.3139860630035,124
2578.3139901161194,40
2578.3142318725586,40
2578.3144640922546,40
2578.314785003662,124
2578.315045118332,124
2580.3140420913696,40
2580.314278125763,40
2580.3145611286163,124
2580.314810037613,40
2580.3150639533997,40
2580.3153159618378,40
2582.315088033676,124
2582.3153541088104,124
2582.3155841827393,40
2582.315824985504,40
2582.3161342144012,124
2582.316362142563,40
2584.315279006958,40
2584.3155479431152,40
2584.315831899643,124
2584.3161149024963,124
2584.3163850307465,40
2584.316637992859,40
2586.3152101039886,124
2586.315463066101,40
2586.3157110214233,40
2586.3159730434418,40
2586.3163039684296,124
2586.316554069519,124
2588.3164269924164,40
2588.3167021274567,40
2588.31698012352,124
2588.3172080516815,40
2588.3175280094147,40
2588.3177530765533,40
2590.31703209877,124
2590.31729221344,124
2590.317526102066,40
2590.3178131580353,40
2590.318122148514,124
2590.318328142166,40
2592.3180389404297,40
2592.3182129859924,40
2592.318507909775,124
2592.3187930583954,124
2592.3190219402313,40
2592.319277048111,40
2594.3187210559845,124
2594.318962097168,40
2594.319227218628,40
2594.319478034973,40
2594.3197672367096,124
2594.3201200962067,124
2596.319130897522,40
2596.3194041252136,40
2596.319678068161,124
2596.319932937622,40
2596.320301055908,40
2596.320493221283,40
2598.318995952606,124
2598.3194119930267,124
2598.3195271492004,40
2598.3199191093445,40
2598.3200781345367,124
2598.320317029953,40
2600.3198211193085,40
2600.320079088211,40
2600.320363998413,124
2600.3206672668457,124
2600.3208951950073,40
2600.3211629390717,40
2602.3194789886475,124
2602.319750070572,40
2602.3200318813324,40
2602.320254087448,40
2602.32058095932,124
2602.320832967758,124
2604.3196351528168,40
2604.3199021816254,40
2604.3202760219574,124
2604.3204069137573,40
2604.320673942566,40
2604.320948123932,40
2606.3198342323303,124
2606.320126056671,124
2606.320330142975,40
2606.3206012248993,40
2606.320899963379,124
2606.321146965027,40
2608.3205120563507,40
2608.32076215744,40
2608.3210711479187,124
2608.3213431835175,124
2608.3215630054474,40
2608.321886062622,40
2610.321886062622,124
2610.322139978409,40
2610.3223860263824,40
2610.32266497612,40
2610.3229711055756,124
2610.323240041733,124
2612.3209879398346,40
2612.3212780952454,40
2612.3215610980988,124
2612.321834087372,40
2612.3220920562744,40
2612.3223900794983,40
2614.3212819099426,124
2614.321562051773,124
2614.321804046631,40
2614.3220779895782,40
2614.32239985466,124
2614.3226051330566,40
2616.321771144867,40
2616.3220059871674,40
2616.3223071098328,124
2616.3226051330566,124
2616.322823047638,40
2616.323067188263,40
2618.321713924408,124
2618.3219690322876,40
2618.3222219944,40
2618.3224720954895,40
2618.322776079178,124
2618.3230922222137,124
2620.322599887848,40
2620.322914123535,40
2620.3231909275055,124
2620.3234090805054,40
2620.323665857315,40
2620.3239068984985,40
2622.3217442035675,124
2622.321962118149,124
2622.322188138962,40
2622.3224790096283,40
2622.3227829933167,124
2622.3229649066925,40
2624.3222160339355,40
2624.322853088379,40
2624.3229100704193,124
2624.3230650424957,124
2624.323299884796,40
2624.3235800266266,40
2626.322520017624,124
2626.3227570056915,40
2626.3230130672455,40
2626.3232641220093,40
2626.3235790729523,124
2626.3238441944122,124
2628.3224880695343,40
2628.3227682113647,40
2628.3230690956116,124
2628.32328414917,40
2628.3235309123993,40
2628.3238248825073,40
2630.323307991028,124
2630.3235630989075,124
2630.323807954788,40
2630.3240690231323,40
2630.3243629932404,124
2630.3245861530304,40
2632.322729110718,40
2632.323007106781,40
2632.3232860565186,124
2632.323548078537,124
2632.3237750530243,40
2632.324119091034,40
2634.355441093445,124
2634.3556559085846,40
2634.355968236923,40
2634.3563570976257,40
2634.3565180301666,124
2634.35675907135,124
2636.3499550819397,40
2636.3501908779144,40
2636.3504922389984,124
2636.350706100464,40
2636.3509650230408,40
2636.351218223572,40
2638.350293159485,124
2638.3505721092224,124
2638.350800037384,40
2638.351072072983,40
2638.3513329029083,124
2638.3516039848328,40
2640.351207971573,40
2640.3514201641083,40
2640.3517620563507,124
2640.3520369529724,124
2640.352270126343,40
2640.352527141571,40
2642.3506410121918,124
2642.350914955139,40
2642.351142168045,40
2642.351397037506,40
2642.351716041565,124
2642.3520171642303,124
2644.3504931926727,40
2644.350744009018,40
2644.3510591983795,124
2644.351273059845,40
2644.351562023163,40
2644.351814031601,40
2646.3511810302734,124
2646.3514490127563,124
2646.3517150878906,40
2646.351963043213,40
2646.352280139923,124
2646.352513074875,40
2648.351562976837,40
2648.351870059967,40
2648.3521389961243,124
2648.352427005768,124
2648.3526549339294,40
2648.3529200553894,40
2650.3523762226105,124
2650.352648973465,40
2650.3528881073,40
2650.3531510829926,40
2650.353488922119,124
2650.3537352085114,124
2652.3519270420074,40
2652.352180957794,40
2652.3524630069733,124
2652.352723121643,40
2652.35298204422,40
2652.353232860565,40
2654.3521370887756,124
2654.3523790836334,124
2654.3526079654694,40
2654.3528850078583,40
2654.3532989025116,124
2654.3534021377563,40
2656.3514580726624,40
2656.351729154587,40
2656.352045059204,124
2656.3523049354553,124
2656.352532863617,40
2656.352790117264,40
2658.3521699905396,124
2658.3523910045624,40
2658.3526451587677,40
2658.3529040813446,40
2658.3532140254974,124
2658.353495121002,124
2660.3523540496826,40
2660.3526010513306,40
2660.352882862091,124
2660.353102207184,40
2660.353384256363,40
2660.3536422252655,40
2662.352123975754,124
2662.3523840904236,124
2662.3526260852814,40
2662.3528819084167,40
2662.3531680107117,124
2662.3534100055695,40
2664.3524351119995,40
2664.3527159690857,40
2664.3529930114746,124
2664.3537650108337,124
2664.353770017624,40
2664.3537871837616,40
2666.353138923645,124
2666.3533658981323,40
2666.353651046753,40
2666.353929042816,40
2666.35422706604,124
2666.354488134384,124
2668.3529431819916,40
2668.35320687294,40
2668.353487968445,124
2668.353721141815,40
2668.354317188263,40
2668.3543379306793,40
2670.3536190986633,124
2670.3538670539856,124
2670.354124069214,40
2670.3543829917908,40
2670.354840040207,124
2670.354902982712,40
2672.353184223175,40
2672.3534672260284,40
2672.3537459373474,124
2672.354001045227,124
2672.3542540073395,40
2672.3545100688934,40
2674.353606939316,124
2674.3538341522217,40
2674.3540852069855,40
2674.3543660640717,40
2674.3546600341797,124
2674.3549320697784,124
2676.353520154953,40
2676.3537380695343,40
2676.354026079178,124
2676.3542490005493,40
2676.3548560142517,40
2676.3551211357117,40
2678.3534359931946,124
2678.3536489009857,124
2678.3539049625397,40
2678.354223012924,40
2678.3545520305634,124
2678.3546772003174,40
2680.3544461727142,40
2680.3546879291534,40
2680.3550012111664,124
2680.3552629947662,124
2680.355489015579,40
2680.3557498455048,40
2682.3538920879364,124
2682.3541371822357,40
2682.354390859604,40
2682.3546459674835,40
2682.3549361228943,124
2682.3552248477936,124
2684.354686021805,40
2684.354940891266,40
2684.355252981186,124
2684.355489015579,40
2684.355745077133,40
2684.355996131897,40
2686.3542699813843,124
2686.3545351028442,124
2686.354754924774,40
2686.3550050258636,40
2686.3553080558777,124
2686.355549097061,40
2688.3543672561646,40
2688.3546600341797,40
2688.3549320697784,124
2688.3553512096405,124
2688.355668067932,40
2688.3557090759277,40
2690.35511803627,124
2690.3553400039673,40
2690.355598926544,40
2690.3559079170227,40
2690.3562150001526,124
2690.3564488887787,124
2692.3555560112,40
2692.355823993683,40
2692.356122970581,124
2692.3563470840454,40
2692.3566200733185,40
2692.3568861484528,40
2694.356178045273,124
2694.3564410209656,124
2694.356663942337,40
2694.3569209575653,40
2694.357237100601,124
2694.35746717453,40
2696.3561239242554,40
2696.356304168701,40
2696.3565762043,124
2696.356831073761,124
2696.3570659160614,40
2696.3573639392853,40
2698.356048107147,124
2698.35626411438,40
2698.356546163559,40
2698.35680603981,40
2698.3570940494537,124
2698.357398033142,124
2700.3572010993958,40
2700.357449054718,40
2700.3577671051025,124
2700.358017206192,40
2700.358246088028,40
2700.358545064926,40
2702.3565530776978,124
2702.3568432331085,124
2702.357064962387,40
2702.357325077057,40
2702.3576328754425,124
2702.357871055603,40
2704.3564310073853,40
2704.3566720485687,40
2704.3569869995117,124
2704.3572750091553,124
2704.3574719429016,40
2704.35772895813,40
2706.3569841384888,124
2706.3572828769684,40
2706.3574550151825,40
2706.3577029705048,40
2706.358022928238,124
2706.3583068847656,124
2708.357218027115,40
2708.3574512004852,40
2708.357738018036,124
2708.3579721450806,40
2708.3582561016083,40
2708.3585040569305,40
2710.3577420711517,124
2710.3579959869385,124
2710.3582239151,40
2710.3585069179535,40
2710.3587930202484,124
2710.359027147293,40
2712.3569440841675,40
2712.35720205307,40
2712.357491016388,124
2712.3577511310577,124
2712.3579699993134,40
2712.358365058899,40
2714.3575761318207,124
2714.3578300476074,40
2714.3580770492554,40
2714.3584139347076,40
2714.358628988266,124
2714.35893201828,124
2716.3576459884644,40
2716.3579330444336,40
2716.358227968216,124
2716.358440876007,40
2716.3587012290955,40
2716.3589770793915,40
2718.35772895813,124
2718.3580079078674,124
2718.358249902725,40
2718.358502149582,40
2718.3587851524353,124
2718.359195947647,40
2720.3584640026093,40
2720.3587272167206,40
2720.35901594162,124
2720.359323978424,124
2720.3595440387726,40
2720.3597869873047,40
2722.358043193817,124
2722.358323097229,40
2722.3585579395294,40
2722.3588070869446,40
2722.359102010727,124
2722.3594200611115,124
2724.35821723938,40
2724.3584909439087,40
2724.358792066574,124
2724.3590080738068,40
2724.3592870235443,40
2724.359544992447,40
2726.3585770130157,124
2726.3588762283325,124
2726.35905790329,40
2726.359307050705,40
2726.3595950603485,124
2726.3598442077637,40
2728.359076023102,40
2728.3590879440308,40
2728.3592989444733,124
2728.3595671653748,124
2728.3598210811615,40
2728.3600800037384,40
2730.35955786705,124
2730.35972905159,40
2730.3600409030914,40
2730.3602979183197,40
2730.3606371879578,124
2730.360841035843,124
2732.3593311309814,40
2732.3595740795135,40
2732.359869003296,124
2732.360114097595,40
2732.3603749275208,40
2732.3606300354004,40
2734.3592290878296,124
2734.359466075897,124
2734.3596909046173,40
2734.359946012497,40
2734.3602318763733,124
2734.360486984253,40
2736.3592488765717,40
2736.3594942092896,40
2736.359827041626,124
2736.360053062439,124
2736.360267162323,40
2736.360547065735,40
2738.359437942505,124
2738.35968708992,40
2738.359939098358,40
2738.360194206238,40
2738.360482931137,124
2738.3607659339905,124
2740.3602521419525,40
2740.3605139255524,40
2740.360878944397,124
2740.3610570430756,40
2740.361314058304,40
2740.3615980148315,40
2742.3594720363617,124
2742.359731912613,124
2742.359976053238,40
2742.3602249622345,40
2742.3605489730835,124
2742.3607470989227,40
2744.3594748973846,40
2744.3597230911255,40
2744.359997987747,124
2744.3602850437164,124
2744.3605031967163,40
2744.3607568740845,40
2746.3606112003326,124
2746.3608260154724,40
2746.3610870838165,40
2746.3613748550415,40
2746.361652135849,124
2746.361964941025,124
2748.3603229522705,40
2748.3606441020966,40
2748.3609211444855,124
2748.3611550331116,40
2748.3614070415497,40
2748.361747980118,40
2750.361212015152,124
2750.3614931106567,124
2750.361737012863,40
2750.3620541095734,40
2750.362329006195,124
2750.3625922203064,40
2752.36088013649,40
2752.3613510131836,40
2752.361414909363,124
2752.361673116684,124
2752.3619611263275,40
2752.3622319698334,40
2754.3609449863434,124
2754.3611810207367,40
2754.361461162567,40
2754.3617141246796,40
2754.3620579242706,124
2754.36234998703,124
2756.361081123352,40
2756.3613579273224,40
2756.361629962921,124
2756.3619101047516,40
2756.3621850013733,40
2756.3624432086945,40
2758.3609449863434,124
2758.361166000366,124
2758.3613998889923,40
2758.3616559505463,40
2758.3620359897614,124
2758.3622710704803,40
2760.3620710372925,40
2760.36234998703,40
2760.362687110901,124
2760.362915992737,124
2760.363140106201,40
2760.3634560108185,40
2762.3616211414337,124
2762.361624956131,40
2762.361685037613,40
2762.361967086792,40
2762.3622579574585,124
2762.3625390529633,124
2764.361885070801,40
2764.3621060848236,40
2764.3623950481415,124
2764.3626182079315,40
2764.362901210785,40
2764.3631880283356,40
2766.361393213272,124
2766.361659049988,124
2766.361932992935,40
2766.36221408844,40
2766.362508058548,124
2766.3627099990845,40
2768.36159992218,40
2768.361878156662,40
2768.362195968628,124
2768.3624432086945,124
2768.362688064575,40
2768.3629171848297,40
2770.3630130290985,124
2770.3632600307465,40
2770.3635210990906,40
2770.363778114319,40
2770.3640649318695,124
2770.364362001419,124
2772.362524986267,40
2772.362776994705,40
2772.3630709648132,124
2772.36328291893,40
2772.3635601997375,40
2772.363817214966,40
2774.3623909950256,124
2774.362673997879,124
2774.3630170822144,40
2774.3631649017334,40
2774.3634400367737,124
2774.3637030124664,40
2776.36230301857,40
2776.3625481128693,40
2776.3628730773926,124
2776.3631172180176,124
2776.3633460998535,40
2776.3636078834534,40
2778.362738132477,124
2778.3629920482635,40
2778.3632559776306,40
2778.36350107193,40
2778.36381816864,124
2778.364082098007,124
2780.3632729053497,40
2780.363505125046,40
2780.3637840747833,124
2780.364044189453,40
2780.3643078804016,40
2780.3645939826965,40
2782.3626749515533,124
2782.362920999527,124
2782.363170146942,40
2782.363451242447,40
2782.3637170791626,124
2782.363927125931,40
2784.362836122513,40
2784.363081932068,40
2784.363386154175,124
2784.3636450767517,124
2784.3638701438904,40
2784.364324092865,40
2786.364042043686,124
2786.3642671108246,40
2786.3645691871643,40
2786.364818096161,40
2786.3651111125946,124
2786.365377187729,124
2788.363790035248,40
2788.3639640808105,40
2788.3642451763153,124
2788.3644659519196,40
2788.364839076996,40
2788.3650240898132,40
2790.3639211654663,124
2790.3642110824585,124
2790.3644931316376,40
2790.3646590709686,40
2790.364949941635,124
2790.3651700019836,40
2792.3638830184937,40
2792.364161014557,40
2792.3644461631775,124
2792.3647031784058,124
2792.364972114563,40
2792.3652160167694,40
2794.363669157028,124
2794.363886117935,40
2794.3641579151154,40
2794.3644149303436,40
2794.36474609375,124
2794.364960193634,124
2796.364226102829,40
2796.3647000789642,40
2796.364797115326,124
2796.3650250434875,40
2796.365298986435,40
2796.3655672073364,40
2798.364804983139,124
2798.3651192188263,124
2798.3655190467834,40
2798.3655672073364,40
2798.3658549785614,124
2798.366082906723,40
2800.3650012016296,40
2800.365242242813,40
2800.3655791282654,124
2800.365813970566,124
2800.3660440444946,40
2800.3663160800934,40
2802.364856004715,124
2802.365082025528,40
2802.365334033966,40
2802.3655841350555,40
2802.36590218544,124
2802.3661749362946,124
2804.3647940158844,40
2804.365031003952,40
2804.365322113037,124
2804.3655450344086,40
2804.3657989501953,40
2804.366105079651,40
2806.364861011505,124
2806.365154027939,124
2806.365364074707,40
2806.365613937378,40
2806.3658969402313,124
2806.3661720752716,40
2808.3646969795227,40
2808.3649520874023,40
2808.3652460575104,124
2808.3655672073364,124
2808.3657310009003,40
2808.3659811019897,40
2810.3659591674805,124
2810.366180896759,40
2810.3664541244507,40
2810.3667130470276,40
2810.367010116577,124
2810.3672699928284,124
2812.3650550842285,40
2812.365301132202,40
2812.365578174591,124
2812.365833044052,40
2812.3660900592804,40
2812.3663408756256,40
2814.365802049637,124
2814.3660728931427,124
2814.366297006607,40
2814.366544008255,40
2814.366861104965,124
2814.367098093033,40
2816.365616083145,40
2816.365879058838,40
2816.3661890029907,124
2816.366438150406,124
2816.3667080402374,40
2816.3669440746307,40
2818.3659749031067,124
2818.36629986763,40
2818.36652302742,40
2818.3667130470276,40
2818.367038011551,124
2818.3672800064087,124
2820.366161108017,40
2820.366460084915,40
2820.3667271137238,124
2820.366950035095,40
2820.367220878601,40
2820.3674850463867,40
2822.3662309646606,124
2822.3664700984955,124
2822.3666920661926,40
2822.366940021515,40
2822.367224931717,124
2822.3674771785736,40
2824.366196155548,40
2824.3664560317993,40
2824.3668060302734,124
2824.367009162903,124
2824.367304086685,40
2824.367509126663,40
2826.3664181232452,124
2826.366632938385,40
2826.3669140338898,40
2826.3671650886536,40
2826.3674499988556,124
2826.3677110671997,124
2828.3672311306,40
2828.3674931526184,40
2828.3677711486816,124
2828.368031978607,40
2828.36839222908,40
2828.368553161621,40
2830.3676319122314,124
2830.36789226532,124
2830.3681921958923,40
2830.3684010505676,40
2830.3686900138855,124
2830.368927001953,40
2832.366982936859,40
2832.367252111435,40
2832.3675739765167,124
2832.3678030967712,124
2832.3680250644684,40
2832.368386030197,40
2834.3674471378326,124
2834.367670059204,40
2834.3679230213165,40
2834.368190050125,40
2834.368493080139,124
2834.368761062622,124
2836.367618083954,40
2836.367835998535,40
2836.3681180477142,124
2836.3683490753174,40
2836.3686299324036,40
2836.368889093399,40
2838.3674659729004,124
2838.367753982544,124
2838.3679881095886,40
2838.3682610988617,40
2838.368530035019,124
2838.3687748908997,40
2840.368497133255,40
2840.368753194809,40
2840.3690690994263,124
2840.36932015419,124
2840.3695549964905,40
2840.36980509758,40
2842.367980003357,124
2842.368228197098,40
2842.3684890270233,40
2842.3687360286713,40
2842.3690559864044,124
2842.369313955307,124
2844.368082046509,40
2844.3683421611786,40
2844.3685989379883,124
2844.3688271045685,40
2844.369077205658,40
2844.36936211586,40
2846.3680760860443,124
2846.368336200714,124
2846.368582010269,40
2846.3688352108,40
2846.369115114212,124
2846.3693640232086,40
2848.3689510822296,40
2848.3692059516907,40
2848.3694710731506,124
2848.3697850704193,124
2848.3700592517853,40
2848.3702569007874,40
2850.369460105896,124
2850.369707107544,40
2850.3699860572815,40
2850.3702352046967,40
2850.3705248832703,124
2850.3708021640778,124
2852.370936155319,40
2852.3711891174316,40
2852.3714730739594,124
2852.371705055237,40
2852.372069120407,40
2852.3722932338715,40
2854.37065410614,124
2854.370910167694,124
2854.3711500167847,40
2854.3714351654053,40
2854.3716819286346,124
2854.372017145157,40
2856.371115922928,40
2856.3713660240173,40
2856.371644973755,124
2856.371896982193,124
2856.372174978256,40
2856.3724422454834,40
2858.371392250061,124
2858.371621131897,40
2858.372139930725,40
2858.372171163559,40
2858.3725271224976,124
2858.372750043869,124
2860.3725621700287,40
2860.373058080673,40
2860.3730611801147,124
2860.3730659484863,40
2860.3731479644775,40
2860.3733999729156,40
2862.3715159893036,124
2862.371824026108,124
2862.372059106827,40
2862.3723611831665,40
2862.3726000785828,124
2862.372920036316,40
2864.371870994568,40
2864.3726761341095,40
2864.3726799488068,124
2864.3726971149445,124
2864.372951030731,40
2864.373195171356,40
2866.3720531463623,124
2866.3722879886627,40
2866.372540950775,40
2866.372787952423,40
2866.373113155365,124
2866.373382091522,124
2868.3717801570892,40
2868.3720610141754,40
2868.37237906456,124
2868.3726091384888,40
2868.3728630542755,40
2868.3731350898743,40
2870.372678041458,124
2870.3728890419006,124
2870.373117208481,40
2870.3734040260315,40
2870.3736820220947,124
2870.3739070892334,40
2872.3725020885468,40
2872.3727490901947,40
2872.3730158805847,124
2872.3732829093933,124
2872.3735270500183,40
2872.3737921714783,40
2874.3727231025696,124
2874.3729469776154,40
2874.373198032379,40
2874.3734650611877,40
2874.3737740516663,124
2874.374048948288,124
2876.37312912941,40
2876.3733851909637,40
2876.3736629486084,124
2876.3739540576935,40
2876.3741931915283,40
2876.374449968338,40
2878.3730850219727,124
2878.373344182968,124
2878.3735690116882,40
2878.3738238811493,40
2878.3741421699524,124
2878.3743641376495,40
2880.3735558986664,40
2880.3738000392914,40
2880.374092102051,124
2880.3744039535522,124
2880.3745951652527,40
2880.374860048294,40
2882.373568058014,124
2882.373724937439,40
2882.373971939087,40
2882.3742229938507,40
2882.3746559619904,124
2882.3747980594635,124
2884.3729531764984,40
2884.373207092285,40
2884.3734979629517,124
2884.373726129532,40
2884.3740050792694,40
2884.374247074127,40
2886.37353014946,124
2886.3738629817963,124
2886.3740360736847,40
2886.3742830753326,40
2886.374573945999,124
2886.3748230934143,40
2888.374554157257,40
2888.374818086624,40
2888.375139951706,124
2888.375365972519,124
2888.3755989074707,40
2888.3758771419525,40
2890.374584197998,124
2890.374804019928,40
2890.375121116638,40
2890.37535905838,40
2890.3756840229034,124
2890.377123117447,124
2892.374263048172,40
2892.3745341300964,40
2892.374806880951,124
2892.375039100647,40
2892.375321149826,40
2892.3755819797516,40
2894.3742051124573,124
2894.37450504303,124
2894.3747022151947,40
2894.3749780654907,40
2894.375272989273,124
2894.375496149063,40
2896.3743510246277,40
2896.3746299743652,40
2896.374913930893,124
2896.375158071518,124
2896.375396966934,40
2896.3756971359253,40
2898.374617099762,124
2898.374885082245,40
2898.3750989437103,40
2898.375349998474,40
2898.3756670951843,124
2898.375925064087,124
2900.3753621578217,40
2900.375624895096,40
2900.3759310245514,124
2900.376160144806,40
2900.376415014267,40
2900.376678943634,40
2902.374995946884,124
2902.375221967697,124
2902.3754649162292,40
2902.3757541179657,40
2902.375998020172,124
2902.376224040985,40
2904.3753361701965,40
2904.3755900859833,40
2904.375874042511,124
2904.376177072525,124
2904.3764390945435,40
2904.3766469955444,40
2906.3756182193756,124
2906.3758120536804,40
2906.37606716156,40
2906.376379966736,40
2906.376648902893,124
2906.3769080638885,124
2908.3757469654083,40
2908.37610411644,40
2908.376310110092,124
2908.3765671253204,40
2908.37694811821,40
2908.377095937729,40
2910.376503944397,124
2910.376811981201,124
2910.3770201206207,40
2910.3772809505463,40
2910.377588033676,124
2910.3778262138367,40
2912.375568151474,40
2912.375820159912,40
2912.3761219978333,124
2912.3763971328735,124
2912.3765828609467,40
2912.3768870830536,40
2914.37615609169,124
2914.3763921260834,40
2914.3766510486603,40
2914.376914024353,40
2914.3771998882294,124
2914.377464056015,124
2916.37588095665,40
2916.3762011528015,40
2916.376442193985,124
2916.37668299675,40
2916.376935005188,40
2916.377212047577,40
2918.3763909339905,124
2918.3766651153564,124
2918.3768680095673,40
2918.377121925354,40
2918.3774280548096,124
2918.3776531219482,40
2920.377030134201,40
2920.377273082733,40
2920.377655982971,124
2920.3778460025787,124
2920.3781011104584,40
2920.3783531188965,40
2922.3765602111816,124
2922.3767840862274,40
2922.377032995224,40
2922.377403974533,40
2922.3776190280914,124
2922.3778710365295,124
2924.3769319057465,40
2924.377382040024,40
2924.3774881362915,124
2924.3777050971985,40
2924.3779771327972,40
2924.378214120865,40
2926.376706123352,124
2926.3769500255585,124
2926.3771629333496,40
2926.3774061203003,40
2926.3776750564575,124
2926.3779621124268,40
2928.377098083496,40
2928.377357006073,40
2928.3776400089264,124
2928.3778970241547,124
2928.378154039383,40
2928.378413915634,40
2930.3779611587524,124
2930.3782041072845,40
2930.3784670829773,40
2930.3787381649017,40
2930.3790390491486,124
2930.379885196686,124
2932.377589941025,40
2932.377835035324,40
2932.378118991852,124
2932.378389120102,40
2932.378648996353,40
2932.378895044327,40
2934.377716064453,124
2934.3779690265656,124
2934.3781909942627,40
2934.3784580230713,40
2934.37877202034,124
2934.379002094269,40
2936.377469062805,40
2936.377732038498,40
2936.378019094467,124
2936.37828207016,124
2936.378515958786,40
2936.37877702713,40
2938.3779351711273,124
2938.37815117836,40
2938.378399848938,40
2938.3786680698395,40
2938.378993034363,124
2938.3792440891266,124
2940.380594968796,40
2940.380853176117,40
2940.38116312027,124
2940.3814041614532,40
2940.38165807724,40
2940.3819172382355,40
2942.3805301189423,124
2942.380784034729,124
2942.381002187729,40
2942.38129901886,40
2942.381586074829,124
2942.3818171024323,40
2944.3804800510406,40
2944.380737066269,40
2944.3810291290283,124
2944.381299972534,124
2944.381551027298,40
2944.381807088852,40
2946.3808510303497,124
2946.3810760974884,40
2946.381336212158,40
2946.3816220760345,40
2946.381914138794,124
2946.3822078704834,124
2948.3805799484253,40
2948.380870103836,40
2948.381133079529,124
2948.381364107132,40
2948.3818600177765,40
2948.382203102112,40
2950.3811211586,124
2950.3813800811768,124
2950.381595134735,40
2950.381879091263,40
2950.3821880817413,124
2950.3824100494385,40
2952.3808829784393,40
2952.3811569213867,40
2952.381436109543,124
2952.3816950321198,124
2952.38191819191,40
2952.382232904434,40
2954.381457090378,124
2954.3816590309143,40
2954.3819279670715,40
2954.3822541236877,40
2954.38254404068,124
2954.382824897766,124
2956.3814182281494,40
2956.3816900253296,40
2956.3819711208344,124
2956.382229089737,40
2956.3825631141663,40
2956.3827619552612,40
2958.381831884384,124
2958.382122039795,124
2958.382379055023,40
2958.382653951645,40
2958.3829441070557,124
2958.3831729888916,40
2960.3824639320374,40
2960.382749080658,40
2960.383043050766,124
2960.3833248615265,124
2960.383584022522,40
2960.383842229843,40
2962.381907939911,124
2962.3821749687195,40
2962.3824350833893,40
2962.382693052292,40
2962.38302898407,124
2962.3832840919495,124
2964.3819880485535,40
2964.382369041443,40
2964.3825640678406,124
2964.3827998638153,40
2964.3830909729004,40
2964.38334107399,40
2966.3819580078125,124
2966.382280111313,124
2966.3825170993805,40
2966.382770061493,40
2966.383069038391,124
2966.3833010196686,40
2968.3817570209503,40
2968.38201212883,40
2968.382364988327,124
2968.382635116577,124
2968.382852077484,40
2968.383166074753,40
2970.383052110672,124
2970.3832681179047,40
2970.3835570812225,40
2970.383802175522,40
2970.384113073349,124
2970.384364128113,124
2972.382999897003,40
2972.383245944977,40
2972.38351726532,124
2972.3838181495667,40
2972.384031057358,40
2972.384306907654,40
2974.3824470043182,124
2974.3826999664307,124
2974.3829979896545,40
2974.3831820487976,40
2974.3834772109985,124
2974.383691072464,40
2976.382954120636,40
2976.38326215744,40
2976.383507013321,124
2976.383764028549,124
2976.384045124054,40
2976.3842799663544,40
2978.383584022522,124
2978.383795976639,40
2978.3840799331665,40
2978.3843421936035,40
2978.38463807106,124
2978.384953022003,124
2980.3835921287537,40
2980.383845090866,40
2980.384152173996,124
2980.3843791484833,40
2980.384640932083,40
2980.384896993637,40
2982.383369207382,124
2982.3836510181427,124
2982.383884191513,40
2982.3841450214386,40
2982.384439945221,124
2982.384679079056,40
2984.38329410553,40
2984.383560180664,40
2984.383854150772,124
2984.384120941162,124
2984.3843359947205,40
2984.3846201896667,40
2986.3842239379883,124
2986.384442090988,40
2986.3847291469574,40
2986.3849880695343,40
2986.385281085968,124
2986.3855409622192,124
2988.3842639923096,40
2988.384523868561,40
2988.3848140239716,124
2988.3850710392,40
2988.385337114334,40
2988.3856070041656,40
2990.384381055832,124
2990.384640932083,124
2990.384856939316,40
2990.38516497612,40
2990.385449886322,124
2990.3856570720673,40
2992.3838951587677,40
2992.3841421604156,40
2992.3844611644745,124
2992.384706020355,124
2992.3849341869354,40
2992.3852031230927,40
2994.3840551376343,124
2994.384257078171,40
2994.3845760822296,40
2994.3847930431366,40
2994.3850841522217,124
2994.3853290081024,124
2996.384412050247,40
2996.384688138962,40
2996.3849720954895,124
2996.385201215744,40
2996.3854529857635,40
2996.385726213455,40
2998.3846049308777,124
2998.384850025177,124
2998.385074853897,40
2998.385327100754,40
2998.3856139183044,124
2998.3858680725098,40
3000.3854870796204,40
3000.3857522010803,40
3000.386064052582,124
3000.386318206787,124
3000.3865530490875,40
3000.386815071106,40
3002.3853130340576,124
3002.385540008545,40
3002.385801076889,40
3002.3861861228943,40
3002.386367082596,124
3002.3866262435913,124
3004.3858120441437,40
3004.386052131653,40
3004.3863940238953,124
3004.3866050243378,40
3004.386862039566,40
3004.3871841430664,40
3006.385651111603,124
3006.38591504097,124
3006.3861980438232,40
3006.386435031891,40
3006.3867342472076,124
3006.3869631290436,40
3008.3857729434967,40
3008.3860590457916,40
3008.386337995529,124
3008.386605978012,124
3008.386841058731,40
3008.387114048004,40
3010.385896921158,124
3010.386123895645,40
3010.386379957199,40
3010.3866341114044,40
3010.38694691658,124
3010.3872351646423,124
3012.385465860367,40
3012.3856961727142,40
3012.3860120773315,124
3012.3862261772156,40
3012.3864810466766,40
3012.3867440223694,40
3014.385468006134,124
3014.3857271671295,124
3014.3859400749207,40
3014.386214017868,40
3014.3865020275116,124
3014.38672208786,40
3016.387829065323,40
3016.388085126877,40
3016.388393163681,124
3016.3886511325836,124
3016.3888721466064,40
3016.3891620635986,40
3018.388384103775,124
3018.3886201381683,40
3018.3888540267944,40
3018.3891141414642,40
3018.389441013336,124
3018.389690876007,124
3020.3888351917267,40
3020.3891100883484,40
3020.3894000053406,124
3020.389648914337,40
3020.389888048172,40
3020.3901710510254,40
3022.388412952423,124
3022.3886909484863,124
3022.3889422416687,40
3022.389167070389,40
3022.3894441127777,124
3022.389696121216,40
3024.38849902153,40
3024.3887560367584,40
3024.3890659809113,124
3024.3893229961395,124
3024.3895440101624,40
3024.389816045761,40
3026.388932943344,124
3026.3891789913177,40
3026.3894340991974,40
3026.3897070884705,40
3026.390188932419,124
3026.3904621601105,124
3028.3889870643616,40
3028.389253139496,40
3028.389578104019,124
3028.389771938324,40
3028.390032052994,40
3028.390328168869,40
3030.3896160125732,124
3030.3898770809174,124
3030.3901660442352,40
3030.3903801441193,40
3030.3906710147858,124
3030.3908920288086,40
3032.389468193054,40
3032.3897309303284,40
3032.390014886856,124
3032.3902740478516,124
3032.390528202057,40
3032.390787124634,40
3034.389811038971,124
3034.3900530338287,40
3034.390296936035,40
3034.3905539512634,40
3034.390869140625,124
3034.3911530971527,124
3036.3898100852966,40
3036.390097141266,40
3036.390344142914,124
3036.3905799388885,40
3036.3908970355988,40
3036.391102075577,40
3038.3902699947357,124
3038.3905630111694,124
3038.390753030777,40
3038.391039133072,40
3038.391329050064,124
3038.3915569782257,40
3040.3910961151123,40
3040.391366004944,40
3040.3916511535645,124
3040.391921043396,124
3040.3921999931335,40
3040.3924720287323,40
3042.390463113785,124
3042.3906989097595,40
3042.390963077545,40
3042.3912229537964,40
3042.391541004181,124
3042.391807079315,124
3044.3901510238647,40
3044.390401124954,40
3044.3906931877136,124
3044.390914916992,40
3044.3911809921265,40
3044.391504049301,40
3046.3903691768646,124
3046.3906371593475,124
3046.390874862671,40
3046.391112089157,40
3046.391399860382,124
3046.3916590213776,40
3048.3911221027374,40
3048.391377210617,40
3048.3916721343994,124
3048.3919451236725,124
3048.3922021389008,40
3048.3924701213837,40
3050.3914289474487,124
3050.391662120819,40
3050.391943216324,40
3050.392267227173,40
3050.3925399780273,124
3050.392821073532,124
3052.393289089203,40
3052.3936171531677,40
3052.3942461013794,124
3052.3942749500275,40
3052.3943469524384,40
3052.394632101059,40
3054.393634080887,124
3054.393898963928,124
3054.394432067871,40
3054.394471168518,40
3054.395049095154,124
3054.395071029663,40
3056.393352985382,40
3056.3936290740967,40
3056.3939299583435,124
3056.3942201137543,124
3056.394419193268,40
3056.3947310447693,40
3058.3940210342407,124
3058.3942420482635,40
3058.394495010376,40
3058.3947780132294,40
3058.395059108734,124
3058.3953189849854,124
3060.394557952881,40
3060.3948469161987,40
3060.395127058029,124
3060.3953461647034,40
3060.395591020584,40
3060.3958909511566,40
3062.394005060196,124
3062.3942630290985,124
3062.394504070282,40
3062.3947670459747,40
3062.3950819969177,124
3062.395294189453,40
3064.3937060832977,40
3064.393956899643,40
3064.3942680358887,124
3064.3945190906525,124
3064.3947451114655,40
3064.394999027252,40
3066.3945240974426,124
3066.394744157791,40
3066.395012140274,40
3066.395285129547,40
3066.3955891132355,124
3066.3958461284637,124
3068.3948578834534,40
3068.395126104355,40
3068.395434141159,124
3068.3956701755524,40
3068.3959350585938,40
3068.396196126938,40
3070.395431995392,124
3070.395728111267,124
3070.395942211151,40
3070.3961942195892,40
3070.3964750766754,124
3070.396749019623,40
3072.3948199748993,40
3072.3950650691986,40
3072.3953568935394,124
3072.3955891132355,124
3072.3958311080933,40
3072.3961141109467,40
3074.3956320285797,124
3074.3958818912506,40
3074.3961369991302,40
3074.396404981613,40
3074.396689891815,124
3074.396980047226,124
3076.3951630592346,40
3076.3954079151154,40
3076.3956940174103,124
3076.3959181308746,40
3076.396198987961,40
3076.396523952484,40
3078.395437002182,124
3078.3957040309906,124
3078.3959262371063,40
3078.396184206009,40
3078.396478176117,124
3078.3967020511627,40
3080.395784139633,40
3080.396052122116,40
3080.3963079452515,124
3080.396593093872,124
3080.396856069565,40
3080.3970789909363,40
3082.395763158798,124
3082.3959851264954,40
3082.396239042282,40
3082.3965289592743,40
3082.396807909012,124
3082.397071123123,124
3084.3957970142365,40
3084.396028995514,40
3084.3963100910187,124
3084.396539926529,40
3084.3968250751495,40
3084.397087097168,40
3086.395753145218,124
3086.396077156067,124
3086.3962659835815,40
3086.396502017975,40
3086.396796941757,124
3086.397041082382,40
3088.3960480690002,40
3088.3963780403137,40
3088.3965921401978,124
3088.396854162216,124
3088.397092103958,40
3088.397346019745,40
3090.396847963333,124
3090.397053003311,40
3090.3973319530487,40
3090.397586107254,40
3090.3978941440582,124
3090.39812707901,124
3092.3968830108643,40
3092.397134065628,40
3092.397439956665,124
3092.397688150406,40
3092.397926092148,40
3092.3981890678406,40
3094.39692902565,124
3094.3971860408783,124
3094.39741396904,40
3094.3977360725403,40
3094.3979799747467,124
3094.398222923279,40
3096.397052049637,40
3096.3973100185394,40
3096.397624015808,124
3096.397880077362,124
3096.3981029987335,40
3096.3983640670776,40
3098.3978459835052,124
3098.3980729579926,40
3098.398329973221,40
3098.3985829353333,40
3098.3989050388336,124
3098.3991692066193,124
3100.398524045944,40
3100.3987860679626,40
3100.3991000652313,124
3100.399333000183,40
3100.39977312088,40
3100.399896144867,40
3102.3979370594025,124
3102.398225069046,124
3102.398449897766,40
3102.398703098297,40
3102.3990020751953,124
3102.3992400169373,40
3104.398397922516,40
3104.3986711502075,40
3104.398936986923,124
3104.399193048477,124
3104.3994510173798,40
3104.399712085724,40
3106.3986971378326,124
3106.3989050388336,40
3106.399139881134,40
3106.399411201477,40
3106.399724960327,124
3106.3999609947205,124
3108.399682044983,40
3108.3999350070953,40
3108.4002211093903,124
3108.400465965271,40
3108.400726079941,40
3108.4010541439056,40
3110.400143146515,124
3110.4003989696503,124
3110.4006159305573,40
3110.4008960723877,40
3110.4011840820312,124
3110.401426076889,40
3112.4000260829926,40
3112.4001359939575,40
3112.4004390239716,124
3112.4007019996643,124
3112.4008989334106,40
3112.4011709690094,40
3114.4001829624176,124
3114.400398015976,40
3114.4006481170654,40
3114.4009120464325,40
3114.401223897934,124
3114.401520013809,124
3116.4005880355835,40
3116.4008328914642,40
3116.4011130332947,124
3116.4013772010803,40
3116.4016280174255,40
3116.40189909935,40
3118.400922060013,124
3118.4011771678925,124
3118.4014101028442,40
3118.4016959667206,40
3118.4019899368286,124
3118.4022541046143,40
3120.401298046112,40
3120.4015522003174,40
3120.401871919632,124
3120.4021410942078,124
3120.402415037155,40
3120.40270113945,40
3122.4014658927917,124
3122.401694059372,40
3122.40198302269,40
3122.402281999588,40
3122.402573108673,124
3122.402871131897,124
3124.40155005455,40
3124.401806116104,40
3124.4021191596985,124
3124.40238404274,40
3124.4026460647583,40
3124.402960062027,40
3126.4015889167786,124
3126.4018371105194,124
3126.402079105377,40
3126.40238404274,40
3126.4026730060577,124
3126.4028899669647,40
3128.4025111198425,40
3128.4027569293976,40
3128.4030499458313,124
3128.4033291339874,124
3128.4035561084747,40
3128.403813123703,40
3130.403151035309,124
3130.4033601284027,40
3130.403645992279,40
3130.4038960933685,40
3130.404184103012,124
3130.4044659137726,124
3132.402923107147,40
3132.4031739234924,40
3132.4034600257874,124
3132.4037549495697,40
3132.40398812294,40
3132.4042270183563,40
3134.403722047806,124
3134.404009103775,124
3134.4042432308197,40
3134.4045078754425,40
3134.4048330783844,124
3134.4050521850586,40
3136.40362906456,40
3136.4039011001587,40
3136.4042060375214,124
3136.4044671058655,124
3136.404687166214,40
3136.4049730300903,40
3138.4043130874634,124
3138.404545068741,40
3138.404802083969,40
3138.405104160309,40
3138.405386209488,124
3138.4056470394135,124
3140.404823064804,40
3140.4050941467285,40
3140.4054079055786,124
3140.40562915802,40
3140.4058940410614,40
3140.4061391353607,40
3142.404373884201,124
3142.404643058777,124
3142.4048659801483,40
3142.405128955841,40
3142.40541100502,124
3142.4056560993195,40
3144.404790878296,40
3144.405044078827,40
3144.4053308963776,124
3144.405604124069,124
3144.405842065811,40
3144.4060921669006,40
3146.4054930210114,124
3146.4057059288025,40
3146.4059801101685,40
3146.4062361717224,40
3146.4065220355988,124
3146.4068171977997,124
3148.406065940857,40
3148.4062039852142,40
3148.4064960479736,124
3148.4067192077637,40
3148.407002210617,40
3148.4072630405426,40
3150.406627178192,124
3150.4068880081177,124
3150.4071521759033,40
3150.40740609169,40
3150.4077150821686,124
3150.407934188843,40
3152.4061880111694,40
3152.4064469337463,40
3152.406728029251,124
3152.406988143921,124
3152.4072239398956,40
3152.407481908798,40
3154.4067900180817,124
3154.4070200920105,40
3154.4072749614716,40
3154.407562017441,40
3154.4078691005707,124
3154.4081158638,124
3156.4071209430695,40
3156.4073781967163,40
3156.4076941013336,124
3156.4079160690308,40
3156.4081721305847,40
3156.40842294693,40
3158.4087748527527,124
3158.4090399742126,124
3158.409264087677,40
3158.4095220565796,40
3158.4098360538483,124
3158.410083055496,40
3160.4091379642487,40
3160.4093861579895,40
3160.409682035446,124
3160.409957885742,124
3160.410211086273,40
3160.410449028015,40
3162.409301996231,124
3162.409465074539,40
3162.409702062607,40
3162.40997505188,40
3162.4102761745453,124
3162.410537958145,124
3164.409327983856,40
3164.409604072571,40
3164.4098541736603,124
3164.410089969635,40
3164.41037607193,40
3164.4106271266937,40
3166.409790992737,124
3166.410005092621,124
3166.4102280139923,40
3166.4105200767517,40
3166.4107999801636,124
3166.411022901535,40
3168.409795999527,40
3168.410007953644,40
3168.410315990448,124
3168.4105739593506,124
3168.4107990264893,40
3168.411080121994,40
3170.410388946533,124
3170.410614013672,40
3170.410899877548,40
3170.4111630916595,40
3170.411448955536,124
3170.4117629528046,124
3172.409782886505,40
3172.41006398201,40
3172.410351037979,124
3172.410577058792,40
3172.4108531475067,40
3172.411122083664,40
3174.4102470874786,124
3174.410427093506,124
3174.4107172489166,40
3174.4110021591187,40
3174.4112310409546,124
3174.41143989563,40
3176.4100120067596,40
3176.4103031158447,40
3176.4105710983276,124
3176.4108340740204,124
3176.4110639095306,40
3176.411353111267,40
3178.410318136215,124
3178.410567045212,40
3178.4108130931854,40
3178.411101102829,40
3178.411381006241,124
3178.4117262363434,124
3180.4119369983673,40
3180.4122450351715,40
3180.4125299453735,124
3180.4127650260925,40
3180.4130148887634,40
3180.41326713562,40
3182.4117560386658,124
3182.412010192871,124
3182.412222146988,40
3182.4125130176544,40
3182.4128329753876,124
3182.413062095642,40
3184.4114611148834,40
3184.4117200374603,40
3184.41202712059,124
3184.412285089493,124
3184.412542104721,40
3184.412827014923,40
3186.412187099457,124
3186.4124898910522,40
3186.4127130508423,40
3186.412985086441,40
3186.4132771492004,124
3186.4135489463806,124
3188.4119379520416,40
3188.4122111797333,40
3188.4125390052795,124
3188.412768125534,40
3188.4130260944366,40
3188.4133031368256,40
3190.413207054138,124
3190.413645029068,124
3190.4138650894165,40
3190.4139709472656,40
3190.414311170578,124
3190.414514064789,40
3192.4122700691223,40
3192.4125809669495,40
3192.4128630161285,124
3192.413125038147,124
3192.4133450984955,40
3192.413640022278,40
3194.4134459495544,124
3194.413745164871,40
3194.413952112198,40
3194.4142010211945,40
3194.4144871234894,124
3194.414798974991,124
3196.412989139557,40
3196.413232088089,40
3196.413510084152,124
3196.413735151291,40
3196.4140181541443,40
3196.4143149852753,40
3198.4145040512085,124
3198.4147551059723,124
3198.414999961853,40
3198.4152579307556,40
3198.415547132492,124
3198.4157700538635,40
3200.4140861034393,40
3200.4143381118774,40
3200.414617061615,124
3200.4148671627045,124
3200.4151351451874,40
3200.415367126465,40
3202.414571046829,124
3202.414787054062,40
3202.4150421619415,40
3202.415339946747,40
3202.415610074997,124
3202.4158821105957,124
3204.4146840572357,40
3204.414941072464,40
3204.4152290821075,124
3204.415489912033,40
3204.415734052658,40
3204.41605591774,40
3206.415337085724,124
3206.415340900421,124
3206.415349006653,40
3206.415619134903,40
3206.4159100055695,124
3206.416130065918,40
3208.4153230190277,40
3208.4156069755554,40
3208.415892124176,124
3208.4161520004272,124
3208.4163789749146,40
3208.416629076004,40
3210.416859149933,124
3210.417079925537,40
3210.4171211719513,40
3210.4171891212463,40
3210.417909145355,124
3210.418172121048,124
3212.416172027588,40
3212.4164640903473,40
3212.4167020320892,124
3212.4169352054596,40
3212.417221069336,40
3212.4175000190735,40
3214.4171121120453,124
3214.417398929596,124
3214.417626142502,40
3214.417892217636,40
3214.4181699752808,124
3214.4184300899506,40
3216.416990995407,40
3216.4171891212463,40
3216.4175369739532,124
3216.417759180069,124
3216.418002128601,40
3216.418245077133,40
3218.4171040058136,124
3218.4173350334167,40
3218.417587995529,40
3218.417864084244,40
3218.418138027191,124
3218.41841006279,124
3220.4176461696625,40
3220.4179182052612,40
3220.4181990623474,124
3220.4184629917145,40
3220.418683052063,40
3220.418972969055,40
3222.423763036728,124
3222.4241070747375,124
3222.4243829250336,40
3222.4246940612793,40
3222.425071001053,124
3222.4253499507904,40
3224.4181220531464,40
3224.418382883072,40
3224.4186720848083,124
3224.4189400672913,124
3224.419187068939,40
3224.4194490909576,40
3226.4184851646423,124
3226.418715953827,40
3226.418977022171,40
3226.4192700386047,40
3226.4195580482483,124
3226.4198229312897,124
3228.418659210205,40
3228.418790102005,40
3228.4190990924835,124
3228.4193670749664,40
3228.419641017914,40
3228.4198410511017,40
3230.4198789596558,124
3230.420142173767,124
3230.4203701019287,40
3230.4206511974335,40
3230.4209451675415,124
3230.421180009842,40
3232.4194910526276,40
3232.4197630882263,40
3232.4200870990753,124
3232.4203078746796,124
3232.42054104805,40
3232.4208290576935,40
3234.421252012253,124
3234.4214749336243,40
3234.4219601154327,40
3234.422021150589,40
3234.4223160743713,124
3234.4226410388947,124
3236.420614004135,40
3236.4208691120148,40
3236.421180009842,124
3236.421411037445,40
3236.421663045883,40
3236.421926021576,40
3238.420820951462,124
3238.4210879802704,124
3238.421396970749,40
3238.4215989112854,40
3238.421851158142,124
3238.422070980072,40
3240.427004098892,40
3240.4272980690002,40
3240.4276690483093,124
3240.427989959717,124
3240.4282851219177,40
3240.4286229610443,40
3242.4219450950623,124
3242.4221670627594,40
3242.4224672317505,40
3242.4227709770203,40
3242.423038005829,124
3242.423303127289,124
3244.421545982361,40
3244.4218158721924,40
3244.422426223755,124
3244.4225120544434,40
3244.4226319789886,40
3244.4229159355164,40
3246.4219970703125,124
3246.422259092331,124
3246.4225461483,40
3246.4227781295776,40
3246.4230949878693,124
3246.423390865326,40
3248.422183036804,40
3248.42262506485,40
3248.4227480888367,124
3248.423012971878,124
3248.4232461452484,40
3248.4235141277313,40
3250.4227771759033,124
3250.423001050949,40
3250.4233021736145,40
3250.4235570430756,40
3250.423835992813,124
3250.424126148224,124
3252.4226479530334,40
3252.4229011535645,40
3252.4231371879578,124
3252.4234521389008,40
3252.423644065857,40
3252.4238879680634,40
3254.422959089279,124
3254.4232170581818,124
3254.4234342575073,40
3254.4237191677094,40
3254.4240050315857,124
3254.4242260456085,40
3256.4233450889587,40
3256.423588991165,40
3256.4239041805267,124
3256.4241740703583,124
3256.4243931770325,40
3256.4246640205383,40
3258.4236130714417,124
3258.4238619804382,40
3258.4241321086884,40
3258.4243729114532,40
3258.4246611595154,124
3258.4249470233917,124
3260.4249470233917,40
3260.4252500534058,40
3260.4255390167236,124
3260.4257578849792,40
3260.4260420799255,40
3260.4263701438904,40
3262.4245941638947,124
3262.4248600006104,124
3262.425071001053,40
3262.4253330230713,40
3262.4256389141083,124
3262.4258489608765,40
3264.4248390197754,40
3264.4250988960266,40
3264.42542719841,124
3264.425686120987,124
3264.4259102344513,40
3264.4261639118195,40
3266.42485499382,124
3266.425085067749,40
3266.4253680706024,40
3266.4255979061127,40
3266.425882101059,124
3266.4261519908905,124
3268.4256529808044,40
3268.425915002823,40
3268.4261980056763,124
3268.426430940628,40
3268.426722049713,40
3268.42698097229,40
3270.4259130954742,124
3270.4262239933014,124
3270.426418066025,40
3270.426642179489,40
3270.426961183548,124
3270.4272150993347,40
3272.42578291893,40
3272.4260601997375,40
3272.4263451099396,124
3272.4266080856323,124
3272.426831960678,40
3272.427118062973,40
3274.4392549991608,124
3274.439546108246,40
3274.439861059189,40
3274.440195083618,40
3274.440565109253,124
3274.440882921219,124
3276.4333488941193,40
3276.433599948883,40
3276.433881044388,124
3276.434112071991,40
3276.4344499111176,40
3276.434653043747,40
3278.433389902115,124
3278.4336762428284,124
3278.4338970184326,40
3278.434159040451,40
3278.434471130371,124
3278.4347059726715,40
3280.434193134308,40
3280.4344470500946,40
3280.4347681999207,124
3280.4350249767303,124
3280.4352810382843,40
3280.435511112213,40
3282.4338030815125,124
3282.4340329170227,40
3282.434305906296,40
3282.4347290992737,40
3282.4348781108856,124
3282.435135126114,124
3284.433809041977,40
3284.434086084366,40
3284.434385061264,124
3284.4346029758453,40
3284.4348590373993,40
3284.4353239536285,40
3286.4341180324554,124
3286.434411048889,124
3286.434594154358,40
3286.43487405777,40
3286.4351601600647,124
3286.435406923294,40
3288.4343762397766,40
3288.434695959091,40
3288.434918165207,124
3288.435194015503,124
3288.4354479312897,40
3288.435688972473,40
3290.4349031448364,124
3290.435122013092,40
3290.4353721141815,40
3290.4356801509857,40
3290.435942173004,124
3290.436228990555,124
3292.434355020523,40
3292.4346311092377,40
3292.4349110126495,124
3292.4351410865784,40
3292.435392141342,40
3292.435695171356,40
3294.4348800182343,124
3294.4351410865784,124
3294.4353580474854,40
3294.4356079101562,40
3294.4359159469604,124
3294.436150074005,40
3296.4347681999207,40
3296.435047149658,40
3296.4353320598602,124
3296.435620069504,124
3296.435823917389,40
3296.436105966568,40
3298.43509888649,124
3298.435322999954,40
3298.4355771541595,40
3298.435830116272,40
3298.4361469745636,124
3298.4364969730377,124
3300.4358229637146,40
3300.4360880851746,40
3300.4363961219788,124
3300.436632871628,40
3300.436975002289,40
3300.4371490478516,40
3302.4358949661255,124
3302.4361760616302,124
3302.4364149570465,40
3302.436690092087,40
3302.436964035034,124
3302.4371979236603,40
3304.435869216919,40
3304.4361250400543,40
3304.4363980293274,124
3304.4366850852966,124
3304.4369139671326,40
3304.437170982361,40
3306.435362100601,124
3306.435581922531,40
3306.4358530044556,40
3306.436105966568,40
3306.436397075653,124
3306.436646938324,124
3308.4359781742096,40
3308.436229944229,40
3308.436521053314,124
3308.4367430210114,40
3308.4371240139008,40
3308.4372811317444,40
3310.4365870952606,124
3310.4368591308594,124
3310.437103033066,40
3310.437355041504,40
3310.4376409053802,124
3310.437877178192,40
3312.436142206192,40
3312.4364380836487,40
3312.436698913574,124
3312.436952114105,124
3312.437259197235,40
3312.4374780654907,40
3314.436718225479,124
3314.4369490146637,40
3314.4371931552887,40
3314.4375190734863,40
3314.4377748966217,124
3314.438043117523,124
3316.4372041225433,40
3316.437467098236,40
3316.4377830028534,124
3316.4380469322205,40
3316.4382860660553,40
3316.4385719299316,40
3318.436322927475,124
3318.4365961551666,124
3318.436821937561,40
3318.4370720386505,40
3318.4373772144318,124
3318.4375851154327,40
3320.4373531341553,40
3320.4376101493835,40
3320.4379301071167,124
3320.4381840229034,124
3320.4384140968323,40
3320.438673019409,40
3322.437171936035,124
3322.4373772144318,40
3322.437623977661,40
3322.4378950595856,40
3322.438194990158,124
3322.438481092453,124
3324.436924934387,40
3324.4372050762177,40
3324.437492132187,124
3324.4377131462097,40
3324.4379720687866,40
3324.43825006485,40
3326.4376051425934,124
3326.4378650188446,124
3326.4380922317505,40
3326.4383931159973,40
3326.4386830329895,124
3326.4389901161194,40
3328.4374091625214,40
3328.437693119049,40
3328.4379789829254,124
3328.4382910728455,124
3328.438494205475,40
3328.438773870468,40
3330.438276052475,124
3330.4384870529175,40
3330.438822031021,40
3330.4390420913696,40
3330.439343214035,124
3330.439607858658,124
3332.4373800754547,40
3332.437633037567,40
3332.4379799365997,124
3332.4381761550903,40
3332.4384329319,40
3332.4387209415436,40
3334.4381420612335,124
3334.438369989395,124
3334.438626050949,40
3334.4388511180878,40
3334.4391701221466,124
3334.43941116333,40
3336.4380490779877,40
3336.4383220672607,40
3336.438618183136,124
3336.438928127289,124
3336.439103126526,40
3336.439385175705,40
3338.4385390281677,124
3338.4387621879578,40
3338.4390330314636,40
3338.4392771720886,40
3338.4395921230316,124
3338.439870119095,124
3340.438821077347,40
3340.4390771389008,40
3340.439549922943,124
3340.4396159648895,40
3340.439877986908,40
3340.4401350021362,40
3342.4386920928955,124
3342.438938140869,124
3342.439168214798,40
3342.439420938492,40
3342.439742088318,124
3342.4400210380554,40
3344.4393470287323,40
3344.4395909309387,40
3344.4399330615997,124
3344.440165042877,124
3344.44039106369,40
3344.440644979477,40
3346.439940929413,124
3346.440171957016,40
3346.440418243408,40
3346.4406909942627,40
3346.4409930706024,124
3346.4412610530853,124
3348.440083026886,40
3348.4403681755066,40
3348.440649986267,124
3348.440889120102,40
3348.441148042679,40
3348.441409111023,40
3350.4405159950256,124
3350.4407351017,124
3350.440968990326,40
3350.4412219524384,40
3350.4415361881256,124
3350.441754102707,40
3352.4404649734497,40
3352.440721988678,40
3352.4409852027893,124
3352.4412541389465,124
3352.4414870738983,40
3352.4417521953583,40
3354.440582036972,124
3354.44082903862,40
3354.44109416008,40
3354.4413409233093,40
3354.441657066345,124
3354.4419219493866,124
3356.440549850464,40
3356.4408271312714,40
3356.4411220550537,124
3356.4413781166077,40
3356.441605091095,40
3356.441912174225,40
3358.4409940242767,124
3358.441253185272,124
3358.4414739608765,40
3358.4417719841003,40
3358.4420421123505,124
3358.4423220157623,40
3360.44162607193,40
3360.4418761730194,40
3360.4421830177307,124
3360.4424459934235,124
3360.442722082138,40
3360.4429700374603,40
3362.4412932395935,124
3362.4415352344513,40
3362.4417951107025,40
3362.442095041275,40
3362.442365884781,124
3362.44269323349,124
3364.4412150382996,40
3364.441479921341,40
3364.441771030426,124
3364.4419889450073,40
3364.442248106003,40
3364.4425439834595,40
3366.4415102005005,124
3366.4417819976807,124
3366.4419980049133,40
3366.4422578811646,40
3366.4426000118256,124
3366.4428250789642,40
3368.4418110847473,40
3368.44207906723,40
3368.4423592090607,124
3368.442666053772,124
3368.4429450035095,40
3368.443202018738,40
3370.4423990249634,124
3370.4426550865173,40
3370.4429512023926,40
3370.443387031555,40
3370.4435300827026,124
3370.443759202957,124
3372.4420640468597,40
3372.4423320293427,40
3372.4426271915436,124
3372.4429059028625,40
3372.4431319236755,40
3372.4434010982513,40
3374.4429540634155,124
3374.442957878113,124
3374.443093061447,40
3374.4433691501617,40
3374.4437041282654,124
3374.4438869953156,40
3376.442628145218,40
3376.4428899288177,40
3376.443170070648,124
3376.44344496727,124
3376.4436841011047,40
3376.4439289569855,40
3378.4433381557465,124
3378.4435851573944,40
3378.4438440799713,40
3378.444102048874,40
3378.444386959076,124
3378.44468998909,124
3380.4444060325623,40
3380.444652080536,40
3380.4449591636658,124
3380.4451360702515,40
3380.4454469680786,40
3380.445666074753,40
3382.443428039551,124
3382.4436621665955,124
3382.4439091682434,40
3382.4441680908203,40
3382.444489955902,124
3382.444683074951,40
3384.4443180561066,40
3384.4445791244507,40
3384.4448730945587,124
3384.445153951645,124
3384.445436000824,40
3384.445703983307,40
3386.444764137268,124
3386.445055961609,40
3386.4452860355377,40
3386.4455490112305,40
3386.4458560943604,124
3386.446093082428,124
3388.4451031684875,40
3388.4453840255737,40
3388.4457020759583,124
3388.4459590911865,40
3388.446167230606,40
3388.4464960098267,40
3390.445496082306,124
3390.445790052414,124
3390.446014881134,40
3390.446268081665,40
3390.4465851783752,124
3390.446834087372,40
3392.4452979564667,40
3392.4455320835114,40
3392.4458422660828,124
3392.446102142334,124
3392.446403026581,40
3392.4466121196747,40
3394.4463510513306,124
3394.446630001068,40
3394.4468579292297,40
3394.447129011154,40
3394.4475650787354,124
3394.447700023651,124
3396.446179151535,40
3396.4463691711426,40
3396.4466590881348,124
3396.446878194809,40
3396.4471640586853,40
3396.4474201202393,40
3398.4472551345825,124
3398.447525024414,124
3398.4478039741516,40
3398.447998046875,40
3398.448312997818,124
3398.4485590457916,40
3400.4476969242096,40
3400.4479401111603,40
3400.448230981827,124
3400.448536157608,124
3400.4487421512604,40
3400.4490160942078,40
3402.447193145752,124
3402.4474291801453,40
3402.4476890563965,40
3402.4479761123657,40
3402.448245048523,124
3402.4484961032867,124
3404.4481320381165,40
3404.4484078884125,40
3404.448704957962,124
3404.448953151703,40
3404.449210166931,40
3404.449460029602,40
3406.4481060504913,124
3406.4483749866486,124
3406.4485969543457,40
3406.4488830566406,40
3406.449173927307,124
3406.449404001236,40
3408.4477820396423,40
3408.448072910309,40
3408.448387145996,124
3408.448634147644,124
3408.4488139152527,40
3408.449094057083,40
3410.4495680332184,124
3410.449785232544,40
3410.450084209442,40
3410.4503149986267,40
3410.450654029846,124
3410.450937986374,124
3412.4484889507294,40
3412.448744058609,40
3412.44904088974,124
3412.44925904274,40
3412.4495329856873,40
3412.4497871398926,40
3414.4485850334167,124
3414.448872089386,124
3414.4490780830383,40
3414.4493401050568,40
3414.44966006279,124
3414.4498801231384,40
3416.449161052704,40
3416.4493720531464,40
3416.449656009674,124
3416.4499111175537,124
3416.450182914734,40
3416.4504210948944,40
3418.4493720531464,124
3418.4495940208435,40
3418.4498682022095,40
3418.4501361846924,40
3418.4504210948944,124
3418.450693130493,124
3420.4511981010437,40
3420.4514541625977,40
3420.451756954193,124
3420.452001094818,40
3420.4522800445557,40
3420.452549934387,40
3422.450544118881,124
3422.4507851600647,124
3422.4509930610657,40
3422.451303958893,40
3422.4516031742096,124
3422.451781988144,40
3424.450105905533,40
3424.4503791332245,40
3424.450662136078,124
3424.450919151306,124
3424.4511301517487,40
3424.4514350891113,40
3426.4509150981903,124
3426.4511592388153,40
3426.4513850212097,40
3426.4516909122467,40
3426.451956987381,124
3426.452226161957,124
3428.450828075409,40
3428.451080083847,40
3428.4513750076294,124
3428.451606988907,40
3428.4518749713898,40
3428.452162027359,40
3430.452122926712,124
3430.452339887619,124
3430.4526329040527,40
3430.4528908729553,40
3430.4531841278076,124
3430.4534611701965,40
3432.4516291618347,40
3432.4518711566925,40
3432.4522149562836,124
3432.4524400234222,124
3432.452746152878,40
3432.4529869556427,40
3434.4521100521088,124
3434.4523229599,40
3434.4525620937347,40
3434.4528601169586,40
3434.4531791210175,124
3434.4534430503845,124
3436.4520559310913,40
3436.4523441791534,40
3436.4526150226593,124
3436.452889919281,40
3436.4531672000885,40
3436.4534270763397,40
3438.4528591632843,124
3438.453120946884,124
3438.4533591270447,40
3438.4536440372467,40
3438.4539079666138,124
3438.4541761875153,40
3440.45388507843,40
3440.454094171524,40
3440.4543941020966,124
3440.45477104187,124
3440.4549078941345,40
3440.4551498889923,40
3442.4539172649384,124
3442.4541420936584,40
3442.4543800354004,40
3442.454607963562,40
3442.4549400806427,124
3442.4552080631256,124
3444.4535040855408,40
3444.4537539482117,40
3444.4540791511536,124
3444.4542989730835,40
3444.4545221328735,40
3444.45480799675,40
3446.4540450572968,124
3446.4542801380157,124
3446.454512119293,40
3446.4548201560974,40
3446.455078125,124
3446.455317258835,40
3448.4544172286987,40
3448.45467209816,40
3448.4549610614777,124
3448.455204963684,124
3448.455456972122,40
3448.455712080002,40
3450.4554240703583,124
3450.455554962158,40
3450.455810070038,40
3450.456073999405,40
3450.456356048584,124
3450.4566559791565,124
3452.4548139572144,40
3452.455064058304,40
3452.4553570747375,124
3452.4555819034576,40
3452.4558811187744,40
3452.456176996231,40
3454.456171989441,124
3454.4564819335938,124
3454.4568271636963,40
3454.456964969635,40
3454.4572610855103,124
3454.45748090744,40
3456.4554250240326,40
3456.455670118332,40
3456.4559421539307,124
3456.4563040733337,124
3456.4565229415894,40
3456.4567470550537,40
3458.45592713356,124
3458.456176996231,40
3458.4564061164856,40
3458.456656932831,40
3458.45693898201,124
3458.4572310447693,124
3460.457195043564,40
3460.457461118698,40
3460.457705974579,124
3460.4579701423645,40
3460.458256006241,40
3460.45845413208,40
3462.4564599990845,124
3462.4567239284515,124
3462.456939935684,40
3462.457195043564,40
3462.4575250148773,124
3462.4577779769897,40
3464.4567852020264,40
3464.4569959640503,40
3464.4572970867157,124
3464.45752620697,124
3464.457774877548,40
3464.458029985428,40
3466.4574711322784,124
3466.4577000141144,40
3466.4579248428345,40
3466.458245038986,40
3466.458470106125,124
3466.458745956421,124
3468.457931995392,40
3468.4582159519196,40
3468.4584550857544,124
3468.458678007126,40
3468.4589579105377,40
3468.459214925766,40
3470.459203004837,124
3470.459464073181,124
3470.459687948227,40
3470.459946155548,40
3470.4602630138397,124
3470.4605011940002,40
3472.45853805542,40
3472.4587829113007,40
3472.459079027176,124
3472.459408044815,124
3472.459631919861,40
3472.459836959839,40
3474.478754043579,124
3474.479151248932,40
3474.4796409606934,40
3474.4800729751587,40
3474.480588912964,124
3474.4810621738434,124
3476.4605650901794,40
3476.4608130455017,40
3476.4610941410065,124
3476.4613180160522,40
3476.4616050720215,40
3476.4618620872498,40
3478.460729122162,124
3478.4609780311584,124
3478.461203098297,40
3478.461468219757,40
3478.4617660045624,124
3478.4620060920715,40
3480.4622180461884,40
3480.4624931812286,40
3480.4628059864044,124
3480.4631049633026,124
3480.4633479118347,40
3480.4635951519012,40
3482.4622180461884,124
3482.462443113327,40
3482.462723970413,40
3482.46301817894,40
3482.4633140563965,124
3482.4635961055756,124
3484.4623172283173,40
3484.46262717247,40
3484.46288895607,124
3484.4631221294403,40
3484.463406085968,40
3484.4636690616608,40
3486.4628031253815,124
3486.463019132614,124
3486.4632408618927,40
3486.4635181427,40
3486.463924884796,124
3486.464042186737,40
3488.462023973465,40
3488.4622569084167,40
3488.4625601768494,124
3488.4628710746765,124
3488.4630930423737,40
3488.4633328914642,40
3490.4632041454315,124
3490.4634850025177,40
3490.4637110233307,40
3490.463968038559,40
3490.464266061783,124
3490.4645190238953,124
3492.462872028351,40
3492.4631350040436,40
3492.4634261131287,124
3492.4636449813843,40
3492.463932991028,40
3492.4642012119293,40
3494.462837934494,124
3494.463140964508,124
3494.463361978531,40
3494.4636092185974,40
3494.4638900756836,124
3494.4641399383545,40
3496.4630908966064,40
3496.463364124298,40
3496.4636499881744,124
3496.463907957077,124
3496.464157104492,40
3496.464415073395,40
3498.4636640548706,124
3498.4638900756836,40
3498.4641420841217,40
3498.4644281864166,40
3498.4647200107574,124
3498.464979171753,124
3500.464355945587,40
3500.4645750522614,40
3500.464854001999,124
3500.4651012420654,40
3500.465343236923,40
3500.4656360149384,40
3502.463630914688,124
3502.4639201164246,124
3502.4641420841217,40
3502.4644021987915,40
3502.4647121429443,124
3502.4649579524994,40
3504.4639949798584,40
3504.464255094528,40
3504.4645409584045,124
3504.4648201465607,124
3504.465061187744,40
3504.465358018875,40
3506.4641070365906,124
3506.4643211364746,40
3506.4645800590515,40
3506.4648361206055,40
3506.465161085129,124
3506.465425014496,124
3508.464468240738,40
3508.4647102355957,40
3508.465003967285,124
3508.465252161026,40
3508.465555906296,40
3508.4657731056213,40
3510.465698003769,124
3510.465940952301,124
3510.466399908066,40
3510.4664602279663,40
3510.4667592048645,124
3510.4669711589813,40
3512.4654660224915,40
3512.4657351970673,40
3512.4660181999207,124
3512.466280937195,124
3512.466556072235,40
3512.4667909145355,40
3514.467106103897,124
3514.467127084732,40
3514.46737909317,40
3514.467668056488,40
3514.467957019806,124
3514.46821808815,124
3516.466667175293,40
3516.466922044754,40
3516.4672060012817,124
3516.467449903488,40
3516.4677460193634,40
3516.4681899547577,40
3518.466812133789,124
3518.467093229294,124
3518.4673149585724,40
3518.467584133148,40
3518.467861175537,124
3518.468136072159,40
3520.467417240143,40
3520.4676611423492,40
3520.4679498672485,124
3520.468234062195,124
3520.4684681892395,40
3520.4687480926514,40
3522.4670989513397,124
3522.467355966568,40
3522.467621088028,40
3522.4678790569305,40
3522.4681601524353,124
3522.4684522151947,124
3524.4673199653625,40
3524.467605113983,40
3524.467880964279,124
3524.4681000709534,40
3524.46835398674,40
3524.4686250686646,40
3526.4669301509857,124
3526.467173099518,124
3526.4673850536346,40
3526.467668056488,40
3526.4679498672485,124
3526.468235015869,40
3528.4677369594574,40
3528.467998981476,40
3528.468290090561,124
3528.4685549736023,124
3528.468806028366,40
3528.4690721035004,40
3530.468517065048,124
3530.468743085861,40
3530.469036102295,40
3530.4692900180817,40
3530.4695811271667,124
3530.469831943512,124
3532.467819213867,40
3532.468095064163,40
3532.468405008316,124
3532.4686191082,40
3532.468863964081,40
3532.4691441059113,40
3534.4682030677795,124
3534.4684739112854,124
3534.4687039852142,40
3534.468957901001,40
3534.469267129898,124
3534.4694941043854,40
3536.468971967697,40
3536.469284057617,40
3536.4695520401,124
3536.4698140621185,124
3536.4700422286987,40
3536.4703080654144,40
3538.4698901176453,124
3538.4701080322266,40
3538.470366001129,40
3538.470917224884,40
3538.4712500572205,124
3538.4715921878815,124
3540.470346927643,40
3540.470598936081,40
3540.47092294693,124
3540.4711520671844,40
3540.4714272022247,40
3540.471671104431,40
3542.46950507164,124
3542.469761133194,124
3542.470017194748,40
3542.4705681800842,40
3542.470617055893,124
3542.4710772037506,40
3544.4728610515594,40
3544.473149061203,40
3544.4734280109406,124
3544.473687171936,124
3544.473909139633,40
3544.474194049835,40
3546.473088979721,124
3546.4733350276947,40
3546.4735860824585,40
3546.4738500118256,40
3546.474140882492,124
3546.4745421409607,124
3548.4733130931854,40
3548.473601102829,40
3548.4739191532135,124
3548.4741649627686,40
3548.474380016327,40
3548.4746701717377,40
3550.474484205246,124
3550.474874973297,124
3550.4750010967255,40
3550.475264072418,40
3550.47558093071,124
3550.4758110046387,40
3552.473685979843,40
3552.47394990921,40
3552.474235057831,124
3552.474489927292,124
3552.474735021591,40
3552.475003004074,40
3554.4738190174103,124
3554.4740521907806,40
3554.474321126938,40
3554.4745559692383,40
3554.4748470783234,124
3554.4751422405243,124
3556.473941087723,40
3556.474333047867,40
3556.4745121002197,124
3556.474771976471,40
3556.4749898910522,40
3556.47545003891,40
3558.4744431972504,124
3558.474709033966,124
3558.4749450683594,40
3558.475209236145,40
3558.4755210876465,124
3558.475734233856,40
3560.4751229286194,40
3560.475485086441,40
3560.4756910800934,124
3560.4759521484375,124
3560.476193189621,40
3560.4764680862427,40
3562.474292039871,124
3562.474536180496,40
3562.47478890419,40
3562.475051164627,40
3562.4753410816193,124
3562.4756422042847,124
3564.474786043167,40
3564.4750640392303,40
3564.475336074829,124
3564.4755730628967,40
3564.47585606575,40
3564.4761068820953,40
3566.4745631217957,124
3566.4748182296753,124
3566.4750921726227,40
3566.4753239154816,40
3566.4756078720093,124
3566.475874900818,40
3568.4749829769135,40
3568.4753210544586,40
3568.475532054901,124
3568.475788116455,124
3568.476068019867,40
3568.4763078689575,40
3570.475774049759,124
3570.475993156433,40
3570.4762949943542,40
3570.4766092300415,40
3570.4768421649933,124
3570.4771020412445,124
3572.4750020504,40
3572.4752440452576,40
3572.475553035736,124
3572.475779056549,40
3572.4760291576385,40
3572.4762818813324,40
3574.474884033203,124
3574.475118160248,124
3574.4753432273865,40
3574.4756190776825,40
3574.4758989810944,124
3574.476114988327,40
3576.475564956665,40
3576.4762699604034,40
3576.4762790203094,124
3576.4762830734253,124
3576.476453065872,40
3576.4766080379486,40
3578.4759130477905,124
3578.4761729240417,40
3578.476385116577,40
3578.4766449928284,40
3578.476963043213,124
3578.4772601127625,124
3580.476776123047,40
3580.477082014084,40
3580.477338075638,124
3580.4775729179382,40
3580.477840900421,40
3580.478114128113,40
3582.476629972458,124
3582.476836204529,124
3582.4770650863647,40
3582.477334022522,40
3582.477617263794,124
3582.4778430461884,40
3584.4769780635834,40
3584.477222919464,40
3584.477520942688,124
3584.477778196335,124
3584.478015899658,40
3584.4782609939575,40
3586.4773020744324,124
3586.4775450229645,40
3586.4778101444244,40
3586.4780671596527,40
3586.478357076645,124
3586.4786410331726,124
3588.4774630069733,40
3588.4777359962463,40
3588.4780230522156,124
3588.478245973587,40
3588.478506088257,40
3588.478775024414,40
3590.4781851768494,124
3590.4784569740295,124
3590.478702068329,40
3590.4789609909058,40
3590.4792630672455,124
3590.4794840812683,40
3592.478042125702,40
3592.4791672229767,40
3592.479171037674,124
3592.4791901111603,124
3592.4792261123657,40
3592.479346036911,40
3594.479078054428,124
3594.479082107544,40
3594.479236125946,40
3594.4794940948486,40
3594.4797739982605,124
3594.4800300598145,124
3596.4791271686554,40
3596.479418992996,40
3596.47967004776,124
3596.479912996292,40
3596.4801530838013,40
3596.480432033539,40
3598.4791281223297,124
3598.479381084442,124
3598.4797010421753,40
3598.479882955551,40
3598.480178117752,124
3598.4803988933563,40
3600.4799270629883,40
3600.4801540374756,40
3600.4804730415344,124
3600.480746984482,124
3600.48095202446,40
3600.481213092804,40
3602.4795191287994,124
3602.4797580242157,40
3602.480012178421,40
3602.4802639484406,40
3602.4805500507355,124
3602.4808390140533,124
3604.479823112488,40
3604.480103969574,40
3604.4803800582886,124
3604.480598926544,40
3604.4808490276337,40
3604.481132030487,40
3606.4803569316864,124
3606.480617046356,124
3606.480852127075,40
3606.481115102768,40
3606.4813861846924,124
3606.4816200733185,40
3608.4805030822754,40
3608.480745077133,40
3608.4812829494476,124
3608.4813079833984,124
3608.481514930725,40
3608.481768131256,40
3610.4821450710297,124
3610.4823870658875,40
3610.482854127884,40
3610.482973098755,40
3610.4832842350006,124
3610.4836061000824,124
3612.4813101291656,40
3612.481579065323,40
3612.481908082962,124
3612.482109069824,40
3612.4824011325836,40
3612.482656955719,40
3614.4821989536285,124
3614.4825479984283,124
3614.4826810359955,40
3614.4830300807953,40
3614.4833068847656,124
3614.4835300445557,40
3616.481687068939,40
3616.4820041656494,40
3616.4822590351105,124
3616.4825191497803,124
3616.4827630519867,40
3616.483078956604,40
3618.482430934906,124
3618.4826390743256,40
3618.482922077179,40
3618.483243227005,40
3618.483524084091,124
3618.4837789535522,124
3620.4828820228577,40
3620.483179092407,40
3620.483477115631,124
3620.483682870865,40
3620.483941078186,40
3620.484211206436,40
3622.4827620983124,124
3622.4830610752106,124
3622.4833068847656,40
3622.483566045761,40
3622.483859062195,124
3622.4840791225433,40
3624.4836111068726,40
3624.483864068985,40
3624.484163045883,124
3624.4844450950623,124
3624.4846951961517,40
3624.4849350452423,40
3626.4840970039368,124
3626.4843320846558,40
3626.484589099884,40
3626.4848499298096,40
3626.485143184662,124
3626.485475063324,124
3628.484321117401,40
3628.484575033188,40
3628.4848721027374,124
3628.485132932663,40
3628.485368013382,40
3628.485641002655,40
3630.4849660396576,124
3630.485256910324,124
3630.4854879379272,40
3630.4857409000397,40
3630.4860389232635,124
3630.486295938492,40
3632.4842340946198,40
3632.4844591617584,40
3632.484743118286,124
3632.484997034073,124
3632.485251188278,40
3632.485522031784,40
3634.485300064087,124
3634.4856100082397,40
3634.4857890605927,40
3634.48605799675,40
3634.4863770008087,124
3634.486638069153,124
3636.484838962555,40
3636.4850780963898,40
3636.485361099243,124
3636.485594034195,40
3636.4858701229095,40
3636.4861221313477,40
3638.485394001007,124
3638.4856300354004,124
3638.4858870506287,40
3638.4861640930176,40
3638.486454963684,124
3638.486706018448,40
3640.4866139888763,40
3640.4868772029877,40
3640.4872682094574,124
3640.4874320030212,124
3640.487720012665,40
3640.4879541397095,40
3642.4862480163574,124
3642.4864451885223,40
3642.4867079257965,40
3642.486953020096,40
3642.4872801303864,124
3642.487538099289,124
3644.486829996109,40
3644.4873189926147,40
3644.487405061722,124
3644.4876182079315,40
3644.4879319667816,40
3644.4881541728973,40
3646.4869360923767,124
3646.48717713356,124
3646.487424850464,40
3646.4876890182495,40
3646.487949848175,124
3646.4881830215454,40
3648.4871060848236,40
3648.4873611927032,40
3648.487690925598,124
3648.487920999527,124
3648.488151073456,40
3648.4884049892426,40
3650.4888570308685,124
3650.4891011714935,40
3650.489401102066,40
3650.4895870685577,40
3650.4901299476624,124
3650.490185022354,124
3652.4877870082855,40
3652.4880599975586,40
3652.488344192505,124
3652.4885840415955,40
3652.4889092445374,40
3652.4891209602356,40
3654.488270044327,124
3654.4886519908905,124
3654.4886560440063,40
3654.488904953003,40
3654.4889130592346,124
3654.48939704895,40
3656.4885330200195,40
3656.488795042038,40
3656.4890990257263,124
3656.4894020557404,124
3656.489599943161,40
3656.4898829460144,40
3658.4891171455383,124
3658.4894030094147,40
3658.489623069763,40
3658.489904165268,40
3658.4902079105377,124
3658.490458011627,124
3660.4897561073303,40
3660.490002155304,40
3660.4903240203857,124
3660.4905819892883,40
3660.4908289909363,40
3660.4910781383514,40
3662.489373922348,124
3662.489665031433,124
3662.489878177643,40
3662.4901471138,40
3662.490427017212,124
3662.4906861782074,40
3664.4902720451355,40
3664.490527153015,40
3664.490823030472,124
3664.491105079651,124
3664.4913351535797,40
3664.491597890854,40
3666.490360021591,124
3666.4905922412872,40
3666.490823984146,40
3666.491204023361,40
3666.4913880825043,124
3666.491719007492,124
3668.4903230667114,40
3668.49058508873,40
3668.4908590316772,124
3668.491086959839,40
3668.491404056549,40
3668.4916200637817,40
3670.491221189499,124
3670.4914240837097,124
3670.4916870594025,40
3670.4919080734253,40
3670.4922230243683,124
3670.4924771785736,40
3672.49103307724,40
3672.491273880005,40
3672.491579055786,124
3672.4918780326843,124
3672.4920790195465,40
3672.49231505394,40
3674.496234178543,124
3674.496454000473,40
3674.4967470169067,40
3674.4970190525055,40
3674.4973061084747,124
3674.4975740909576,124
3676.496486186981,40
3676.496721982956,40
3676.4970309734344,124
3676.4972579479218,40
3676.4976999759674,40
3676.4977910518646,40
3678.4961869716644,124
3678.4964570999146,124
3678.4966650009155,40
3678.4969379901886,40
3678.497251033783,124
3678.4974591732025,40
3680.4970650672913,40
3680.497360229492,40
3680.4976370334625,124
3680.4979078769684,124
3680.4981780052185,40
3680.4984431266785,40
3682.496572971344,124
3682.496793985367,40
3682.497085094452,40
3682.497344017029,40
3682.4976720809937,124
3682.497903108597,124
3684.4962079524994,40
3684.4964871406555,40
3684.496761083603,124
3684.4969830513,40
3684.4972240924835,40
3684.4975171089172,40
3686.4961318969727,124
3686.4963748455048,124
3686.496609210968,40
3686.4968791007996,40
3686.49715924263,124
3686.4973781108856,40
3688.4968841075897,40
3688.4971079826355,40
3688.497410058975,124
3688.497656106949,124
3688.4979300498962,40
3688.49818611145,40
3690.4973940849304,124
3690.4976110458374,40
3690.497889995575,40
3690.4981610774994,40
3690.498456954956,124
3690.4987111091614,124
3692.4974591732025,40
3692.4977011680603,40
3692.497987985611,124
3692.498560190201,40
3692.498564004898,40
3692.4987721443176,40
3694.4976172447205,124
3694.4978601932526,124
3694.4981021881104,40
3694.498382091522,40
3694.498701095581,124
3694.4988899230957,40
3696.497095108032,40
3696.497365951538,40
3696.497699022293,124
3696.49791097641,124
3696.4981422424316,40
3696.498533010483,40
3698.4975049495697,124
3698.497763156891,40
3698.4980051517487,40
3698.498267173767,40
3698.4985592365265,124
3698.498836040497,124
3700.4981961250305,40
3700.498471021652,40
3700.498777151108,124
3700.499016046524,40
3700.499228954315,40
3700.4995000362396,40
3702.497610092163,124
3702.4978470802307,124
3702.498097896576,40
3702.4983711242676,40
3702.4986579418182,124
3702.498880147934,40
3704.4982159137726,40
3704.498467206955,40
3704.498748064041,124
3704.499004125595,124
3704.4992570877075,40
3704.49951004982,40
3706.4983201026917,124
3706.4985592365265,40
3706.4988300800323,40
3706.499074935913,40
3706.49937915802,124
3706.499651193619,124
3708.4985690116882,40
3708.4988012313843,40
3708.499118089676,124
3708.4993131160736,40
3708.4995970726013,40
3708.499857902527,40
3710.4991641044617,124
3710.499428987503,124
3710.4996860027313,40
3710.4999310970306,40
3710.500221967697,124
3710.5004498958588,40
3712.4985489845276,40
3712.4988379478455,40
3712.4991319179535,124
3712.499395132065,124
3712.4996271133423,40
3712.4998869895935,40
3714.4990808963776,124
3714.499284029007,40
3714.4995350837708,40
3714.4997980594635,40
3714.500112056732,124
3714.500377178192,124
3716.498974084854,40
3716.4992611408234,40
3716.499545097351,124
3716.4997611045837,40
3716.5000360012054,40
3716.500298023224,40
3718.499305009842,124
3718.49956202507,124
3718.499797105789,40
3718.5000400543213,40
3718.5004119873047,124
3718.5005860328674,40
3720.4998710155487,40
3720.500153064728,40
3720.500435113907,124
3720.5006971359253,124
3720.500955104828,40
3720.501211166382,40
3722.4998989105225,124
3722.5001289844513,40
3722.500388145447,40
3722.5007889270782,40
3722.5009899139404,124
3722.5012719631195,124
3724.4993422031403,40
3724.499589920044,40
3724.4999191761017,124
3724.500139951706,40
3724.5003781318665,40
3724.5006420612335,40
3726.4999079704285,124
3726.5002739429474,124
3726.500386953354,40
3726.500645160675,40
3726.5009422302246,124
3726.501186132431,40
3728.5001611709595,40
3728.5004229545593,40
3728.5007190704346,124
3728.500965118408,124
3728.5012390613556,40
3728.5014748573303,40
3730.5009360313416,124
3730.501211166382,40
3730.501466035843,40
3730.5017330646515,40
3730.5020270347595,124
3730.5022881031036,124
3732.501386165619,40
3732.5016691684723,40
3732.5019261837006,124
3732.5023908615112,40
3732.502918243408,40
3732.5031611919403,40
3734.5011842250824,124
3734.5014219284058,124
3734.501668214798,40
3734.5019159317017,40
3734.502192258835,124
3734.5024309158325,40
3736.501676082611,40
3736.5019249916077,40
3736.5022010803223,124
3736.5024762153625,124
3736.5027120113373,40
3736.5029950141907,40
3738.5020549297333,124
3738.5022790431976,40
3738.5025370121,40
3738.50280213356,40
3738.5031361579895,124
3738.503543138504,124
3740.502247095108,40
3740.502496957779,40
3740.502794981003,124
3740.503077030182,40
3740.503355026245,40
3740.5036051273346,40
3742.501685142517,124
3742.501930952072,124
3742.5021829605103,40
3742.502403974533,40
3742.5026829242706,124
3742.5029270648956,40
3744.5022230148315,40
3744.502510070801,40
3744.5027770996094,124
3744.5030682086945,124
3744.503342151642,40
3744.5035932064056,40
3746.502692222595,124
3746.503123998642,40
3746.503210067749,40
3746.503517150879,40
3746.5037841796875,124
3746.5040600299835,124
3748.5030829906464,40
3748.5033690929413,40
3748.503658056259,124
3748.5038990974426,40
3748.5041420459747,40
3748.5043890476227,40
3750.5040621757507,124
3750.5043489933014,124
3750.5046248435974,40
3750.5048570632935,40
3750.505162000656,124
3750.5053498744965,40
3752.503913164139,40
3752.5041909217834,40
3752.504459142685,124
3752.504698038101,124
3752.504953145981,40
3752.5052070617676,40
3754.5043621063232,124
3754.504565000534,40
3754.5048270225525,40
3754.5051040649414,40
3754.5054330825806,124
3754.5056579113007,124
3756.5047841072083,40
3756.5050389766693,40
3756.5053560733795,124
3756.5055861473083,40
3756.5058510303497,40
3756.506119966507,40
3758.505005121231,124
3758.5052921772003,124
3758.505515098572,40
3758.5057711601257,40
3758.5060770511627,124
3758.506278991699,40
3760.505227088928,40
3760.5054631233215,40
3760.5057730674744,124
3760.5060238838196,124
3760.5062890052795,40
3760.506530046463,40
3762.505739927292,124
3762.5059621334076,40
3762.506222963333,40
3762.5064780712128,40
3762.506786108017,124
3762.5070540905,124
3764.505946159363,40
3764.506227016449,40
3764.5064899921417,124
3764.5067150592804,40
3764.507008075714,40
3764.507257938385,40
3766.5059580802917,124
3766.5062510967255,124
3766.506453037262,40
3766.5066969394684,40
3766.5069739818573,124
3766.5072209835052,40
3768.5063540935516,40
3768.5066092014313,40
3768.5069110393524,124
3768.5071499347687,124
3768.507425069809,40
3768.507663011551,40
3770.507527112961,124
3770.5077340602875,40
3770.508001089096,40
3770.508255004883,40
3770.508576154709,124
3770.508842229843,124
3772.5074570178986,40
3772.5077381134033,40
3772.508027076721,124
3772.508255004883,40
3772.508504152298,40
3772.50879406929,40
3774.507124900818,124
3774.5073568820953,124
3774.5075891017914,40
3774.507854938507,40
3774.508136987686,124
3774.5083639621735,40
3776.507980108261,40
3776.508197069168,40
3776.5085129737854,124
3776.5088329315186,124
3776.5090370178223,40
3776.50927901268,40
3778.5079760551453,124
3778.5085949897766,40
3778.5085990428925,40
3778.508627176285,40
3778.5089280605316,124
3778.5092051029205,124
3780.5088000297546,40
3780.509057998657,40
3780.509369134903,124
3780.509642124176,40
3780.509845018387,40
3780.510113954544,40
3782.5083181858063,124
3782.5085780620575,124
3782.508795976639,40
3782.509057044983,40
3782.5093059539795,124
3782.5095760822296,40
3784.5090370178223,40
3784.509264945984,40
3784.5095291137695,124
3784.5098328590393,124
3784.5100479125977,40
3784.510318040848,40
3786.509705066681,124
3786.5099790096283,40
3786.5102140903473,40
3786.510486125946,40
3786.5107729434967,124
3786.511062145233,124
3788.5096061229706,40
3788.50989317894,40
3788.5101861953735,124
3788.510409116745,40
3788.510673046112,40
3788.5109281539917,40
3790.510411977768,124
3790.510652065277,124
3790.510869026184,40
3790.5111498832703,40
3790.5114340782166,124
3790.5116720199585,40
3792.5103211402893,40
3792.510660171509,40
3792.5108730793,124
3792.511111974716,124
3792.511374950409,40
3792.511614084244,40
3794.5103719234467,124
3794.5106370449066,40
3794.5108489990234,40
3794.51110124588,40
3794.5114040374756,124
3794.5116770267487,124
3796.5102841854095,40
3796.5105850696564,40
3796.510847091675,124
3796.5110960006714,40
3796.5113320350647,40
3796.5116369724274,40
3798.5111560821533,124
3798.511397123337,124
3798.5116159915924,40
3798.5119020938873,40
3798.5121879577637,124
3798.5124819278717,40
3800.512552022934,40
3800.512796163559,40
3800.513155937195,124
3800.5134420394897,124
3800.5136399269104,40
3800.513962984085,40
3802.5119540691376,124
3802.5121841430664,40
3802.512423992157,40
3802.5126650333405,40
3802.5129749774933,124
3802.5132648944855,124
3804.5122389793396,40
3804.5126621723175,40
3804.512796163559,124
3804.5130150318146,40
3804.513359069824,40
3804.5135922431946,40
3806.5126762390137,124
3806.5129330158234,124
3806.5131828784943,40
3806.5134749412537,40
3806.513774871826,124
3806.5139989852905,40
3808.513176202774,40
3808.513449907303,40
3808.513799905777,124
3808.5140120983124,124
3808.5142600536346,40
3808.514528989792,40
3810.5138721466064,124
3810.514134168625,40
3810.5143570899963,40
3810.514615058899,40
3810.5149319171906,124
3810.515188932419,124
3812.5134649276733,40
3812.5136771202087,40
3812.5140039920807,124
3812.5142102241516,40
3812.5144550800323,40
3812.5147140026093,40
3814.513661146164,124
3814.513923883438,124
3814.5141730308533,40
3814.5151319503784,40
3814.5151360034943,124
3814.5151500701904,40
3816.5142250061035,40
3816.5144600868225,40
3816.514748096466,124
3816.51500415802,124
3816.515254020691,40
3816.5155069828033,40
3818.5149290561676,124
3818.5151550769806,40
3818.5154390335083,40
3818.5156750679016,40
3818.515974998474,124
3818.5162341594696,124
3820.515049934387,40
3820.5153090953827,40
3820.515650033951,124
3820.5158920288086,40
3820.516133069992,40
3820.5163700580597,40
3822.514888048172,124
3822.515438079834,124
3822.515529155731,40
3822.5156240463257,40
3822.5159409046173,124
3822.516154050827,40
3824.515594959259,40
3824.5158700942993,40
3824.5161719322205,124
3824.5165181159973,124
3824.5166850090027,40
3824.516951084137,40
3826.5158190727234,124
3826.5160648822784,40
3826.5163190364838,40
3826.5166070461273,40
3826.516874074936,124
3826.517179965973,124
3828.515664100647,40
3828.5159289836884,40
3828.516231060028,124
3828.516454935074,40
3828.516699075699,40
3828.516965866089,40
3830.51779794693,124
3830.5180270671844,124
3830.5183141231537,40
3830.5185639858246,40
3830.518863916397,124
3830.5190811157227,40
3832.516623020172,40
3832.5168800354004,40
3832.5172090530396,124
3832.517454147339,124
3832.5176842212677,40
3832.5179541110992,40
3834.5166430473328,124
3834.5168809890747,40
3834.517161130905,40
3834.517403125763,40
3834.5176951885223,124
3834.517956972122,124
3836.516804933548,40
3836.5170719623566,40
3836.517352104187,124
3836.517565011978,40
3836.517837047577,40
3836.51811504364,40
3838.5176520347595,124
3838.5179131031036,124
3838.5181810855865,40
3838.518418073654,40
3838.5187261104584,124
3838.5189549922943,40
3840.5180320739746,40
3840.5183012485504,40
3840.518584251404,124
3840.5188488960266,124
3840.519096136093,40
3840.5193610191345,40
3842.5181109905243,124
3842.5183820724487,40
3842.518627166748,40
3842.518895149231,40
3842.5191719532013,124
3842.5194430351257,124
3844.518357038498,40
3844.518618106842,40
3844.518895149231,124
3844.5191349983215,40
3844.5193889141083,40
3844.5196590423584,40
3846.519129037857,124
3846.519387960434,124
3846.5196149349213,40
3846.51988196373,40
3846.5201711654663,124
3846.520429134369,40
3848.5188291072845,40
3848.5190799236298,40
3848.5193610191345,124
3848.519665002823,124
3848.519912004471,40
3848.52015209198,40
3850.519639968872,124
3850.519851207733,40
3850.5201420783997,40
3850.5203959941864,40
3850.5206639766693,124
3850.520966053009,124
3852.51927113533,40
3852.5195350646973,40
3852.519814968109,124
3852.520030975342,40
3852.52028799057,40
3852.5205330848694,40
3854.52015209198,124
3854.5204379558563,124
3854.5206921100616,40
3854.5208761692047,40
3854.5211498737335,124
3854.5214409828186,40
3856.520344018936,40
3856.520581007004,40
3856.520889043808,124
3856.521122932434,124
3856.5213520526886,40
3856.5216851234436,40
3858.5208230018616,124
3858.521021127701,40
3858.5212829113007,40
3858.521553039551,40
3858.5218682289124,124
3858.522169113159,124
3860.5221560001373,40
3860.5224010944366,40
3860.522691011429,124
3860.522956132889,40
3860.5232820510864,40
3860.523535013199,40
3862.5206220149994,124
3862.520872116089,124
3862.521120071411,40
3862.5213720798492,40
3862.5216870307922,124
3862.521968126297,40
3864.521734237671,40
3864.521961212158,40
3864.5222730636597,124
3864.5225281715393,124
3864.5227539539337,40
3864.523004055023,40
3866.522139072418,124
3866.5223910808563,40
3866.5226299762726,40
3866.5228900909424,40
3866.5231699943542,124
3866.5235159397125,124
3868.5223112106323,40
3868.5226101875305,40
3868.5228719711304,124
3868.5231029987335,40
3868.523426055908,40
3868.5236809253693,40
3870.5232648849487,124
3870.523537158966,124
3870.5237782001495,40
3870.52405500412,40
3870.5243220329285,124
3870.5245790481567,40
3872.5230329036713,40
3872.523298025131,40
3872.5236270427704,124
3872.523898124695,124
3872.524103164673,40
3872.5243549346924,40
3874.5236361026764,124
3874.523905992508,40
3874.524104118347,40
3874.524359226227,40
3874.5246748924255,124
3874.5249309539795,124
3876.5235319137573,40
3876.523750066757,40
3876.524029970169,124
3876.5242869853973,40
3876.5245361328125,40
3876.524789094925,40
3878.5241520404816,124
3878.524465084076,124
3878.524682998657,40
3878.524957895279,40
3878.525255918503,124
3878.525475025177,40
3880.524915933609,40
3880.525178194046,40
3880.525489091873,124
3880.525757074356,124
3880.525992155075,40
3880.5262570381165,40
3882.5246720314026,124
3882.5248770713806,40
3882.5251190662384,40
3882.5253672599792,40
3882.5257370471954,124
3882.5259511470795,124
3884.5251841545105,40
3884.5254380702972,40
3884.5257489681244,124
3884.5260121822357,40
3884.52623295784,40
3884.526529073715,40
3886.5256221294403,124
3886.5259470939636,124
3886.5261499881744,40
3886.526748895645,40
3886.527023077011,124
3886.527044057846,40
3888.5257658958435,40
3888.52605509758,40
3888.526370048523,124
3888.5266330242157,124
3888.5268371105194,40
3888.52715921402,40
3890.52663898468,124
3890.5268630981445,40
3890.527130126953,40
3890.5274200439453,40
3890.527698993683,124
3890.527971982956,124
3892.5260899066925,40
3892.526360988617,40
3892.5266649723053,124
3892.5269000530243,40
3892.5272121429443,40
3892.527424097061,40
3894.5262191295624,124
3894.5265011787415,124
3894.526766061783,40
3894.5270512104034,40
3894.527256011963,124
3894.527512073517,40
3896.5266921520233,40
3896.5269470214844,40
3896.527214050293,124
3896.527479171753,124
3896.527735233307,40
3896.527986049652,40
3898.5271310806274,124
3898.5273249149323,40
3898.527570962906,40
3898.5278730392456,40
3898.5281550884247,124
3898.5284309387207,124
3900.5275750160217,40
3900.5278210639954,40
3900.5282039642334,124
3900.528356075287,40
3900.528642177582,40
3900.5290648937225,40
3902.527585029602,124
3902.527857065201,124
3902.5281262397766,40
3902.5283551216125,40
3902.528642177582,124
3902.5288639068604,40
3904.5279290676117,40
3904.5281779766083,40
3904.528506040573,124
3904.528755903244,124
3904.528984069824,40
3904.5292999744415,40
3906.528923034668,124
3906.5291650295258,40
3906.529407978058,40
3906.5296959877014,40
3906.5299830436707,124
3906.530298948288,124
3908.528818130493,40
3908.5290851593018,40
3908.5293111801147,124
3908.529542207718,40
3908.5298380851746,40
3908.530086040497,40
3910.5295870304108,124
3910.5298771858215,124
3910.530104160309,40
3910.5303568840027,40
3910.5306420326233,124
3910.530910015106,40
3912.5290970802307,40
3912.529373884201,40
3912.5296280384064,124
3912.5299010276794,124
3912.53014421463,40
3912.5304000377655,40
