time,size
0.0,164
0.0002570152282714844,44
0.0004999637603759766,164
1.9998419284820557,164
2.000114917755127,44
2.0003819465637207,164
3.9995880126953125,164
3.9998481273651123,44
4.000103950500488,164
5.999468803405762,164
5.999747037887573,44
6.000018835067749,164
8.00026798248291,164
8.000549077987671,44
8.000838041305542,164
10.000520944595337,164
10.000808954238892,44
10.001051902770996,164
12.000133991241455,164
12.00036883354187,44
12.000627994537354,164
14.000562191009521,164
14.000838041305542,44
14.001109838485718,164
16.00051999092102,164
16.00077199935913,44
16.00102686882019,164
18.000668048858643,164
18.00094509124756,44
18.001182079315186,164
20.001560926437378,164
20.00181794166565,44
20.002073049545288,164
22.001079082489014,164
22.001362085342407,44
22.001608848571777,164
24.00144100189209,164
24.00171208381653,44
24.00196886062622,164
26.001704931259155,164
26.001981019973755,44
26.00224995613098,164
28.001708030700684,164
28.001970052719116,44
28.00225806236267,164
30.00241494178772,164
30.002683877944946,44
30.00294303894043,164
32.002021074295044,164
32.00231313705444,44
32.00256896018982,164
34.00269293785095,164
34.00295805931091,44
34.0032160282135,164
36.00280499458313,164
36.003073930740356,44
36.00335502624512,164
38.002437114715576,164
38.00261402130127,44
38.00287914276123,164
40.003299951553345,164
40.003565073013306,44
40.00381398200989,164
42.00295090675354,164
42.00321102142334,44
42.00349283218384,164
44.0032000541687,164
44.00349402427673,44
44.00374388694763,164
46.0057258605957,164
46.006011962890625,44
46.00628304481506,164
48.004416942596436,164
48.00467586517334,44
48.00495886802673,164
50.00540590286255,164
50.0056688785553,44
50.00594711303711,164
52.00448703765869,164
52.00474715232849,44
52.00499606132507,164
54.00498104095459,164
54.005188941955566,44
54.00547194480896,164
56.00545406341553,164
56.00569796562195,44
56.00596213340759,164
58.00486207008362,164
58.005101919174194,44
58.00536394119263,164
60.00614380836487,164
60.00640106201172,44
60.00670099258423,164
62.00604295730591,164
62.00630283355713,44
62.00659513473511,164
64.00543403625488,164
64.00569105148315,44
64.00595092773438,164
66.00627589225769,164
66.00658011436462,44
66.00681495666504,164
68.00581216812134,164
68.00605797767639,44
68.00631880760193,164
70.00651216506958,164
70.00679302215576,44
70.00704908370972,164
72.00592112541199,164
72.00617694854736,44
72.00643110275269,164
74.0063989162445,164
74.00671601295471,44
74.00693798065186,164
76.00682210922241,164
76.00699090957642,44
76.00731086730957,164
78.0070550441742,164
78.00735902786255,44
78.00763201713562,164
80.00776696205139,164
80.00802898406982,44
80.00828385353088,164
82.00703001022339,164
82.00732493400574,44
82.00762104988098,164
84.00718307495117,164
84.00746202468872,44
84.00774908065796,164
86.00699186325073,164
86.00729203224182,44
86.0075569152832,164
88.00775599479675,164
88.00801396369934,44
88.00828385353088,164
90.00854992866516,164
90.00882697105408,44
90.00907492637634,164
92.00800395011902,164
92.00825595855713,44
92.00855708122253,164
94.00834798812866,164
94.00863289833069,44
94.00891304016113,164
96.00785803794861,164
96.00812196731567,44
96.00837302207947,164
98.00836896896362,164
98.00861692428589,44
98.0088939666748,164
100.00927305221558,164
100.00952100753784,44
100.009770154953,164
102.0085859298706,164
102.0088438987732,44
102.00911498069763,164
104.00861406326294,164
104.0088701248169,44
104.0091278553009,164
106.00913190841675,164
106.00940608978271,44
106.00967597961426,164
108.00898814201355,164
108.00924396514893,44
108.00950193405151,164
110.00968194007874,164
110.0099630355835,44
110.01022601127625,164
112.00965905189514,164
112.00992584228516,44
112.01020288467407,164
114.0100588798523,164
114.01036787033081,44
114.01061511039734,164
116.00957489013672,164
116.00983905792236,44
116.01009607315063,164
118.01030492782593,164
118.01062202453613,44
118.01083111763,164
120.01040506362915,164
120.01069188117981,44
120.0109920501709,164
122.01056098937988,164
122.01084399223328,44
122.01111316680908,164
124.0105528831482,164
124.01080989837646,44
124.01110196113586,164
126.01054906845093,164
126.01080799102783,44
126.01109600067139,164
128.0106499195099,164
128.0109088420868,44
128.01116800308228,164
130.01199102401733,164
130.01229810714722,44
130.01255202293396,164
132.01137590408325,164
132.0116889476776,44
132.01192903518677,164
134.01151204109192,164
134.01179385185242,44
134.01205396652222,164
136.0114619731903,164
136.01171898841858,44
136.01201796531677,164
138.01168203353882,164
138.01193594932556,44
138.01222681999207,164
140.01238989830017,164
140.0126359462738,44
140.01291298866272,164
142.01152205467224,164
142.01177787780762,44
142.01201391220093,164
144.0117950439453,164
144.01206398010254,44
144.01231598854065,164
146.0124659538269,164
146.01277899742126,44
146.01300692558289,164
148.0124990940094,164
148.01274991035461,44
148.01304006576538,164
150.01297211647034,164
150.01331305503845,44
150.01352906227112,164
152.01275300979614,164
152.0130569934845,44
152.01338815689087,164
154.01306414604187,164
154.01333093643188,44
154.0136170387268,164
156.01279616355896,164
156.01306080818176,44
156.01330280303955,164
158.01340794563293,164
158.01368498802185,44
158.01394987106323,164
160.0140061378479,164
160.01427006721497,44
160.01452779769897,164
162.01342391967773,164
162.01368713378906,44
162.01392793655396,164
164.01407599449158,164
164.0143599510193,44
164.01461696624756,164
166.01413702964783,164
166.01444602012634,44
166.01480793952942,164
168.01399302482605,164
168.01426100730896,44
168.0145299434662,164
170.0145299434662,164
170.01482486724854,44
170.01507782936096,164
172.01460886001587,164
172.0148799419403,44
172.01514101028442,164
174.01470494270325,164
174.01498293876648,44
174.01525497436523,164
176.01430988311768,164
176.01456594467163,44
176.01481795310974,164
178.0151801109314,164
178.01547193527222,44
178.01574087142944,164
180.01631212234497,164
180.0165410041809,44
180.01680088043213,164
182.01602602005005,164
182.01620602607727,44
182.0164430141449,164
184.01636791229248,164
184.0166130065918,44
184.01689505577087,164
186.01663899421692,164
186.01690196990967,44
186.01719284057617,164
188.01703810691833,164
188.01740884780884,44
188.01762795448303,164
190.01761198043823,164
190.01788592338562,44
190.0181381702423,164
192.0170259475708,164
192.0172848701477,44
192.0176088809967,164
194.0171730518341,164
194.01747298240662,44
194.01778197288513,164
196.01687502861023,164
196.01713109016418,44
196.01742005348206,164
198.01810789108276,164
198.01833200454712,44
198.01856899261475,164
200.01859617233276,164
200.01886510849,44
200.01915884017944,164
202.01776599884033,164
202.01802396774292,44
202.01832699775696,164
204.0181930065155,164
204.0184769630432,44
204.0187451839447,164
206.01812291145325,164
206.01839995384216,44
206.0186550617218,164
208.01837491989136,164
208.01872491836548,44
208.01897311210632,164
210.01903891563416,164
210.01930403709412,44
210.01956295967102,164
212.01855397224426,164
212.01882696151733,44
212.01908493041992,164
214.01876211166382,164
214.01900100708008,44
214.01928305625916,164
216.01899790763855,164
216.01925992965698,44
216.01954007148743,164
218.01972699165344,164
218.01998496055603,44
218.02024507522583,164
220.01954007148743,164
220.0198359489441,44
220.0200879573822,164
222.01962685585022,164
222.01993703842163,44
222.0201609134674,164
224.01981592178345,164
224.02000188827515,44
224.02028393745422,164
226.01989889144897,164
226.02022695541382,44
226.02045702934265,164
228.02009987831116,164
228.0203721523285,44
228.02063488960266,164
230.0204701423645,164
230.02075695991516,44
230.02100896835327,164
232.02020001411438,164
232.02046298980713,44
232.0207359790802,164
234.02079105377197,164
234.0210518836975,44
234.0213098526001,164
236.02048707008362,164
236.0207450389862,44
236.02102494239807,164
238.02111101150513,164
238.02140092849731,44
238.02163696289062,164
240.02153706550598,164
240.02180290222168,44
240.0220980644226,164
242.0211820602417,164
242.02145290374756,44
242.0217320919037,164
244.0213339328766,164
244.02158498764038,44
244.02186799049377,164
246.0212800502777,164
246.02150702476501,44
246.0217568874359,164
248.02143096923828,164
248.02168798446655,44
248.02192997932434,164
250.0223309993744,164
250.02259302139282,44
250.0228579044342,164
252.02209615707397,164
252.02238297462463,44
252.02265095710754,164
254.02192306518555,164
254.02217292785645,44
254.0224289894104,164
256.0219359397888,164
256.0221891403198,44
256.02243995666504,164
258.022775888443,164
258.0230550765991,44
258.0233130455017,164
260.02291083335876,164
260.0232000350952,44
260.02345395088196,164
262.0225989818573,164
262.02286314964294,44
262.0231330394745,164
264.0230588912964,164
264.0233471393585,44
264.0236339569092,164
266.0236089229584,164
266.0238699913025,44
266.0241320133209,164
268.0232651233673,164
268.02353596687317,44
268.0238108634949,164
270.02375888824463,164
270.02404594421387,44
270.0242989063263,164
272.02367305755615,164
272.0239598751068,44
272.02423000335693,164
274.02369379997253,164
274.023952960968,44
274.0242359638214,164
276.02366495132446,164
276.02392292022705,44
276.024178981781,164
278.0240669250488,164
278.0243549346924,44
278.0246078968048,164
280.02484607696533,164
280.02509808540344,44
280.0253598690033,164
282.02449202537537,164
282.0247790813446,44
282.02504992485046,164
284.024698972702,164
284.0249819755554,44
284.02525186538696,164
286.02445888519287,164
286.02471899986267,44
286.02497005462646,164
288.02470993995667,164
288.02496886253357,44
288.02525186538696,164
290.0258541107178,164
290.0261220932007,44
290.026398897171,164
292.0245268344879,164
292.0248098373413,44
292.0250201225281,164
294.0254108905792,164
294.02566409111023,44
294.0259590148926,164
296.0260100364685,164
296.0262908935547,44
296.0265371799469,164
298.02540707588196,164
298.02567291259766,44
298.0259540081024,164
300.0261719226837,164
300.02642798423767,44
300.02668809890747,164
302.0254211425781,164
302.025691986084,44
302.02592301368713,164
304.0260970592499,164
304.0263640880585,44
304.0266489982605,164
306.02602195739746,164
306.02627205848694,44
306.0265300273895,164
308.0260338783264,164
308.0262858867645,44
308.0265338420868,164
310.02700185775757,164
310.0272650718689,44
310.02755904197693,164
312.02659010887146,164
312.026850938797,44
312.0271089076996,164
314.0270609855652,164
314.02729296684265,44
314.027606010437,164
316.0269088745117,164
316.027174949646,44
316.02743196487427,164
318.0275990962982,164
318.02789402008057,44
318.02815413475037,164
320.0278489589691,164
320.02813696861267,44
320.0284221172333,164
322.0277740955353,164
322.028039932251,44
322.02829909324646,164
324.02722096443176,164
324.0275008678436,44
324.0277769565582,164
326.027508020401,164
326.02778816223145,44
326.0280339717865,164
328.0277919769287,164
328.0282120704651,44
328.02831196784973,164
330.02897000312805,164
330.02909207344055,44
330.02935004234314,164
332.0328760147095,164
332.0331289768219,44
332.0333950519562,164
334.03233909606934,164
334.0325939655304,44
334.0329029560089,164
336.032310962677,164
336.0325720310211,44
336.0328071117401,164
338.0330069065094,164
338.03329706192017,44
338.0335428714752,164
340.03315591812134,164
340.03340697288513,44
340.0336809158325,164
342.03277683258057,164
342.0330309867859,44
342.03327798843384,164
344.0335178375244,164
344.0337920188904,44
344.0340509414673,164
346.0336570739746,164
346.0339369773865,44
346.03420400619507,164
348.0339319705963,164
348.03418803215027,44
348.034451007843,164
350.0347099304199,164
350.03497099876404,44
350.0352509021759,164
352.0337688922882,164
352.034029006958,44
352.0342900753021,164
354.034383058548,164
354.034649848938,44
354.03491401672363,164
356.03518199920654,164
356.03546690940857,44
356.03569293022156,164
358.03596687316895,164
358.0362660884857,44
358.0364730358124,164
360.03641295433044,164
360.0366590023041,44
360.03694105148315,164
362.0357789993286,164
362.0360391139984,44
362.0363359451294,164
364.0359230041504,164
364.0361838340759,44
364.0364508628845,164
366.03614497184753,164
366.0364029407501,44
366.0367169380188,164
368.0366358757019,164
368.0369279384613,44
368.0371859073639,164
370.0371570587158,164
370.03741216659546,44
370.03771686553955,164
372.0357768535614,164
372.036052942276,44
372.0363190174103,164
374.03653502464294,164
374.03678703308105,44
374.0370600223541,164
376.0370330810547,164
376.037250995636,44
376.03756308555603,164
378.0372951030731,164
378.0376019477844,44
378.03790187835693,164
380.0382480621338,164
380.03848481178284,44
380.03882789611816,164
382.0380918979645,164
382.03834986686707,44
382.03866314888,164
384.03832507133484,164
384.0385859012604,44
384.03885984420776,164
386.0387840270996,164
386.03903794288635,44
386.0393240451813,164
388.03877902030945,164
388.0390410423279,44
388.03931403160095,164
390.0394639968872,164
390.0397357940674,44
390.0399899482727,164
392.03911089897156,164
392.03936100006104,44
392.03962111473083,164
394.04017305374146,164
394.0404460430145,44
394.0407009124756,164
396.03908109664917,164
396.03934502601624,44
396.03959703445435,164
398.03986406326294,164
398.04014897346497,44
398.0404300689697,164
400.04054713249207,164
400.04078793525696,44
400.0410339832306,164
402.040326833725,164
402.0406107902527,44
402.0408799648285,164
404.0400891304016,164
404.04034304618835,44
404.0406160354614,164
406.04040694236755,164
406.0406639575958,44
406.0410180091858,164
408.0406141281128,164
408.0408639907837,44
408.04113388061523,164
410.04129791259766,164
410.0415711402893,44
410.0418200492859,164
412.04094791412354,164
412.04119300842285,44
412.0414779186249,164
414.04088497161865,164
414.0411560535431,44
414.04140281677246,164
416.04104709625244,164
416.04130005836487,44
416.0415549278259,164
418.0417981147766,164
418.0420711040497,44
418.04236102104187,164
420.04179191589355,164
420.0420711040497,44
420.0423069000244,164
422.04162192344666,164
422.0418710708618,44
422.04218912124634,164
424.04178500175476,164
424.04202604293823,44
424.04230403900146,164
426.0417699813843,164
426.04202604293823,44
426.0422840118408,164
428.0417528152466,164
428.04201197624207,44
428.0422480106354,164
430.0427670478821,164
430.0430428981781,44
430.0432858467102,164
432.04218196868896,164
432.04243302345276,44
432.04269099235535,164
434.0428409576416,164
434.04312682151794,44
434.0433900356293,164
436.04244089126587,164
436.0426938533783,44
436.0430009365082,164
438.0428650379181,164
438.0431249141693,44
438.04340505599976,164
440.0435039997101,164
440.0437879562378,44
440.04403710365295,164
442.04329204559326,164
442.04355692863464,44
442.0438451766968,164
444.04349303245544,164
444.04375290870667,44
444.0440390110016,164
446.0432939529419,164
446.0435621738434,44
446.0438289642334,164
448.0436680316925,164
448.0439338684082,44
448.0441801548004,164
450.0465669631958,164
450.046835899353,44
450.0470988750458,164
452.04654908180237,164
452.04695296287537,44
452.0470778942108,164
454.0461461544037,164
454.0463778972626,44
454.0466420650482,164
456.04648995399475,164
456.046746969223,44
456.0470290184021,164
458.0461759567261,164
458.04643392562866,44
458.0466990470886,164
460.0475687980652,164
460.04785990715027,44
460.0481240749359,164
462.04716205596924,164
462.0474500656128,44
462.0477418899536,164
464.04688811302185,164
464.0471429824829,44
464.0474200248718,164
466.04743099212646,164
466.0477249622345,44
466.0480098724365,164
468.0472300052643,164
468.0474920272827,44
468.04778504371643,164
470.04784297943115,164
470.0481541156769,44
470.0483810901642,164
472.04811000823975,164
472.0483899116516,44
472.04865288734436,164
474.0477578639984,164
474.048043012619,44
474.04830408096313,164
476.0482840538025,164
476.0485758781433,44
476.0488419532776,164
478.0486550331116,164
478.0489230155945,44
478.04919505119324,164
480.0486719608307,164
480.04895997047424,44
480.04923391342163,164
482.04813718795776,164
482.048397064209,44
482.04866003990173,164
484.0485758781433,164
484.0488579273224,44
484.04913091659546,164
486.04861879348755,164
486.0488739013672,44
486.0491578578949,164
488.0493438243866,164
488.0496451854706,44
488.0499050617218,164
490.049439907074,164
490.04972100257874,44
490.0499801635742,164
492.0491871833801,164
492.0494589805603,44
492.04969000816345,164
494.04906702041626,164
494.049329996109,44
494.04957914352417,164
496.0494918823242,164
496.04977107048035,44
496.0500109195709,164
498.0494430065155,164
498.04976201057434,44
498.0499858856201,164
500.0502700805664,164
500.0505440235138,44
500.0508050918579,164
502.0496451854706,164
502.0499210357666,44
502.0501630306244,164
504.05066299438477,164
504.0509650707245,44
504.0512309074402,164
506.0506899356842,164
506.05100417137146,44
506.0512409210205,164
508.0503120422363,164
508.0505790710449,44
508.0508348941803,164
510.0517678260803,164
510.0520260334015,44
510.0523130893707,164
512.0505969524384,164
512.0508499145508,44
512.0511150360107,164
514.0509490966797,164
514.0512089729309,44
514.0514631271362,164
516.0511500835419,164
516.0514028072357,44
516.0516998767853,164
518.0509049892426,164
518.0511629581451,44
518.0514211654663,164
520.0520098209381,164
520.0522949695587,44
520.052551984787,164
522.0517470836639,164
522.0520029067993,44
522.0522971153259,164
524.051903963089,164
524.0522119998932,44
524.0524451732635,164
526.0517139434814,164
526.0519709587097,44
526.0522248744965,164
528.0523419380188,164
528.0525999069214,44
528.052934885025,164
530.053032875061,164
530.053300857544,44
530.0535700321198,164
532.0527429580688,164
532.0530099868774,44
532.0532801151276,164
534.0540659427643,164
534.0543930530548,44
534.0545899868011,164
536.0549318790436,164
536.0551588535309,44
536.0554451942444,164
538.0549809932709,164
538.0552589893341,44
538.055517911911,164
540.055505990982,164
540.055802822113,44
540.0560541152954,164
542.055114030838,164
542.0553607940674,44
542.0556409358978,164
544.0553488731384,164
544.0555989742279,44
544.0558578968048,164
546.0560400485992,164
546.0563290119171,44
546.0565960407257,164
548.0558609962463,164
548.056104183197,44
548.0563859939575,164
550.05619597435,164
550.0564777851105,44
550.0567510128021,164
552.0559170246124,164
552.0561470985413,44
552.0564050674438,164
554.0562498569489,164
554.0565240383148,44
554.0567820072174,164
556.056813955307,164
556.0571029186249,44
556.0573689937592,164
558.0564389228821,164
558.0566961765289,44
558.05695104599,164
560.0573508739471,164
560.0576140880585,44
560.0579109191895,164
562.057265996933,164
562.0575528144836,44
562.0578660964966,164
564.0571529865265,164
564.0574069023132,44
564.0576758384705,164
566.0571830272675,164
566.0574350357056,44
566.0576930046082,164
568.0572640895844,164
568.0575098991394,44
568.0578279495239,164
570.0584309101105,164
570.0586109161377,44
570.0588738918304,164
572.0583050251007,164
572.0585918426514,44
572.0588381290436,164
574.0579409599304,164
574.058198928833,44
574.0584990978241,164
576.0579810142517,164
576.0582451820374,44
576.0584938526154,164
578.0587739944458,164
578.0590450763702,44
578.0593109130859,164
580.0591700077057,164
580.059464931488,44
580.0596919059753,164
582.058315038681,164
582.0585768222809,44
582.0588188171387,164
584.0591018199921,164
584.0593769550323,44
584.0596380233765,164
586.1178278923035,164
586.1181609630585,44
586.1184899806976,164
588.1132621765137,164
588.1135711669922,44
588.1138029098511,164
590.1141459941864,164
590.1144108772278,44
590.1146650314331,164
592.1132600307465,164
592.1135041713715,44
592.1137630939484,164
594.1136329174042,164
594.1139080524445,44
594.114177942276,164
596.1137580871582,164
596.1140270233154,44
596.1143260002136,164
598.1139299869537,164
598.1142041683197,44
598.1144540309906,164
600.1146900653839,164
600.1149549484253,44
600.1151928901672,164
602.1138479709625,164
602.114109992981,44
602.1143589019775,164
604.1146559715271,164
604.1149470806122,44
604.1152489185333,164
606.114697933197,164
606.1149570941925,44
606.1152858734131,164
608.114511013031,164
608.1147701740265,44
608.1150279045105,164
610.1156289577484,164
610.1158919334412,44
610.1161608695984,164
612.1149470806122,164
612.1152060031891,44
612.1154451370239,164
614.1149621009827,164
614.1152040958405,44
614.1154580116272,164
616.1153349876404,164
616.1156029701233,44
616.1158769130707,164
618.1154429912567,164
618.1156480312347,44
618.1158721446991,164
620.1159420013428,164
620.1162309646606,44
620.1164960861206,164
622.11576795578,164
622.1160278320312,44
622.1163079738617,164
624.1160399913788,164
624.1163020133972,44
624.1166920661926,164
626.1165659427643,164
626.116847038269,44
626.1171381473541,164
628.1163129806519,164
628.116574048996,44
628.1168630123138,164
630.1168479919434,164
630.1171479225159,44
630.1173729896545,164
632.116749048233,164
632.1170089244843,44
632.1172850131989,164
634.1170570850372,164
634.1173310279846,44
634.1176080703735,164
636.1169328689575,164
636.1171870231628,44
636.1174559593201,164
638.1177051067352,164
638.1179990768433,44
638.1182579994202,164
640.1179580688477,164
640.118222951889,44
640.1184749603271,164
642.1178719997406,164
642.118157863617,44
642.1184189319611,164
644.1177599430084,164
644.1180579662323,44
644.1183550357819,164
646.1211049556732,164
646.1214189529419,44
646.1216871738434,164
648.1205539703369,164
648.1208381652832,44
648.1210789680481,164
650.120502948761,164
650.120796918869,44
650.1210498809814,164
652.1210269927979,164
652.1212980747223,44
652.1215469837189,164
654.1206469535828,164
654.1209800243378,44
654.1211709976196,164
656.1212480068207,164
656.1214919090271,44
656.1217420101166,164
658.1208810806274,164
658.1211249828339,44
658.1214170455933,164
660.1216928958893,164
660.1219580173492,44
660.1222100257874,164
662.1211819648743,164
662.121426820755,44
662.1217098236084,164
664.1220140457153,164
664.1222739219666,44
664.1225409507751,164
666.1217951774597,164
666.1220510005951,44
666.122298002243,164
668.1225168704987,164
668.1227729320526,44
668.1230480670929,164
670.1235859394073,164
670.1238701343536,44
670.1241500377655,164
672.1233940124512,164
672.1236619949341,44
672.1239190101624,164
674.1239240169525,164
674.124226808548,44
674.124459028244,164
676.1235239505768,164
676.1238188743591,44
676.1240870952606,164
678.123368024826,164
678.1236250400543,44
678.1238970756531,164
680.1240899562836,164
680.1243469715118,44
680.1246027946472,164
682.1236438751221,164
682.1238970756531,44
682.1241791248322,164
684.1239809989929,164
684.1242508888245,44
684.1245329380035,164
686.124242067337,164
686.1245250701904,44
686.1247980594635,164
688.1244201660156,164
688.1246929168701,44
688.1249620914459,164
690.1251509189606,164
690.1253979206085,44
690.1256580352783,164
692.1242249011993,164
692.1244928836823,44
692.12473487854,164
694.1246950626373,164
694.124951839447,44
694.1252338886261,164
696.1249349117279,164
696.12517786026,44
696.1254508495331,164
698.1250469684601,164
698.1253390312195,44
698.1256129741669,164
700.126168012619,164
700.1264300346375,44
700.1267240047455,164
702.1255700588226,164
702.1258580684662,44
702.1261248588562,164
704.1253201961517,164
704.1256151199341,44
704.1258370876312,164
706.1256310939789,164
706.1258959770203,44
706.1261758804321,164
708.1259269714355,164
708.1261789798737,44
708.1264588832855,164
710.1261970996857,164
710.1264579296112,44
710.1267039775848,164
712.1260039806366,164
712.1262857913971,44
712.1265070438385,164
714.1264791488647,164
714.1267437934875,44
714.1272320747375,164
716.126296043396,164
716.1264479160309,44
716.1267099380493,164
718.1270201206207,164
718.1273150444031,44
718.1275811195374,164
720.1274809837341,164
720.1277499198914,44
720.1280338764191,164
722.1270108222961,164
722.1272711753845,44
722.12757396698,164
724.1268401145935,164
724.1270778179169,44
724.1273319721222,164
726.1269178390503,164
726.1271688938141,44
726.1274330615997,164
728.1274631023407,164
728.127720117569,44
728.1280400753021,164
730.1280870437622,164
730.1283578872681,44
730.1286120414734,164
732.1276910305023,164
732.1279759407043,44
732.1282660961151,164
734.1281838417053,164
734.128476858139,44
734.128732919693,164
736.1281969547272,164
736.1284527778625,44
736.1287820339203,164
738.1286330223083,164
738.12899518013,44
738.129184961319,164
740.1287801265717,164
740.1290919780731,44
740.1293630599976,164
742.1285579204559,164
742.1288149356842,44
742.1290988922119,164
744.1288568973541,164
744.1291029453278,44
744.129387140274,164
746.1293120384216,164
746.1295900344849,44
746.1298460960388,164
748.1291539669037,164
748.1294150352478,44
748.1296980381012,164
750.1295359134674,164
750.1297860145569,44
750.1300539970398,164
752.1291389465332,164
752.1294651031494,44
752.1296589374542,164
754.1292791366577,164
754.1295330524445,44
754.1297891139984,164
756.129576921463,164
756.129830121994,44
756.1300890445709,164
758.129930973053,164
758.1301770210266,44
758.13046002388,164
760.1310329437256,164
760.1313090324402,44
760.1315870285034,164
762.1302609443665,164
762.1304800510406,44
762.1307849884033,164
764.1300799846649,164
764.130334854126,44
764.130588054657,164
766.1303508281708,164
766.130609035492,44
766.1308641433716,164
768.1308078765869,164
768.1310858726501,44
768.1313719749451,164
770.131875038147,164
770.1320400238037,44
770.1323289871216,164
772.1310908794403,164
772.1313529014587,44
772.1316409111023,164
774.1305129528046,164
774.1307971477509,44
774.1310460567474,164
776.1316909790039,164
776.1319689750671,44
776.1322269439697,164
778.1315169334412,164
778.1317749023438,44
778.1320729255676,164
780.1321268081665,164
780.1324019432068,44
780.1326570510864,164
782.1313891410828,164
782.1316590309143,44
782.1318960189819,164
784.1319680213928,164
784.1322269439697,44
784.1324210166931,164
786.1325438022614,164
786.1328778266907,44
786.1330959796906,164
788.1320149898529,164
788.1322810649872,44
788.1325471401215,164
790.1328608989716,164
790.1331470012665,44
790.1334109306335,164
792.1324348449707,164
792.1326758861542,44
792.1329338550568,164
794.1331391334534,164
794.1334269046783,44
794.133679151535,164
796.1329348087311,164
796.1331961154938,44
796.1334810256958,164
798.1332650184631,164
798.133526802063,44
798.1338078975677,164
800.1349730491638,164
800.1352310180664,44
800.135491847992,164
802.1337080001831,164
802.1339929103851,44
802.1342527866364,164
804.1336579322815,164
804.1338980197906,44
804.1341879367828,164
806.13356590271,164
806.1338229179382,44
806.1340789794922,164
808.1340410709381,164
808.1342890262604,44
808.1345810890198,164
810.1345200538635,164
810.1348121166229,44
810.1350800991058,164
812.1344678401947,164
812.1347498893738,44
812.1350679397583,164
814.1345498561859,164
814.1347789764404,44
814.1350619792938,164
816.1346461772919,164
816.1349070072174,44
816.1351959705353,164
818.1350479125977,164
818.135360956192,44
818.1355910301208,164
820.1353049278259,164
820.1355929374695,44
820.135843038559,164
822.1351079940796,164
822.135360956192,44
822.1356489658356,164
824.135046005249,164
824.1352849006653,44
824.1355390548706,164
826.1355028152466,164
826.1357569694519,44
826.1360399723053,164
828.1355919837952,164
828.1358599662781,44
828.1361379623413,164
830.1364381313324,164
830.1367108821869,44
830.1369569301605,164
832.1360149383545,164
832.1362709999084,44
832.1365609169006,164
834.1363701820374,164
834.1366848945618,44
834.1369278430939,164
836.1358149051666,164
836.1360688209534,44
836.1363668441772,164
838.1363320350647,164
838.1366188526154,44
838.1368989944458,164
840.1370339393616,164
840.1372849941254,44
840.1375489234924,164
842.136773109436,164
842.1370499134064,44
842.1373529434204,164
844.1370270252228,164
844.137277841568,44
844.137598991394,164
846.1375529766083,164
846.1377849578857,44
846.1380701065063,164
848.1371870040894,164
848.1374418735504,44
848.1377301216125,164
850.1381340026855,164
850.1384508609772,44
850.1386499404907,164
852.1371231079102,164
852.1373739242554,44
852.1376249790192,164
854.1377229690552,164
854.1379809379578,44
854.1383278369904,164
856.1377170085907,164
856.1379759311676,44
856.1382930278778,164
858.1376099586487,164
858.1378598213196,44
858.1381499767303,164
860.1391398906708,164
860.1393959522247,44
860.1396870613098,164
862.1381859779358,164
862.1384429931641,44
862.1387059688568,164
864.1385760307312,164
864.1388220787048,44
864.1391098499298,164
866.1388370990753,164
866.1391088962555,44
866.1393928527832,164
868.1386790275574,164
868.138909816742,44
868.1391620635986,164
870.1397109031677,164
870.139976978302,44
870.1402380466461,164
872.1392598152161,164
872.1395170688629,44
872.1398029327393,164
874.1396279335022,164
874.139909029007,44
874.1401650905609,164
876.1395590305328,164
876.1398179531097,44
876.1401059627533,164
878.1397449970245,164
878.139997959137,44
878.140289068222,164
880.1401870250702,164
880.1404621601105,44
880.1407179832458,164
882.1400830745697,164
882.1403439044952,44
882.1406269073486,164
884.1396460533142,164
884.1399040222168,44
884.1401510238647,164
886.1401519775391,164
886.1403789520264,44
886.1406528949738,164
888.1406350135803,164
888.140909910202,44
888.1411938667297,164
890.1414768695831,164
890.141725063324,44
890.1419858932495,164
892.140517950058,164
892.1407659053802,44
892.141058921814,164
894.140872001648,164
894.14111495018,44
894.1414029598236,164
896.1408169269562,164
896.1410839557648,44
896.1413290500641,164
898.1413700580597,164
898.1416509151459,44
898.1419200897217,164
900.141706943512,164
900.1419711112976,44
900.142245054245,164
902.1415019035339,164
902.1417598724365,44
902.142030954361,164
904.1413168907166,164
904.1415820121765,44
904.1418299674988,164
906.142226934433,164
906.1425168514252,44
906.142774105072,164
908.1422729492188,164
908.1425631046295,44
908.1428320407867,164
910.1431651115417,164
910.1434268951416,44
910.1437301635742,164
912.1423659324646,164
912.142627954483,44
912.1429381370544,164
914.1435430049896,164
914.143807888031,44
914.1441450119019,164
916.1428940296173,164
916.1431970596313,44
916.1434319019318,164
918.1430749893188,164
918.1433460712433,44
918.143609046936,164
920.1435129642487,164
920.1437571048737,44
920.1439719200134,164
922.1434328556061,164
922.1437180042267,44
922.1439859867096,164
924.1435029506683,164
924.1437659263611,44
924.1440470218658,164
926.1440010070801,164
926.1442730426788,44
926.1445300579071,164
928.1436479091644,164
928.1439099311829,44
928.1441919803619,164
930.1450040340424,164
930.1452960968018,44
930.1455550193787,164
932.14377784729,164
932.1440269947052,44
932.1442909240723,164
934.1437721252441,164
934.1440210342407,44
934.1442739963531,164
936.1446108818054,164
936.1448929309845,44
936.1452209949493,164
938.1453559398651,164
938.1456270217896,44
938.1459300518036,164
940.1558799743652,164
940.1563150882721,44
940.1566619873047,164
942.144896030426,164
942.1451451778412,44
942.1454269886017,164
944.144681930542,164
944.1449310779572,44
944.1451830863953,164
946.1449410915375,164
946.1451950073242,44
946.1454470157623,164
948.1454541683197,164
948.1457068920135,44
948.1459929943085,164
950.1458258628845,164
950.1461141109467,44
950.1463758945465,164
952.1452729701996,164
952.1455299854279,44
952.1457929611206,164
954.1460659503937,164
954.1463539600372,44
954.1466438770294,164
956.1458990573883,164
956.1461319923401,44
956.1464080810547,164
958.14643907547,164
958.1467258930206,44
958.1469900608063,164
960.1468629837036,164
960.147115945816,44
960.1474030017853,164
962.1464068889618,164
962.1466219425201,44
962.1468951702118,164
964.1466228961945,164
964.1468870639801,44
964.147164106369,164
966.1466228961945,164
966.146938085556,44
966.1471400260925,164
968.1465518474579,164
968.1468141078949,44
968.1470739841461,164
970.1472859382629,164
970.147490978241,44
970.1477870941162,164
972.1471450328827,164
972.1474018096924,44
972.1476640701294,164
974.1471929550171,164
974.147451877594,44
974.1477200984955,164
976.1474568843842,164
976.1477150917053,44
976.1479949951172,164
978.1475419998169,164
978.1477990150452,44
978.1480560302734,164
980.1489000320435,164
980.1491551399231,44
980.1494541168213,164
982.1473078727722,164
982.1475839614868,44
982.1478350162506,164
984.148509979248,164
984.148796081543,44
984.1490540504456,164
986.1486160755157,164
986.1489479541779,44
986.1491630077362,164
988.1487500667572,164
988.1490409374237,44
988.1492969989777,164
990.1498830318451,164
990.1501669883728,44
990.1504380702972,164
992.148472070694,164
992.1487290859222,44
992.1489880084991,164
994.1501240730286,164
994.1503829956055,44
994.1506688594818,164
996.1501541137695,164
996.1503758430481,44
996.1506509780884,164
998.1502938270569,164
998.1505439281464,44
998.1508231163025,164
1000.150787115097,164
1000.1510791778564,44
1000.1513319015503,164
1002.150563955307,164
1002.1508209705353,44
1002.1511070728302,164
1004.150906085968,164
1004.1511709690094,44
1004.151449918747,164
1006.1508920192719,164
1006.15114402771,44
1006.1514108181,164
1008.1512320041656,164
1008.1514940261841,44
1008.1517899036407,164
1010.1521570682526,164
1010.1524188518524,44
1010.1526758670807,164
1012.1512777805328,164
1012.1515328884125,44
1012.1518211364746,164
1014.1518461704254,164
1014.1521971225739,44
1014.1524460315704,164
1016.1518211364746,164
1016.1520800590515,44
1016.1523580551147,164
1018.1527650356293,164
1018.1530330181122,44
1018.1533060073853,164
1020.1522359848022,164
1020.152501821518,44
1020.1527769565582,164
1022.1517999172211,164
1022.1520791053772,44
1022.152352809906,164
1024.1528179645538,164
1024.153107881546,44
1024.1533670425415,164
1026.152888059616,164
1026.1531929969788,44
1026.153440952301,164
1028.1525268554688,164
1028.1527678966522,44
1028.153020143509,164
1030.1530268192291,164
1030.1532740592957,44
1030.1535460948944,164
1032.1529619693756,164
1032.1532180309296,44
1032.153480052948,164
1034.1538791656494,164
1034.154142856598,44
1034.1544089317322,164
1036.153550863266,164
1036.153813123703,44
1036.1541080474854,164
1038.1540479660034,164
1038.154312133789,44
1038.1545791625977,164
1040.1547358036041,164
1040.1549980640411,44
1040.1553170681,164
1042.1541950702667,164
1042.1544859409332,44
1042.1547520160675,164
1044.1539249420166,164
1044.1541900634766,44
1044.15443110466,164
1046.1544170379639,164
1046.154695034027,44
1046.1549670696259,164
1048.1544938087463,164
1048.154755115509,44
1048.1550409793854,164
1050.155310869217,164
1050.1555938720703,44
1050.1558349132538,164
1052.1544981002808,164
1052.1547479629517,44
1052.1550159454346,164
1054.1549999713898,164
1054.1552670001984,44
1054.1555359363556,164
1056.1555659770966,164
1056.1558310985565,44
1056.1560850143433,164
1058.155515909195,164
1058.1558108329773,44
1058.1560730934143,164
1060.1561551094055,164
1060.156396150589,44
1060.156655073166,164
1062.1558508872986,164
1062.1561260223389,44
1062.1564509868622,164
1064.1560108661652,164
1064.1563029289246,44
1064.1565589904785,164
1066.1557550430298,164
1066.1560060977936,44
1066.1562659740448,164
1068.1562428474426,164
1068.1565239429474,44
1068.156802892685,164
1070.1568970680237,164
1070.1570971012115,44
1070.1573460102081,164
1072.15651512146,164
1072.1567730903625,44
1072.1570670604706,164
1074.1566231250763,164
1074.1568689346313,44
1074.1571419239044,164
1076.156525850296,164
1076.1567778587341,44
1076.1570301055908,164
1078.1568849086761,164
1078.1571469306946,44
1078.1574277877808,164
1080.157546043396,164
1080.1578018665314,44
1080.1580429077148,164
1082.1573748588562,164
1082.1576528549194,44
1082.1579201221466,164
1084.1574609279633,164
1084.1577050685883,44
1084.1579871177673,164
1086.1575179100037,164
1086.157735824585,44
1086.1580159664154,164
1088.1579339504242,164
1088.1582279205322,44
1088.158597946167,164
1090.1589670181274,164
1090.1592359542847,44
1090.1595451831818,164
1092.1579809188843,164
1092.158241033554,44
1092.1585700511932,164
1094.1581778526306,164
1094.1583828926086,44
1094.158679008484,164
1096.1584811210632,164
1096.1587619781494,44
1096.1590240001678,164
1098.1585829257965,164
1098.1588490009308,44
1098.159154176712,164
1100.1596479415894,164
1100.1598989963531,44
1100.160197019577,164
1102.158872127533,164
1102.1591379642487,44
1102.1594169139862,164
1104.1590349674225,164
1104.1592710018158,44
1104.159558057785,164
1106.1589469909668,164
1106.159164905548,44
1106.1594219207764,164
1108.1594598293304,164
1108.159698009491,44
1108.1599960327148,164
1110.160143852234,164
1110.1604030132294,44
1110.1606640815735,164
1112.159688949585,164
1112.159943819046,44
1112.1602289676666,164
1114.1599400043488,164
1114.1602120399475,44
1114.1604890823364,164
1116.1602149009705,164
1116.1605050563812,44
1116.160768032074,164
1118.1603510379791,164
1118.1606290340424,44
1118.1609120368958,164
1120.160248041153,164
1120.160502910614,44
1120.160784959793,164
1122.160140991211,164
1122.1604008674622,44
1122.1606540679932,164
1124.1599040031433,164
1124.1601839065552,44
1124.1604721546173,164
1126.1606380939484,164
1126.1608998775482,44
1126.161148071289,164
1128.1605219841003,164
1128.1607339382172,44
1128.161010980606,164
1130.161740064621,164
1130.1620099544525,44
1130.1623089313507,164
1132.1611170768738,164
1132.1614301204681,44
1132.1616430282593,164
1134.1618390083313,164
1134.1621119976044,44
1134.1623749732971,164
1136.161304950714,164
1136.1615579128265,44
1136.1618220806122,164
1138.1615018844604,164
1138.1617579460144,44
1138.1620140075684,164
1140.1622760295868,164
1140.1626040935516,44
1140.1627881526947,164
1142.1617121696472,164
1142.1619608402252,44
1142.1622159481049,164
1144.162024974823,164
1144.1622829437256,44
1144.1625320911407,164
1146.1627061367035,164
1146.162987947464,44
1146.1632630825043,164
1148.162899017334,164
1148.1631848812103,44
1148.1634340286255,164
1150.1636340618134,164
1150.163908958435,44
1150.1641819477081,164
1152.1628279685974,164
1152.163083076477,44
1152.1633789539337,164
1154.16259598732,164
1154.1628680229187,44
1154.1631100177765,164
1156.1626839637756,164
1156.1629509925842,44
1156.1631999015808,164
1158.1635088920593,164
1158.1637790203094,44
1158.164055109024,164
1160.1642079353333,164
1160.1644659042358,44
1160.1647219657898,164
1162.1632969379425,164
1162.1635460853577,44
1162.1638009548187,164
1164.1638820171356,164
1164.1641438007355,44
1164.1644268035889,164
1166.1637740135193,164
1166.164029121399,44
1166.1642830371857,164
1168.1641371250153,164
1168.1643919944763,44
1168.1646819114685,164
1170.1650791168213,164
1170.165335893631,44
1170.1655950546265,164
1172.163766860962,164
1172.1640498638153,44
1172.164293050766,164
1174.16432595253,164
1174.1645810604095,44
1174.1648380756378,164
1176.1647000312805,164
1176.164962053299,44
1176.165207862854,164
1178.1649098396301,164
1178.1651527881622,44
1178.1654088497162,164
1180.165540933609,164
1180.1658248901367,44
1180.1660778522491,164
1182.164785861969,164
1182.165050983429,44
1182.165307044983,164
1184.165377855301,164
1184.1656348705292,44
1184.1659078598022,164
1186.1654450893402,164
1186.1657090187073,44
1186.165983915329,164
1188.1656079292297,164
1188.1658701896667,44
1188.1661269664764,164
1190.1661529541016,164
1190.166454076767,44
1190.166692018509,164
1192.1662678718567,164
1192.1665470600128,44
1192.1668229103088,164
1194.1659739017487,164
1194.1662249565125,44
1194.1664848327637,164
1196.1666300296783,164
1196.1669080257416,44
1196.167172908783,164
1198.166767835617,164
1198.1670479774475,44
1198.1673169136047,164
1200.1852519512177,164
1200.1857028007507,44
1200.1861779689789,164
1202.1672608852386,164
1202.1675598621368,44
1202.1678340435028,164
1204.1670060157776,164
1204.16725897789,44
1204.167531967163,164
1206.1668770313263,164
1206.1671319007874,44
1206.167424917221,164
1208.1673259735107,164
1208.1675848960876,44
1208.167965888977,164
1210.1682000160217,164
1210.1684908866882,44
1210.1687641143799,164
1212.1674768924713,164
1212.167734861374,44
1212.1680510044098,164
1214.1678178310394,164
1214.168065071106,44
1214.1683418750763,164
1216.1678018569946,164
1216.1680459976196,44
1216.168305158615,164
1218.1679010391235,164
1218.1681470870972,44
1218.1684041023254,164
1220.1685059070587,164
1220.1687610149384,44
1220.1690731048584,164
1222.1679730415344,164
1222.1682541370392,44
1222.1685230731964,164
1224.1686379909515,164
1224.1688981056213,44
1224.1691689491272,164
1226.1685919761658,164
1226.1688559055328,44
1226.1691179275513,164
1228.1689200401306,164
1228.1691710948944,44
1228.1694300174713,164
1230.169263124466,164
1230.1695051193237,44
1230.1697890758514,164
1232.1688508987427,164
1232.1691229343414,44
1232.1693620681763,164
1234.1694059371948,164
1234.169672012329,44
1234.1699471473694,164
1236.1699800491333,164
1236.1702659130096,44
1236.17054104805,164
1238.1698648929596,164
1238.170126914978,44
1238.1704070568085,164
1240.1704580783844,164
1240.1707179546356,44
1240.1709711551666,164
1242.1704080104828,164
1242.1707000732422,44
1242.170963048935,164
1244.1703848838806,164
1244.1706278324127,44
1244.1709060668945,164
1246.171476840973,164
1246.17173910141,44
1246.1720221042633,164
1248.1716120243073,164
1248.1718819141388,44
1248.1721649169922,164
1250.1726758480072,164
1250.1729578971863,44
1250.1732120513916,164
1252.1718809604645,164
1252.1721410751343,44
1252.172418832779,164
1254.1720089912415,164
1254.1722569465637,44
1254.1725108623505,164
1256.1721301078796,164
1256.1723809242249,44
1256.1726348400116,164
1258.1722090244293,164
1258.1724371910095,44
1258.1727850437164,164
1260.1735880374908,164
1260.1738450527191,44
1260.1741299629211,164
1262.1726908683777,164
1262.1729459762573,44
1262.1732399463654,164
1264.1727149486542,164
1264.1729679107666,44
1264.1732201576233,164
1266.1731550693512,164
1266.1734240055084,44
1266.1737310886383,164
1268.1731350421906,164
1268.173390865326,44
1268.173665046692,164
1270.1737790107727,164
1270.1740701198578,44
1270.174332857132,164
1272.1740498542786,164
1272.1743268966675,44
1272.1745870113373,164
1274.1735270023346,164
1274.1737849712372,44
1274.1740419864655,164
1276.1739020347595,164
1276.1741709709167,44
1276.1744599342346,164
1278.1741108894348,164
1278.1743710041046,44
1278.1746580600739,164
1280.1746399402618,164
1280.174931049347,44
1280.1751961708069,164
1282.1745328903198,164
1282.1747951507568,44
1282.1750988960266,164
1284.1744980812073,164
1284.1747488975525,44
1284.1750390529633,164
1286.1744451522827,164
1286.1746819019318,44
1286.1749329566956,164
1288.175456047058,164
1288.1757230758667,44
1288.1759810447693,164
1290.1751470565796,164
1290.1754040718079,44
1290.1756930351257,164
1292.175215959549,164
1292.1754240989685,44
1292.1757130622864,164
1294.175537109375,164
1294.1757860183716,44
1294.1760840415955,164
1296.1755640506744,164
1296.1758630275726,44
1296.1761960983276,164
1298.1759178638458,164
1298.1761939525604,44
1298.1764640808105,164
1300.175938129425,164
1300.1761829853058,44
1300.1764600276947,164
1302.1760830879211,164
1302.1763379573822,44
1302.1766550540924,164
1304.1759259700775,164
1304.1761791706085,44
1304.1764950752258,164
1306.1765480041504,164
1306.1768839359283,44
1306.1771018505096,164
1308.1767508983612,164
1308.1770401000977,44
1308.1773018836975,164
1310.1772701740265,164
1310.1775369644165,44
1310.1778090000153,164
1312.176929950714,164
1312.1771938800812,44
1312.1774880886078,164
1314.1770820617676,164
1314.1773419380188,44
1314.1776390075684,164
1316.1773221492767,164
1316.1775588989258,44
1316.1778481006622,164
1318.1781949996948,164
1318.1784570217133,44
1318.178789138794,164
1320.1776449680328,164
1320.1779041290283,44
1320.1781809329987,164
1322.1775879859924,164
1322.1778540611267,44
1322.1781849861145,164
1324.1777739524841,164
1324.1780109405518,44
1324.1782870292664,164
1326.1778359413147,164
1326.1780610084534,44
1326.1783239841461,164
1328.178015947342,164
1328.17826795578,44
1328.178531885147,164
1330.1786680221558,164
1330.178966999054,44
1330.1792278289795,164
1332.1780428886414,164
1332.1782710552216,44
1332.178524017334,164
1334.1784648895264,164
1334.1787519454956,44
1334.179013967514,164
1336.1785819530487,164
1336.1789219379425,44
1336.1791219711304,164
1338.1794328689575,164
1338.1797029972076,44
1338.1799669265747,164
1340.1796290874481,164
1340.1798961162567,44
1340.1801688671112,164
1342.179095029831,164
1342.1793539524078,44
1342.1796069145203,164
1344.1794230937958,164
1344.1796810626984,44
1344.1799640655518,164
1346.179566860199,164
1346.179836988449,44
1346.180135011673,164
1348.1797320842743,164
1348.1799838542938,44
1348.1802620887756,164
1350.2017929553986,164
1350.2022190093994,44
1350.2026879787445,164
1352.1827640533447,164
1352.1830201148987,44
1352.1832790374756,164
1354.1832098960876,164
1354.1834409236908,44
1354.1836290359497,164
1356.1835570335388,164
1356.1837980747223,44
1356.1840879917145,164
1358.183930158615,164
1358.18421792984,44
1358.184476852417,164
1360.1842460632324,164
1360.184515953064,44
1360.1847739219666,164
1362.184425830841,164
1362.1846890449524,44
1362.1849660873413,164
1364.184147119522,164
1364.1844029426575,44
1364.1847088336945,164
1366.1842858791351,164
1366.1845619678497,44
1366.1848449707031,164
1368.1840479373932,164
1368.1842999458313,44
1368.184551000595,164
1370.1852660179138,164
1370.1855278015137,44
1370.1857900619507,164
1372.1844000816345,164
1372.1846480369568,44
1372.1849029064178,164
1374.184826850891,164
1374.1850740909576,44
1374.1853518486023,164
1376.1847791671753,164
1376.1850390434265,44
1376.1853070259094,164
1378.1878340244293,164
1378.1880929470062,44
1378.1883800029755,164
1380.1855080127716,164
1380.1857600212097,44
1380.1860461235046,164
1382.1847870349884,164
1382.1850578784943,44
1382.1853189468384,164
1384.1852660179138,164
1384.1855189800262,44
1384.185772895813,164
1386.1859059333801,164
1386.1861169338226,44
1386.1864120960236,164
1388.1861879825592,164
1388.1864829063416,44
1388.186726808548,164
1390.1868000030518,164
1390.1870629787445,44
1390.187320947647,164
1392.1857540607452,164
1392.1860399246216,44
1392.186292886734,164
1394.1862370967865,164
1394.1864919662476,44
1394.1867649555206,164
1396.1867258548737,164
1396.1869881153107,44
1396.1872889995575,164
1398.1863729953766,164
1398.1866550445557,44
1398.1869008541107,164
1400.1878159046173,164
1400.1880869865417,44
1400.1883599758148,164
1402.1870379447937,164
1402.1872279644012,44
1402.1874871253967,164
1404.186870098114,164
1404.1871318817139,44
1404.1874089241028,164
1406.1872980594635,164
1406.1874830722809,44
1406.1877210140228,164
1408.187649011612,164
1408.1879060268402,44
1408.1880869865417,164
1410.1887469291687,164
1410.1890170574188,44
1410.1893239021301,164
1412.1874480247498,164
1412.1876730918884,44
1412.1879358291626,164
1414.18825507164,164
1414.1885180473328,44
1414.1888201236725,164
1416.1882469654083,164
1416.1885039806366,44
1416.1888949871063,164
1418.188430070877,164
1418.1887199878693,44
1418.1890189647675,164
1420.1895580291748,164
1420.1898300647736,44
1420.1901190280914,164
1422.1888689994812,164
1422.189073085785,44
1422.189357995987,164
1424.189090013504,164
1424.1893711090088,44
1424.189649105072,164
1426.1891560554504,164
1426.1894159317017,44
1426.1897201538086,164
1428.1890041828156,164
1428.1892108917236,44
1428.189451932907,164
1430.1900599002838,164
1430.1903159618378,44
1430.1905779838562,164
1432.1893088817596,164
1432.1895701885223,44
1432.18980884552,164
1434.1902961730957,164
1434.190565109253,44
1434.1908309459686,164
1436.1903550624847,164
1436.190623998642,44
1436.1908929347992,164
1438.1899528503418,164
1438.19020986557,44
1438.1904668807983,164
1440.1909041404724,164
1440.1911571025848,44
1440.1914489269257,164
1442.190341949463,164
1442.190591096878,44
1442.1909129619598,164
1444.1905598640442,164
1444.1908211708069,44
1444.1910998821259,164
1446.1905810832977,164
1446.1908371448517,44
1446.1911540031433,164
1448.1909799575806,164
1448.1912438869476,44
1448.1915318965912,164
1450.1911470890045,164
1450.1914019584656,44
1450.191692829132,164
1452.1911330223083,164
1452.1913950443268,44
1452.191663980484,164
1454.1916580200195,164
1454.1919589042664,44
1454.1922121047974,164
1456.191488981247,164
1456.191738128662,44
1456.1920268535614,164
1458.1918120384216,164
1458.192059993744,44
1458.1923439502716,164
1460.192487001419,164
1460.1927428245544,44
1460.192997932434,164
1462.1916980743408,164
1462.1919598579407,44
1462.1922099590302,164
1464.1925399303436,164
1464.1928470134735,44
1464.1930918693542,164
1466.1925621032715,164
1466.1928570270538,44
1466.1931450366974,164
1468.1923820972443,164
1468.1925721168518,44
1468.1928269863129,164
1470.1931900978088,164
1470.19344496727,44
1470.1937041282654,164
1472.1928009986877,164
1472.1930928230286,44
1472.1933529376984,164
1474.1930739879608,164
1474.193346977234,44
1474.1936230659485,164
1476.1928300857544,164
1476.1930720806122,44
1476.1933279037476,164
1478.1933040618896,164
1478.1935629844666,44
1478.1938679218292,164
1480.1941277980804,164
1480.1944150924683,44
1480.1946527957916,164
1482.193401813507,164
1482.193666934967,44
1482.1939370632172,164
1484.1940348148346,164
1484.1943190097809,44
1484.1945791244507,164
1486.1936728954315,164
1486.1939339637756,44
1486.1942131519318,164
1488.194368839264,164
1488.1946580410004,44
1488.194927930832,164
1490.1951160430908,164
1490.1953301429749,44
1490.1955938339233,164
1492.1938819885254,164
1492.1941509246826,44
1492.1944060325623,164
1494.1948051452637,164
1494.1950800418854,44
1494.1953480243683,164
1496.1945559978485,164
1496.1947770118713,44
1496.195030927658,164
1498.1952159404755,164
1498.1954870224,44
1498.1957471370697,164
1500.196398973465,164
1500.196692943573,44
1500.1969668865204,164
1502.1954998970032,164
1502.1958820819855,44
1502.1960759162903,164
1504.1955060958862,164
1504.195767879486,44
1504.196052789688,164
1506.1955358982086,164
1506.195806980133,44
1506.1960871219635,164
1508.1956160068512,164
1508.195865869522,44
1508.196130990982,164
1510.195993900299,164
1510.196270942688,44
1510.196564912796,164
1512.1957700252533,164
1512.1960291862488,44
1512.1962859630585,164
1514.1961829662323,164
1514.1964240074158,44
1514.1967041492462,164
1516.1960489749908,164
1516.196300983429,44
1516.1965579986572,164
1518.1967508792877,164
1518.1970329284668,44
1518.1973190307617,164
1520.1973729133606,164
1520.197625875473,44
1520.197890996933,164
1522.1969277858734,164
1522.1971790790558,44
1522.197476863861,164
1524.1966578960419,164
1524.19690990448,44
1524.197189092636,164
1526.1968541145325,164
1526.1971549987793,44
1526.1973960399628,164
1528.1976959705353,164
1528.1979939937592,44
1528.198245048523,164
1530.1980390548706,164
1530.1982951164246,44
1530.1985471248627,164
1532.1973741054535,164
1532.197625875473,44
1532.1978850364685,164
1534.197518825531,164
1534.197781085968,44
1534.198040008545,164
1536.197427034378,164
1536.1977050304413,44
1536.1979541778564,164
1538.1978688240051,164
1538.1981301307678,44
1538.1983859539032,164
1540.1987190246582,164
1540.1990339756012,44
1540.1992959976196,164
1542.1984040737152,164
1542.1986598968506,44
1542.1989660263062,164
1544.1984679698944,164
1544.1986961364746,44
1544.1989979743958,164
1546.1985051631927,164
1546.1987600326538,44
1546.199052810669,164
1548.198781967163,164
1548.1990759372711,44
1548.1993279457092,164
1550.1998810768127,164
1550.2000951766968,44
1550.2003371715546,164
1552.2000358104706,164
1552.200304031372,44
1552.2005779743195,164
1554.1997210979462,164
1554.2000379562378,44
1554.2002730369568,164
1556.1994140148163,164
1556.1996819972992,44
1556.199975013733,164
1558.200073003769,164
1558.2003149986267,44
1558.2005920410156,164
1560.2004599571228,164
1560.2007141113281,44
1560.200970172882,164
1562.1998779773712,164
1562.2001028060913,44
1562.2003679275513,164
1564.200485944748,164
1564.2007689476013,44
1564.201005935669,164
1566.2000758647919,164
1566.2003631591797,44
1566.2006030082703,164
1568.2009830474854,164
1568.2011439800262,44
1568.2013938426971,164
1570.2025620937347,164
1570.2028739452362,44
1570.2030811309814,164
1572.2018778324127,164
1572.2021358013153,44
1572.2024409770966,164
1574.2018320560455,164
1574.2020900249481,44
1574.2023768424988,164
1576.201751947403,164
1576.2020018100739,44
1576.2022569179535,164
1578.2025480270386,164
1578.202808856964,44
1578.2030971050262,164
1580.2029330730438,164
1580.2032070159912,44
1580.2034668922424,164
1582.2022309303284,164
1582.2024719715118,44
1582.2027220726013,164
1584.2028880119324,164
1584.203134059906,44
1584.203407049179,164
1586.2031419277191,164
1586.2033960819244,44
1586.2037630081177,164
1588.2034080028534,164
1588.2036709785461,44
1588.2039439678192,164
1590.2034180164337,164
1590.2036719322205,44
1590.2039630413055,164
1592.2033200263977,164
1592.2035598754883,44
1592.2038249969482,164
1594.203397989273,164
1594.2036299705505,44
1594.2038848400116,164
1596.2039489746094,164
1596.2042078971863,44
1596.2044970989227,164
1598.2039859294891,164
1598.2042679786682,44
1598.2045319080353,164
1600.2044870853424,164
1600.204768896103,44
1600.205022096634,164
1602.2044439315796,164
1602.204705953598,44
1602.204988002777,164
1604.2046220302582,164
1604.2048699855804,44
1604.2051529884338,164
1606.2046790122986,164
1606.2049310207367,44
1606.2052240371704,164
1608.2045938968658,164
1608.2048790454865,44
1608.2051029205322,164
1610.2057480812073,164
1610.2059938907623,44
1610.2062549591064,164
1612.2048799991608,164
1612.2051401138306,44
1612.2053909301758,164
1614.2057130336761,164
1614.2060050964355,44
1614.2062649726868,164
1616.204890012741,164
1616.2051630020142,44
1616.205425977707,164
1618.2059750556946,164
1618.2062721252441,44
1618.206531047821,164
1620.2058160305023,164
1620.2060589790344,44
1620.2063419818878,164
1622.2056839466095,164
1622.205941915512,44
1622.2062120437622,164
1624.2057750225067,164
1624.2060379981995,44
1624.206295967102,164
1626.2061529159546,164
1626.2063879966736,44
1626.2066550254822,164
1628.2064409255981,164
1628.206708908081,44
1628.2069880962372,164
1630.2073819637299,164
1630.207654953003,44
1630.207925081253,164
1632.2063510417938,164
1632.2066090106964,44
1632.2068688869476,164
1634.2068829536438,164
1634.2071158885956,44
1634.2073950767517,164
1636.2066459655762,164
1636.206913948059,44
1636.2071740627289,164
1638.2069408893585,164
1638.2071928977966,44
1638.2074551582336,164
1640.2081789970398,164
1640.2084338665009,44
1640.208692073822,164
1642.2074310779572,164
1642.2076799869537,44
1642.207929134369,164
1644.207405090332,164
1644.2076659202576,44
1644.2079150676727,164
1646.208302974701,164
1646.2085990905762,44
1646.208843946457,164
1648.208270072937,164
1648.208547115326,44
1648.2088329792023,164
1650.2093300819397,164
1650.2095928192139,44
1650.2098739147186,164
1652.2084670066833,164
1652.2087380886078,44
1652.2090389728546,164
1654.2084560394287,164
1654.20867395401,44
1654.2089519500732,164
1656.2095928192139,164
1656.2098450660706,44
1656.2101318836212,164
1658.2088980674744,164
1658.2092039585114,44
1658.2094900608063,164
1660.2094459533691,164
1660.2097220420837,44
1660.2099750041962,164
1662.2095170021057,164
1662.2097980976105,44
1662.2100780010223,164
1664.209331035614,164
1664.209587097168,44
1664.2098848819733,164
1666.2098278999329,164
1666.2101140022278,44
1666.2103729248047,164
1668.2090599536896,164
1668.2093739509583,44
1668.2096319198608,164
1670.2101559638977,164
1670.2105000019073,44
1670.2107260227203,164
1672.2098619937897,164
1672.2100789546967,44
1672.2103278636932,164
1674.2099120616913,164
1674.2101650238037,44
1674.2104148864746,164
1676.2105209827423,164
1676.2107980251312,44
1676.2110760211945,164
1678.2102720737457,164
1678.2105209827423,44
1678.2107779979706,164
1680.2107608318329,164
1680.2110209465027,44
1680.2113120555878,164
1682.211431980133,164
1682.2116951942444,44
1682.2119901180267,164
1684.2112460136414,164
1684.2115330696106,44
1684.211795091629,164
1686.2106320858002,164
1686.210953950882,44
1686.2111599445343,164
1688.211492061615,164
1688.2117760181427,44
1688.2120380401611,164
1690.212289094925,164
1690.2125239372253,44
1690.2127900123596,164
1692.2117700576782,164
1692.212026834488,44
1692.2123079299927,164
1694.2118849754333,164
1694.212140083313,44
1694.212427854538,164
1696.2116541862488,164
1696.2119109630585,44
1696.2121651172638,164
1698.2120928764343,164
1698.21235704422,44
1698.2126438617706,164
1700.2133491039276,164
1700.2136008739471,44
1700.2138528823853,164
1702.2122428417206,164
1702.2124950885773,44
1702.2127451896667,164
1704.2130541801453,164
1704.2132980823517,44
1704.2135608196259,164
1706.2123777866364,164
1706.2126150131226,44
1706.2129061222076,164
1708.2128131389618,164
1708.21311211586,44
1708.213310956955,164
1710.2134981155396,164
1710.213783979416,44
1710.2140460014343,164
1712.2133259773254,164
1712.2136249542236,44
1712.2138741016388,164
1714.2134749889374,164
1714.2137508392334,44
1714.2140290737152,164
1716.2137689590454,164
1716.2140769958496,44
1716.2143461704254,164
1718.213655948639,164
1718.2139248847961,44
1718.2141699790955,164
1720.214234828949,164
1720.2145190238953,44
1720.2147779464722,164
1722.2139220237732,164
1722.2141749858856,44
1722.214437007904,164
1724.2144560813904,164
1724.2147469520569,44
1724.2150259017944,164
1726.2139599323273,164
1726.2142210006714,44
1726.2144739627838,164
1728.2145578861237,164
1728.2148160934448,44
1728.215106010437,164
1730.215264081955,164
1730.2155289649963,44
1730.2157938480377,164
1732.2144598960876,164
1732.2147109508514,44
1732.2149829864502,164
1734.2148900032043,164
1734.2151679992676,44
1734.2153980731964,164
1736.214593887329,164
1736.2149069309235,44
1736.2151250839233,164
1738.2157669067383,164
1738.2160499095917,44
1738.2163140773773,164
1740.2158880233765,164
1740.2161719799042,44
1740.2164239883423,164
1742.2154140472412,164
1742.2156910896301,44
1742.2159848213196,164
1744.2162041664124,164
1744.2165229320526,44
1744.2167739868164,164
1746.2161300182343,164
1746.2164108753204,44
1746.2166740894318,164
1748.2158620357513,164
1748.2161178588867,44
1748.2163960933685,164
1750.2162971496582,164
1750.2165529727936,44
1750.2168328762054,164
1752.2167460918427,164
1752.2170338630676,44
1752.217304944992,164
1754.2164900302887,164
1754.2167599201202,44
1754.2170069217682,164
1756.216598033905,164
1756.2168500423431,44
1756.2171139717102,164
1758.2168300151825,164
1758.2170848846436,44
1758.2173399925232,164
1760.2173759937286,164
1760.2176730632782,44
1760.2179169654846,164
1762.2172420024872,164
1762.2174961566925,44
1762.2177801132202,164
1764.2176630496979,164
1764.2180409431458,44
1764.2182009220123,164
1766.2179679870605,164
1766.218267917633,44
1766.2185051441193,164
1768.2177889347076,164
1768.2179811000824,44
1768.2182550430298,164
1770.2180380821228,164
1770.2183690071106,44
1770.2185859680176,164
1772.2178490161896,164
1772.2181260585785,44
1772.2183740139008,164
1774.2186069488525,164
1774.218945980072,44
1774.2191848754883,164
1776.2185740470886,164
1776.2188291549683,44
1776.2191541194916,164
1778.2186291217804,164
1778.2188730239868,44
1778.2191920280457,164
1780.2191400527954,164
1780.2194278240204,44
1780.219685792923,164
1782.2190160751343,164
1782.219316959381,44
1782.2195961475372,164
1784.2186839580536,164
1784.218938112259,44
1784.2192339897156,164
1786.219568014145,164
1786.2198450565338,44
1786.2201070785522,164
1788.2199430465698,164
1788.2202050685883,44
1788.2204620838165,164
1790.220206975937,164
1790.2204620838165,44
1790.2207200527191,164
1792.2197971343994,164
1792.2200498580933,44
1792.220337152481,164
1794.2200291156769,164
1794.220293045044,44
1794.2205889225006,164
1796.2200951576233,164
1796.2203669548035,44
1796.2206349372864,164
1798.2200391292572,164
1798.2202649116516,44
1798.2205338478088,164
1800.2211339473724,164
1800.2213509082794,44
1800.2216050624847,164
1802.22265791893,164
1802.2228450775146,44
1802.2231349945068,164
1804.2229838371277,164
1804.2232489585876,44
1804.2235159873962,164
1806.224035024643,164
1806.2242929935455,44
1806.2245800495148,164
1808.224200963974,164
1808.224459886551,44
1808.2247540950775,164
1810.2245211601257,164
1810.2248249053955,44
1810.2250769138336,164
1812.223967075348,164
1812.2242360115051,44
1812.2244729995728,164
1814.2244460582733,164
1814.224758863449,44
1814.2249460220337,164
1816.2243461608887,164
1816.2246010303497,44
1816.2248589992523,164
1818.225082874298,164
1818.2253658771515,44
1818.2256400585175,164
1820.2256519794464,164
1820.22589802742,44
1820.226222038269,164
1822.2252640724182,164
1822.2255539894104,44
1822.2257769107819,164
1824.2250881195068,164
1824.2253439426422,44
1824.2256019115448,164
1826.225368976593,164
1826.2256381511688,44
1826.2258899211884,164
1828.2255330085754,164
1828.2257890701294,44
1828.2260489463806,164
1830.2263598442078,164
1830.2266190052032,44
1830.226949930191,164
1832.2259449958801,164
1832.22620511055,44
1832.226490020752,164
1834.2264828681946,164
1834.2267639636993,44
1834.227040052414,164
1836.2261719703674,164
1836.226441860199,44
1836.2267200946808,164
1838.2263178825378,164
1838.2265729904175,44
1838.226814031601,164
1840.2272889614105,164
1840.227550983429,44
1840.2278349399567,164
1842.226968050003,164
1842.2272291183472,44
1842.2275199890137,164
1844.2268109321594,164
1844.2270641326904,44
1844.2273609638214,164
1846.2306830883026,164
1846.230954170227,44
1846.231232881546,164
1848.2304711341858,164
1848.2307488918304,44
1848.2310178279877,164
1850.2310099601746,164
1850.2312669754028,44
1850.2315289974213,164
1852.2303669452667,164
1852.2306370735168,44
1852.2308838367462,164
1854.2306518554688,164
1854.2309119701385,44
1854.2311720848083,164
1856.2306859493256,164
1856.2309410572052,44
1856.231199979782,164
1858.2308769226074,164
1858.2311370372772,44
1858.2313959598541,164
1860.2320370674133,164
1860.2322990894318,44
1860.2325460910797,164
1862.2321121692657,164
1862.2323870658875,44
1862.2326319217682,164
1864.2318539619446,164
1864.2321150302887,44
1864.2323830127716,164
1866.2315890789032,164
1866.2318398952484,44
1866.2321000099182,164
1868.2321121692657,164
1868.2324028015137,44
1868.232663154602,164
1870.232668876648,164
1870.2329258918762,44
1870.2331891059875,164
1872.2323060035706,164
1872.2325711250305,44
1872.2328629493713,164
1874.2327690124512,164
1874.2330811023712,44
1874.233323097229,164
1876.2321391105652,164
1876.2323768138885,44
1876.2326259613037,164
1878.2324211597443,164
1878.2326791286469,44
1878.232933998108,164
1880.2336740493774,164
1880.233922958374,44
1880.2341871261597,164
1882.2328259944916,164
1882.2330951690674,44
1882.233346939087,164
1884.2329528331757,164
1884.2332119941711,44
1884.2334711551666,164
1886.2330839633942,164
1886.2333569526672,44
1886.2336039543152,164
1888.233547925949,164
1888.2338109016418,44
1888.2340989112854,164
1890.234871149063,164
1890.2351999282837,44
1890.2354390621185,164
1892.2332170009613,164
1892.2335121631622,44
1892.2337579727173,164
1894.2344291210175,164
1894.234670162201,44
1894.2349300384521,164
1896.2339169979095,164
1896.2341730594635,44
1896.2344229221344,164
1898.2340598106384,164
1898.234326839447,44
1898.2346069812775,164
1900.235079050064,164
1900.2353339195251,44
1900.2355971336365,164
1902.2347621917725,164
1902.235023021698,44
1902.2353088855743,164
1904.234932899475,164
1904.2351961135864,44
1904.235486984253,164
1906.2353010177612,164
1906.235601902008,44
1906.2358560562134,164
1908.2353150844574,164
1908.2355189323425,44
1908.2358050346375,164
1910.235554933548,164
1910.2358438968658,44
1910.2361071109772,164
1912.2353839874268,164
1912.2356359958649,44
1912.2358779907227,164
1914.2356889247894,164
1914.2359528541565,44
1914.2362220287323,164
1916.2354099750519,164
1916.2356688976288,44
1916.2359309196472,164
1918.236929178238,164
1918.2371909618378,44
1918.2374789714813,164
1920.2363650798798,164
1920.2366471290588,44
1920.236909866333,164
1922.236046075821,164
1922.236298084259,44
1922.236559867859,164
1924.23739695549,164
1924.237645149231,44
1924.2379150390625,164
1926.2377560138702,164
1926.2380130290985,44
1926.2383160591125,164
1928.2374069690704,164
1928.237645149231,44
1928.2378969192505,164
1930.2382481098175,164
1930.2385339736938,44
1930.238816022873,164
1932.2381839752197,164
1932.238450050354,44
1932.238755941391,164
1934.2380559444427,164
1934.2383060455322,44
1934.2385630607605,164
1936.2385470867157,164
1936.238804101944,44
1936.2390999794006,164
1938.238904953003,164
1938.239175081253,44
1938.2395000457764,164
1940.2391121387482,164
1940.2394890785217,44
1940.2396881580353,164
1942.23837018013,164
1942.2386360168457,44
1942.2388999462128,164
1944.2389221191406,164
1944.2392129898071,44
1944.2394590377808,164
1946.239846944809,164
1946.2401061058044,44
1946.2403700351715,164
1948.2395141124725,164
1948.2398099899292,44
1948.240128993988,164
1950.2403590679169,164
1950.2406311035156,44
1950.2408730983734,164
1952.2396168708801,164
1952.2398920059204,44
1952.240149974823,164
1954.241847038269,164
1954.2421131134033,44
1954.2423849105835,164
1956.241963148117,164
1956.2421989440918,44
1956.2424569129944,164
1958.24192404747,164
1958.2421791553497,44
1958.2424371242523,164
1960.2429130077362,164
1960.2431950569153,44
1960.2434358596802,164
1962.2426221370697,164
1962.2428801059723,44
1962.2431678771973,164
1964.2426199913025,164
1964.2428739070892,44
1964.2431528568268,164
1966.242872953415,164
1966.2431409358978,44
1966.243422985077,164
1968.2428579330444,164
1968.2432210445404,44
1968.2433700561523,164
1970.2435479164124,164
1970.2438340187073,44
1970.2441380023956,164
1972.2434151172638,164
1972.2436699867249,44
1972.243959903717,164
1974.2431120872498,164
1974.243371963501,44
1974.243618965149,164
1976.2435250282288,164
1976.2437770366669,44
1976.244031906128,164
1978.2441358566284,164
1978.2444109916687,44
1978.2446711063385,164
1980.2442598342896,164
1980.244518995285,44
1980.2447938919067,164
1982.2443919181824,164
1982.2447140216827,44
1982.2449338436127,164
1984.2442219257355,164
1984.2444801330566,44
1984.2447381019592,164
1986.2449669837952,164
1986.2452330589294,44
1986.2454900741577,164
1988.2445991039276,164
1988.2448570728302,44
1988.2451329231262,164
1990.2450938224792,164
1990.2453711032867,44
1990.2456290721893,164
1992.2461471557617,164
1992.246397972107,44
1992.246680021286,164
1994.2462129592896,164
1994.246465921402,44
1994.2467830181122,164
1996.2463870048523,164
1996.246647119522,44
1996.2469329833984,164
1998.2469339370728,164
1998.2472078800201,44
1998.2474660873413,164
2000.2467551231384,164
2000.247015953064,44
2000.2473080158234,164
2002.2488391399384,164
2002.2490961551666,44
2002.249408006668,164
2004.2468390464783,164
2004.2470910549164,44
2004.247342824936,164
2006.246934890747,164
2006.2471799850464,44
2006.2474310398102,164
2008.2475399971008,164
2008.2478148937225,44
2008.248074054718,164
2010.2481489181519,164
2010.2484090328217,44
2010.2486729621887,164
2012.2476768493652,164
2012.2479131221771,44
2012.2482061386108,164
2014.2480080127716,164
2014.248298883438,44
2014.2485659122467,164
2016.2478840351105,164
2016.2481820583344,44
2016.2484068870544,164
2018.2483830451965,164
2018.2486760616302,44
2018.2489349842072,164
2020.2488391399384,164
2020.2490379810333,44
2020.249295949936,164
2022.2478249073029,164
2022.248113155365,44
2022.248356103897,164
2024.2485358715057,164
2024.2488479614258,44
2024.2490849494934,164
2026.2487139701843,164
2026.2489380836487,44
2026.2492589950562,164
2028.2489109039307,164
2028.2491710186005,44
2028.2494881153107,164
2030.2500500679016,164
2030.250314950943,44
2030.250599861145,164
2032.2489471435547,164
2032.249216079712,44
2032.2494871616364,164
2034.2497749328613,164
2034.2500641345978,44
2034.250324010849,164
2036.2496740818024,164
2036.2499151229858,44
2036.2502009868622,164
2038.2495951652527,164
2038.249848127365,44
2038.2501120567322,164
2040.2502019405365,164
2040.2504260540009,44
2040.2506821155548,164
2042.250195980072,164
2042.250450849533,44
2042.2507390975952,164
2044.2500848770142,164
2044.2503480911255,44
2044.2506079673767,164
2046.2501871585846,164
2046.2504439353943,44
2046.2507059574127,164
2048.250476837158,164
2048.250738143921,44
2048.2510180473328,164
2050.251275062561,164
2050.2515189647675,44
2050.2517881393433,164
2052.251135826111,164
2052.2514259815216,44
2052.25169301033,164
2054.2508461475372,164
2054.251095056534,44
2054.251352787018,164
2056.251307964325,164
2056.251554965973,44
2056.2518401145935,164
2058.251802921295,164
2058.2520549297333,44
2058.2523069381714,164
2060.2519199848175,164
2060.2522060871124,44
2060.252471923828,164
2062.2515211105347,164
2062.2517149448395,44
2062.2519760131836,164
2064.252193927765,164
2064.2524650096893,44
2064.2527470588684,164
2066.2515959739685,164
2066.2518560886383,44
2066.2521209716797,164
2068.2521319389343,164
2068.252371072769,44
2068.252650976181,164
2070.2526857852936,164
2070.2529690265656,44
2070.2532188892365,164
2072.2523210048676,164
2072.2526450157166,44
2072.2528829574585,164
2074.25274515152,164
2074.2530040740967,44
2074.2532980442047,164
2076.2524230480194,164
2076.2527089118958,44
2076.252940893173,164
2078.2529480457306,164
2078.2532348632812,44
2078.253490924835,164
2080.2533779144287,164
2080.253620147705,44
2080.253879070282,164
2082.2532999515533,164
2082.253445148468,44
2082.2536969184875,164
2084.253695011139,164
2084.2539649009705,44
2084.2542231082916,164
2086.253923892975,164
2086.254192829132,44
2086.254448890686,164
2088.255781888962,164
2088.256021976471,44
2088.2563169002533,164
2090.2567620277405,164
2090.2570230960846,44
2090.257280111313,164
2092.25625705719,164
2092.256509065628,44
2092.256820201874,164
2094.256232023239,164
2094.2564668655396,44
2094.2567989826202,164
2096.2563791275024,164
2096.256634950638,44
2096.256912946701,164
2098.2567131519318,164
2098.2569530010223,44
2098.257241010666,164
2100.257059812546,164
2100.257348060608,44
2100.257606983185,164
2102.2567279338837,164
2102.2569630146027,44
2102.2572338581085,164
2104.2565579414368,164
2104.256814956665,44
2104.25706410408,164
2106.257050037384,164
2106.257303953171,44
2106.257565975189,164
2108.2573630809784,164
2108.2576220035553,44
2108.257910966873,164
2110.257936000824,164
2110.2582201957703,44
2110.2584779262543,164
2112.2577879428864,164
2112.257971048355,44
2112.2582578659058,164
2114.258584022522,164
2114.2587609291077,44
2114.259029150009,164
2116.258054971695,164
2116.258318901062,44
2116.258591890335,164
2118.2579050064087,164
2118.258166074753,44
2118.258409023285,164
2120.2589399814606,164
2120.2592051029205,44
2120.2595059871674,164
2122.258162021637,164
2122.2584109306335,44
2122.258667945862,164
2124.2590050697327,164
2124.2592980861664,44
2124.259598016739,164
2126.2588498592377,164
2126.2591149806976,44
2126.2593910694122,164
2128.259097099304,164
2128.2593598365784,44
2128.259689092636,164
2130.2597839832306,164
2130.260027885437,44
2130.2602849006653,164
2132.2590098381042,164
2132.259239912033,44
2132.2595369815826,164
2134.259239912033,164
2134.2595541477203,44
2134.2597918510437,164
2136.259251832962,164
2136.259542942047,44
2136.259819984436,164
2138.2595450878143,164
2138.25981593132,44
2138.2600979804993,164
2140.2603800296783,164
2140.2606830596924,44
2140.2609329223633,164
2142.2602801322937,164
2142.260596036911,44
2142.2608749866486,164
2144.260360956192,164
2144.2606270313263,44
2144.2609100341797,164
2146.2608528137207,164
2146.2611339092255,44
2146.261398077011,164
2148.2607209682465,164
2148.2609758377075,44
2148.2612569332123,164
2150.261162042618,164
2150.261485815048,44
2150.261729955673,164
2152.2605769634247,164
2152.2608330249786,44
2152.2610960006714,164
2154.2612018585205,164
2154.2614500522614,44
2154.261734008789,164
2156.2614278793335,164
2156.261679172516,44
2156.2619829177856,164
2158.261738061905,164
2158.261995077133,44
2158.2622740268707,164
2160.262272119522,164
2160.2625291347504,44
2160.262789964676,164
2162.2619330883026,164
2162.262195110321,44
2162.262489080429,164
2164.262055158615,164
2164.262316942215,44
2164.262598991394,164
2166.262233018875,164
2166.2624871730804,44
2166.2627720832825,164
2168.2622060775757,164
2168.262466907501,44
2168.2627460956573,164
2170.2635049819946,164
2170.263761997223,44
2170.2640709877014,164
2172.263041973114,164
2172.2633140087128,44
2172.2635819911957,164
2174.2632858753204,164
2174.2635509967804,44
2174.2638070583344,164
2176.26278090477,164
2176.2630360126495,44
2176.2632870674133,164
2178.2634460926056,164
2178.2637310028076,44
2178.2640080451965,164
2180.2637219429016,164
2180.263997077942,44
2180.2642579078674,164
2182.2630879879,164
2182.2633390426636,44
2182.26362490654,164
2184.2635159492493,164
2184.2637820243835,44
2184.264049053192,164
2186.263456106186,164
2186.2637178897858,44
2186.2639710903168,164
2188.264575958252,164
2188.2648029327393,44
2188.2650768756866,164
2190.2650389671326,164
2190.265295982361,44
2190.2655820846558,164
2192.264589071274,164
2192.2648758888245,44
2192.265159845352,164
2194.26473402977,164
2194.2650310993195,44
2194.2652759552,164
2196.264667034149,164
2196.2649688720703,44
2196.265208005905,164
2198.264601945877,164
2198.2648701667786,44
2198.265123128891,164
2200.265146970749,164
2200.265433073044,44
2200.2656910419464,164
2202.264904975891,164
2202.265179157257,44
2202.2654180526733,164
2204.265372991562,164
2204.2656490802765,44
2204.2659480571747,164
2206.26530790329,164
2206.265512943268,44
2206.265799999237,164
2208.2652649879456,164
2208.265527009964,44
2208.2657730579376,164
2210.266727924347,164
2210.266995191574,44
2210.2672820091248,164
2212.2660961151123,164
2212.2663519382477,44
2212.2666268348694,164
2214.2656149864197,164
2214.265872001648,44
2214.266121149063,164
2216.2840740680695,164
2216.284514904022,44
2216.28498005867,164
2218.266399860382,164
2218.266660928726,44
2218.2669508457184,164
2220.267410993576,164
2220.2676758766174,44
2220.267976999283,164
2222.266454935074,164
2222.2667050361633,44
2222.266968011856,164
2224.266816854477,164
2224.267107963562,44
2224.267373085022,164
2226.2671658992767,164
2226.2674520015717,44
2226.2677109241486,164
2228.2668731212616,164
2228.2671320438385,44
2228.2673840522766,164
2230.267898082733,164
2230.268145084381,44
2230.268415927887,164
2232.267436981201,164
2232.267699956894,44
2232.2679800987244,164
2234.2674908638,164
2234.2677459716797,44
2234.26801609993,164
2236.2683358192444,164
2236.268614053726,44
2236.2688608169556,164
2238.2677989006042,164
2238.2680599689484,44
2238.268321990967,164
2240.2685849666595,164
2240.26887011528,44
2240.269121170044,164
2242.268658876419,164
2242.2689549922943,44
2242.2692239284515,164
2244.2684779167175,164
2244.2687549591064,44
2244.2690229415894,164
2246.2682428359985,164
2246.268481016159,44
2246.2687430381775,164
2248.268513917923,164
2248.2687759399414,44
2248.2690300941467,164
2250.270327806473,164
2250.2706270217896,44
2250.270891904831,164
2252.269420146942,164
2252.2697269916534,44
2252.270045042038,164
2254.269233942032,164
2254.26948094368,44
2254.269795179367,164
2256.2699019908905,164
2256.2701399326324,44
2256.270395040512,164
2258.269510984421,164
2258.269809961319,44
2258.2701020240784,164
2260.270029067993,164
2260.2703108787537,44
2260.2705659866333,164
2262.270201921463,164
2262.270509004593,44
2262.2707669734955,164
2264.270420074463,164
2264.2707028388977,44
2264.2709839344025,164
2266.2701160907745,164
2266.270364999771,44
2266.270618915558,164
2268.270924091339,164
2268.2712008953094,44
2268.2714400291443,164
2270.271409034729,164
2270.271665096283,44
2270.2719221115112,164
2272.2709629535675,164
2272.2712500095367,44
2272.271520137787,164
2274.2708399295807,164
2274.2710938453674,44
2274.271378993988,164
2276.2712960243225,164
2276.271577835083,44
2276.27188706398,164
2278.271157979965,164
2278.2714121341705,44
2278.2716879844666,164
2280.2718839645386,164
2280.27218914032,44
2280.2723920345306,164
2282.271605014801,164
2282.2718670368195,44
2282.272148132324,164
2284.2713639736176,164
2284.2716269493103,44
2284.2718889713287,164
2286.27175283432,164
2286.2720000743866,44
2286.2722549438477,164
2288.2718489170074,164
2288.27210187912,44
2288.2723569869995,164
2290.2730560302734,164
2290.2733240127563,44
2290.2736089229584,164
2292.272027015686,164
2292.272279024124,44
2292.2725460529327,164
2294.272365093231,164
2294.272614955902,44
2294.2729408740997,164
2296.272516965866,164
2296.2727909088135,44
2296.2730338573456,164
2298.2736990451813,164
2298.2739629745483,44
2298.2742359638214,164
2300.2737607955933,164
2300.274003982544,44
2300.2742578983307,164
2302.2730309963226,164
2302.2732858657837,44
2302.2735719680786,164
2304.2730889320374,164
2304.2733471393585,44
2304.273604154587,164
2306.273623943329,164
2306.273890018463,44
2306.2741870880127,164
2308.2737090587616,164
2308.2739889621735,44
2308.274241924286,164
2310.274442911148,164
2310.274703979492,44
2310.2749829292297,164
2312.2738399505615,164
2312.2740988731384,44
2312.2743508815765,164
2314.273859024048,164
2314.2741210460663,44
2314.274360895157,164
2316.2744998931885,164
2316.2748188972473,44
2316.275045156479,164
2318.2744450569153,164
2318.2746980190277,44
2318.274983882904,164
2320.275454044342,164
2320.275708913803,44
2320.2760140895844,164
2322.2746620178223,164
2322.274922132492,44
2322.275192975998,164
2324.2748000621796,164
2324.275050878525,44
2324.275302886963,164
2326.2747349739075,164
2326.2749910354614,44
2326.2752430438995,164
2328.275370121002,164
2328.275626897812,44
2328.2759149074554,164
2330.276463985443,164
2330.276734828949,44
2330.2770211696625,164
2332.2754168510437,164
2332.2756950855255,44
2332.2759339809418,164
2334.275614976883,164
2334.27588391304,44
2334.2761249542236,164
2336.275764942169,164
2336.2760140895844,44
2336.2762870788574,164
2338.2762541770935,164
2338.276521921158,44
2338.276848077774,164
2340.2762660980225,164
2340.276529073715,44
2340.2767951488495,164
2342.2760219573975,164
2342.2762660980225,44
2342.2765231132507,164
2344.2770669460297,164
2344.277317047119,44
2344.277580022812,164
2346.276780128479,164
2346.277039051056,44
2346.277323961258,164
2348.2769989967346,164
2348.277240037918,44
2348.2775259017944,164
2350.278013944626,164
2350.2782678604126,44
2350.2785470485687,164
2352.2781598567963,164
2352.2784168720245,44
2352.278702020645,164
2354.278610944748,164
2354.278995037079,44
2354.2791640758514,164
2356.2780990600586,164
2356.278366088867,44
2356.2786059379578,164
2358.278888940811,164
2358.2791678905487,44
2358.2794280052185,164
2360.27956199646,164
2360.279870033264,44
2360.2801229953766,164
2362.2796630859375,164
2362.279939889908,44
2362.2802069187164,164
2364.2795689105988,164
2364.279890060425,44
2364.2801480293274,164
2366.280175924301,164
2366.280445098877,44
2366.2807269096375,164
2368.2804589271545,164
2368.280704975128,44
2368.2809970378876,164
2370.2817299365997,164
2370.2819979190826,44
2370.282282114029,164
2372.2815549373627,164
2372.2817981243134,44
2372.2820649147034,164
2374.282408952713,164
2374.282691001892,44
2374.2829451560974,164
2376.2836961746216,164
2376.2839980125427,44
2376.2842688560486,164
2378.283190011978,164
2378.283374071121,44
2378.283632040024,164
2380.284551858902,164
2380.2848060131073,44
2380.285094022751,164
2382.283290863037,164
2382.2836270332336,44
2382.283807992935,164
2384.2837870121,164
2384.28404712677,44
2384.284322977066,164
2386.2842729091644,164
2386.284558057785,44
2386.284816980362,164
2388.284425973892,164
2388.2847180366516,44
2388.2849810123444,164
2390.284630060196,164
2390.2848970890045,44
2390.285171031952,164
2392.284170150757,164
2392.2843668460846,44
2392.2846200466156,164
2394.284632921219,164
2394.284887075424,44
2394.2851750850677,164
2396.284805059433,164
2396.285066843033,44
2396.2853348255157,164
2398.286271095276,164
2398.2865891456604,44
2398.2868309020996,164
2400.2866430282593,164
2400.286896944046,44
2400.2871530056,164
2402.2862508296967,164
2402.2865028381348,44
2402.2867889404297,164
2404.2861959934235,164
2404.2864530086517,44
2404.2867069244385,164
2406.2861330509186,164
2406.2863399982452,44
2406.2866508960724,164
2408.286372900009,164
2408.2866220474243,44
2408.2868909835815,164
2410.287940979004,164
2410.288089990616,44
2410.288435935974,164
2412.287754058838,164
2412.287971019745,44
2412.2881910800934,164
2414.2879400253296,164
2414.288113117218,44
2414.288388967514,164
2416.2877950668335,164
2416.28808093071,44
2416.2883338928223,164
2418.2882981300354,164
2418.288558959961,44
2418.2888219356537,164
2420.2890169620514,164
2420.289297103882,44
2420.2895500659943,164
2422.2898330688477,164
2422.2901108264923,44
2422.290395975113,164
2424.2906811237335,164
2424.2909350395203,44
2424.2911880016327,164
2426.297184944153,164
2426.2975041866302,44
2426.2978460788727,164
2428.2913131713867,164
2428.2914979457855,44
2428.291755914688,164
2430.2920961380005,164
2430.2923500537872,44
2430.2926018238068,164
2432.291389942169,164
2432.291645050049,44
2432.2918989658356,164
2434.2916889190674,164
2434.2919528484344,44
2434.2922508716583,164
2436.2920010089874,164
2436.2923188209534,44
2436.2925560474396,164
2438.2921800613403,164
2438.2924389839172,44
2438.2927811145782,164
2440.292932987213,164
2440.2931938171387,44
2440.293442964554,164
2442.293051958084,164
2442.293313026428,44
2442.2935750484467,164
2444.2938120365143,164
2444.2940559387207,44
2444.294347047806,164
2446.2968559265137,164
2446.297106027603,44
2446.297389984131,164
2448.2958130836487,164
2448.2960729599,44
2448.296329021454,164
2450.2973051071167,164
2450.297569990158,44
2450.2978608608246,164
2452.2960529327393,164
2452.296329975128,44
2452.2965729236603,164
2454.296185016632,164
2454.2964301109314,44
2454.2967019081116,164
2456.2964539527893,164
2456.2966980934143,44
2456.296947002411,164
2458.2969768047333,164
2458.2972569465637,44
2458.297534942627,164
2460.2977480888367,164
2460.297926902771,44
2460.2981901168823,164
2462.2969179153442,164
2462.2971799373627,44
2462.297457933426,164
2464.29686999321,164
2464.2971291542053,44
2464.2974951267242,164
2466.2981419563293,164
2466.298413991928,44
2466.2986600399017,164
2468.297870159149,164
2468.2981560230255,44
2468.298420190811,164
2470.298043012619,164
2470.2983169555664,44
2470.2986080646515,164
2472.2980070114136,164
2472.298266887665,44
2472.2986121177673,164
2474.2985711097717,164
2474.2988250255585,44
2474.299082994461,164
2476.2978711128235,164
2476.2981219291687,44
2476.2983770370483,164
2478.2989439964294,164
2478.2992079257965,44
2478.299477815628,164
2480.29927778244,164
2480.299535036087,44
2480.2997920513153,164
2482.298670053482,164
2482.2989268302917,44
2482.299206018448,164
2484.2984890937805,164
2484.2987451553345,44
2484.2989950180054,164
2486.298710823059,164
2486.298973083496,44
2486.2992107868195,164
2488.2994220256805,164
2488.299679040909,44
2488.299980163574,164
2490.300544977188,164
2490.300805091858,44
2490.301099061966,164
2492.3000988960266,164
2492.300325870514,44
2492.3005809783936,164
2494.300446033478,164
2494.3006720542908,44
2494.300924062729,164
2496.3012149333954,164
2496.301523923874,44
2496.3017699718475,164
2498.300927877426,164
2498.3011870384216,44
2498.30145406723,164
2500.3015439510345,164
2500.3018519878387,44
2500.302083015442,164
2502.301497936249,164
2502.301754951477,44
2502.3020238876343,164
2504.301885843277,164
2504.302167892456,44
2504.302426815033,164
2506.3024768829346,164
2506.3027291297913,44
2506.302990913391,164
2508.3026461601257,164
2508.302948951721,44
2508.303158044815,164
2510.303966999054,164
2510.304226875305,44
2510.3045020103455,164
2512.30317902565,164
2512.303440093994,44
2512.3037209510803,164
2514.3036189079285,164
2514.3038971424103,44
2514.3041410446167,164
2516.3038849830627,164
2516.3041660785675,44
2516.304437160492,164
2518.304267883301,164
2518.3045239448547,44
2518.304795026779,164
2520.3050439357758,164
2520.305307865143,44
2520.3055768013,164
2522.304948091507,164
2522.305212020874,44
2522.3054950237274,164
2524.3055758476257,164
2524.3058528900146,44
2524.3061139583588,164
2526.3056938648224,164
2526.3059871196747,44
2526.3062438964844,164
2528.305510997772,164
2528.305764913559,44
2528.3060491085052,164
2530.3068630695343,164
2530.307156085968,44
2530.3074231147766,164
2532.3065609931946,164
2532.3068170547485,44
2532.307077884674,164
2534.3066189289093,164
2534.306876897812,44
2534.307137966156,164
2536.3069219589233,164
2536.3071749210358,44
2536.3074259757996,164
2538.3076770305634,164
2538.307968854904,44
2538.3082320690155,164
2540.3081669807434,164
2540.308471918106,44
2540.3086791038513,164
2542.308576822281,164
2542.308835029602,44
2542.3091201782227,164
2544.309583902359,164
2544.3097620010376,44
2544.3100550174713,164
2546.309706926346,164
2546.3099710941315,44
2546.310255050659,164
2548.309751033783,164
2548.310030937195,44
2548.310289144516,164
2550.3102090358734,164
2550.310471057892,44
2550.3107359409332,164
2552.309916973114,164
2552.310226917267,44
2552.310472011566,164
2554.310427904129,164
2554.310683965683,44
2554.310935020447,164
2556.3109469413757,164
2556.3112370967865,44
2556.31148481369,164
2558.31054186821,164
2558.3107719421387,44
2558.311014890671,164
2560.311846971512,164
2560.312113046646,44
2560.3123700618744,164
2562.312756061554,164
2562.313017845154,44
2562.313266992569,164
2564.3112428188324,164
2564.311502933502,44
2564.3117508888245,164
2566.311970949173,164
2566.3122589588165,44
2566.3125429153442,164
2568.3125381469727,164
2568.312798023224,44
2568.3130490779877,164
2570.3126418590546,164
2570.3128938674927,44
2570.3131580352783,164
2572.3132791519165,164
2572.3135640621185,44
2572.313824892044,164
2574.3130679130554,164
2574.3133170604706,44
2574.313570022583,164
2576.313220024109,164
2576.31347489357,44
2576.313791036606,164
2578.3137168884277,164
2578.313950061798,44
2578.3142380714417,164
2580.3139939308167,164
2580.31427693367,44
2580.3145270347595,164
2582.315059900284,164
2582.315325021744,44
2582.315588951111,164
2584.3153359889984,164
2584.3156158924103,44
2584.3158740997314,164
2586.315206050873,164
2586.315460920334,44
2586.315750837326,164
2588.3164439201355,164
2588.3167068958282,44
2588.316992998123,164
2590.317044019699,164
2590.3173348903656,44
2590.317598104477,164
2592.317964076996,164
2592.318253993988,44
2592.3185279369354,164
2594.318706035614,164
2594.3189759254456,44
2594.319237947464,164
2596.3191730976105,164
2596.319459915161,44
2596.3197150230408,164
2598.319015979767,164
2598.3192970752716,44
2598.3194999694824,164
2600.3198549747467,164
2600.3201711177826,44
2600.320426940918,164
2602.3194999694824,164
2602.3197541236877,44
2602.3201401233673,164
2604.319671154022,164
2604.3199009895325,44
2604.3202090263367,164
2606.319822072983,164
2606.320137023926,44
2606.320438146591,164
2608.3205790519714,164
2608.320832014084,44
2608.3211019039154,164
2610.3218970298767,164
2610.32217502594,44
2610.3224380016327,164
2612.3210701942444,164
2612.321333885193,44
2612.321568965912,164
2614.321305036545,164
2614.321583032608,44
2614.321813106537,164
2616.321757078171,164
2616.3220291137695,44
2616.322289943695,164
2618.32173705101,164
2618.321962118149,44
2618.322257041931,164
2620.322634935379,164
2620.322895050049,44
2620.323143005371,164
2622.321681022644,164
2622.3219418525696,44
2622.322188138962,164
2624.3222777843475,164
2624.3225371837616,44
2624.3228108882904,164
2626.32248711586,164
2626.3227410316467,44
2626.3230340480804,164
2628.3225350379944,164
2628.3227541446686,44
2628.3230080604553,164
2630.3232951164246,164
2630.323559999466,44
2630.32382106781,164
2632.3227479457855,164
2632.323014974594,44
2632.3232641220093,164
2634.3554079532623,164
2634.355688095093,44
2634.355940103531,164
2636.3499159812927,164
2636.3502099514008,44
2636.3504729270935,164
2638.3503119945526,164
2638.350564956665,44
2638.3508520126343,164
2640.3512461185455,164
2640.3515079021454,44
2640.3517689704895,164
2642.35067486763,164
2642.3509418964386,44
2642.3512139320374,164
2644.350525856018,164
2644.3508019447327,44
2644.3510320186615,164
2646.3512120246887,164
2646.351448059082,44
2646.351735830307,164
2648.351593017578,164
2648.3518810272217,44
2648.352152824402,164
2650.352390050888,164
2650.352651834488,44
2650.3529348373413,164
2652.351916074753,164
2652.352198123932,44
2652.3524560928345,164
2654.3521881103516,164
2654.352380990982,44
2654.3526389598846,164
2656.3515210151672,164
2656.3517599105835,44
2656.3520188331604,164
2658.352133989334,164
2658.352397918701,44
2658.3526871204376,164
2660.352324962616,164
2660.35258102417,44
2660.3529357910156,164
2662.3521060943604,164
2662.352360010147,44
2662.3526170253754,164
2664.3524940013885,164
2664.352720975876,44
2664.3529930114746,164
2666.353173971176,164
2666.3534400463104,44
2666.3537027835846,164
2668.3529529571533,164
2668.3532149791718,44
2668.3535311222076,164
2670.353632926941,164
2670.3538777828217,44
2670.35413813591,164
2672.353204011917,164
2672.353446006775,44
2672.3537299633026,164
2674.3535871505737,164
2674.3538789749146,44
2674.3541491031647,164
2676.3534848690033,164
2676.3537220954895,44
2676.3540019989014,164
2678.3534121513367,164
2678.3536291122437,44
2678.3538649082184,164
2680.354471921921,164
2680.354730129242,44
2680.3549909591675,164
2682.3538970947266,164
2682.354143857956,44
2682.35444188118,164
2684.3547139167786,164
2684.354975938797,44
2684.3552389144897,164
2686.3542380332947,164
2686.3545200824738,44
2686.3547790050507,164
2688.3543899059296,164
2688.3546509742737,44
2688.3549320697784,164
2690.3551371097565,164
2690.3554248809814,44
2690.3556599617004,164
2692.355572938919,164
2692.355833053589,44
2692.356096982956,164
2694.356150865555,164
2694.3564229011536,44
2694.356719017029,164
2696.356031894684,164
2696.3562829494476,44
2696.35653591156,164
2698.356034040451,164
2698.3562920093536,44
2698.3565480709076,164
2700.357279062271,164
2700.357491016388,44
2700.357749938965,164
2702.356554031372,164
2702.3568000793457,44
2702.357080936432,164
2704.3564381599426,164
2704.3567090034485,44
2704.356950044632,164
2706.3569400310516,164
2706.3571920394897,44
2706.3574709892273,164
2708.357200860977,164
2708.357451915741,44
2708.3577358722687,164
2710.3577358722687,164
2710.358001947403,44
2710.35826086998,164
2712.35693192482,164
2712.357192993164,44
2712.3574380874634,164
2714.3575670719147,164
2714.3578259944916,44
2714.3581120967865,164
2716.3576641082764,164
2716.3579239845276,44
2716.358206987381,164
2718.3577439785004,164
2718.35799908638,44
2718.3582379817963,164
2720.3584859371185,164
2720.3587639331818,44
2720.359022140503,164
2722.358054161072,164
2722.358340024948,44
2722.358593940735,164
2724.3582248687744,164
2724.358510017395,44
2724.3588120937347,164
2726.3585679531097,164
2726.358845949173,44
2726.359113931656,164
2728.3587679862976,164
2728.359025001526,44
2728.3593158721924,164
2730.35951089859,164
2730.359789133072,44
2730.3600330352783,164
2732.359318971634,164
2732.3596019744873,44
2732.3598630428314,164
2734.3591680526733,164
2734.3594291210175,44
2734.359706878662,164
2736.35923910141,164
2736.359496116638,44
2736.3597569465637,164
2738.3594300746918,164
2738.359685897827,44
2738.3599450588226,164
2740.3603270053864,164
2740.360587120056,44
2740.360862970352,164
2742.3594357967377,164
2742.3597989082336,44
2742.3599939346313,164
2744.359459877014,164
2744.3597469329834,44
2744.359972000122,164
2746.360647916794,164
2746.3609290122986,44
2746.361191034317,164
2748.3604049682617,164
2748.360664129257,44
2748.3609528541565,164
2750.3612899780273,164
2750.361570119858,44
2750.361815929413,164
2752.3609631061554,164
2752.36119890213,44
2752.3614678382874,164
2754.360990047455,164
2754.361247062683,44
2754.361540079117,164
2756.3611249923706,164
2756.3613810539246,44
2756.3616750240326,164
2758.360930919647,164
2758.3611857891083,44
2758.3614358901978,164
2760.3621230125427,164
2760.3623871803284,44
2760.3626379966736,164
2762.3612129688263,164
2762.3614678382874,44
2762.361718893051,164
2764.3618450164795,164
2764.3621430397034,44
2764.36239695549,164
2766.3614490032196,164
2766.361690044403,44
2766.3619480133057,164
2768.3616240024567,164
2768.3618829250336,44
2768.3621389865875,164
2770.3630278110504,164
2770.3633239269257,44
2770.3635749816895,164
2772.3625071048737,164
2772.3628339767456,44
2772.3630471229553,164
2774.362389087677,164
2774.362641096115,44
2774.362916946411,164
2776.3623130321503,164
2776.362564086914,44
2776.3628170490265,164
2778.362729072571,164
2778.3629870414734,44
2778.363270998001,164
2780.3632550239563,164
2780.363555908203,44
2780.3638141155243,164
2782.362679004669,164
2782.362893819809,44
2782.3631598949432,164
2784.3628339767456,164
2784.3631041049957,44
2784.3633439540863,164
2786.364072084427,164
2786.364336013794,44
2786.3645980358124,164
2788.36368393898,164
2788.3639419078827,44
2788.3642580509186,164
2790.3638730049133,164
2790.3641068935394,44
2790.3643889427185,164
2792.3639130592346,164
2792.3641579151154,44
2792.3644440174103,164
2794.3636429309845,164
2794.3638961315155,44
2794.364154100418,164
2796.364249944687,164
2796.364513158798,44
2796.3648018836975,164
2798.3647739887238,164
2798.3650629520416,44
2798.365322113037,164
2800.36500787735,164
2800.365293979645,44
2800.365539073944,164
2802.3648250102997,164
2802.365093946457,44
2802.3653688430786,164
2804.364778995514,164
2804.365026950836,44
2804.365329027176,164
2806.364833831787,164
2806.365082025528,44
2806.365350961685,164
2808.3646869659424,164
2808.364958047867,44
2808.3652260303497,164
2810.3659369945526,164
2810.366194009781,44
2810.3664479255676,164
2812.3650438785553,164
2812.3653149604797,44
2812.3655529022217,164
2814.3657870292664,164
2814.366052865982,44
2814.3663280010223,164
2816.3656311035156,164
2816.365882873535,44
2816.3661410808563,164
2818.3659451007843,164
2818.3662109375,44
2818.3664791584015,164
2820.36616897583,164
2820.366432905197,44
2820.3667120933533,164
2822.366150856018,164
2822.3664150238037,44
2822.3666620254517,164
2824.366182088852,164
2824.3664360046387,44
2824.366735935211,164
2826.3663980960846,164
2826.366655111313,44
2826.366912126541,164
2828.3672349452972,164
2828.3675220012665,44
2828.3677849769592,164
2830.367630004883,164
2830.3678920269012,44
2830.3681449890137,164
2832.367005109787,164
2832.3672568798065,44
2832.3675079345703,164
2834.3674120903015,164
2834.3676738739014,44
2834.3679559230804,164
2836.3675768375397,164
2836.367830991745,44
2836.3681201934814,164
2838.3674709796906,164
2838.367717027664,44
2838.367973089218,164
2840.3685200214386,164
2840.3687801361084,44
2840.369024991989,164
2842.3679990768433,164
2842.368220090866,44
2842.3685121536255,164
2844.368045091629,164
2844.368324995041,44
2844.3685607910156,164
2846.368066072464,164
2846.368316888809,44
2846.368572950363,164
2848.3689999580383,164
2848.369240999222,44
2848.369509935379,164
2850.369467020035,164
2850.369719982147,44
2850.369997024536,164
2852.370985031128,164
2852.3712701797485,44
2852.371556043625,164
2854.3706619739532,164
2854.370938062668,44
2854.3711659908295,164
2856.371125936508,164
2856.371379137039,44
2856.371663093567,164
2858.371407032013,164
2858.3716678619385,44
2858.3719589710236,164
2860.3721408843994,164
2860.372381925583,44
2860.3726370334625,164
2862.3715369701385,164
2862.3717918395996,44
2862.372167825699,164
2864.371881008148,164
2864.372139930725,44
2864.3724451065063,164
2866.37203001976,164
2866.372288942337,44
2866.3725769519806,164
2868.3718268871307,164
2868.372087955475,44
2868.3723528385162,164
2870.3726019859314,164
2870.372885942459,44
2870.3731310367584,164
2872.3724780082703,164
2872.3727428913116,44
2872.3731079101562,164
2874.3727090358734,164
2874.37295293808,44
2874.3732500076294,164
2876.3731348514557,164
2876.3734259605408,44
2876.373687982559,164
2878.373050928116,164
2878.373314142227,44
2878.373600959778,164
2880.3735630512238,164
2880.3738300800323,44
2880.374083042145,164
2882.3734719753265,164
2882.3738131523132,44
2882.3740000724792,164
2884.37295293808,164
2884.3731961250305,44
2884.3734669685364,164
2886.3735060691833,164
2886.373766899109,44
2886.3740470409393,164
2888.374577999115,164
2888.374848127365,44
2888.3750739097595,164
2890.3746819496155,164
2890.3749730587006,44
2890.375152826309,164
2892.3742640018463,164
2892.3745498657227,44
2892.3748738765717,164
2894.3741800785065,164
2894.374433040619,44
2894.374717950821,164
2896.3743801116943,164
2896.3746089935303,44
2896.374866962433,164
2898.3745880126953,164
2898.3748230934143,44
2898.3751089572906,164
2900.3753871917725,164
2900.3756499290466,44
2900.3759088516235,164
2902.374902009964,164
2902.375162124634,44
2902.375445127487,164
2904.3753221035004,164
2904.3756170272827,44
2904.3758778572083,164
2906.375566005707,164
2906.3758640289307,44
2906.3761179447174,164
2908.375841856003,164
2908.376079082489,44
2908.376347064972,164
2910.376515865326,164
2910.3767709732056,44
2910.377065896988,164
2912.3755679130554,164
2912.3758080005646,44
2912.3760669231415,164
2914.376116037369,164
2914.3764090538025,44
2914.3766770362854,164
2916.375921010971,164
2916.376158952713,44
2916.3764510154724,164
2918.376331090927,164
2918.376605987549,44
2918.376867055893,164
2920.3770608901978,164
2920.3773159980774,44
2920.377596139908,164
2922.3765938282013,164
2922.3767778873444,44
2922.3770668506622,164
2924.376942873001,164
2924.3771810531616,44
2924.377439022064,164
2926.376627922058,164
2926.3768649101257,44
2926.377116918564,164
2928.3771109580994,164
2928.377371072769,44
2928.3776540756226,164
2930.377981901169,164
2930.3782489299774,44
2930.3785140514374,164
2932.377596139908,164
2932.377867937088,44
2932.37824511528,164
2934.3776779174805,164
2934.3779571056366,44
2934.3782300949097,164
2936.377475976944,164
2936.3777239322662,44
2936.3779871463776,164
2938.377895116806,164
2938.378149986267,44
2938.378443002701,164
2940.3806710243225,164
2940.380980014801,44
2940.3812050819397,164
2942.3805499076843,164
2942.3808619976044,44
2942.3810789585114,164
2944.3805301189423,164
2944.3808300495148,44
2944.381093978882,164
2946.3808879852295,164
2946.3811750411987,44
2946.3814210891724,164
2948.3806550502777,164
2948.3809039592743,44
2948.3811950683594,164
2950.3810999393463,164
2950.3813869953156,44
2950.3816380500793,164
2952.380918979645,164
2952.3811728954315,44
2952.381457090378,164
2954.381467819214,164
2954.3817598819733,44
2954.3820221424103,164
2956.381457090378,164
2956.3817460536957,44
2956.382001876831,164
2958.3818910121918,164
2958.3821518421173,44
2958.3824050426483,164
2960.382518053055,164
2960.3827879428864,44
2960.3830859661102,164
2962.3819460868835,164
2962.382238149643,44
2962.382504940033,164
2964.3820371627808,164
2964.3822939395905,44
2964.3825800418854,164
2966.381992816925,164
2966.382241010666,44
2966.3825221061707,164
2968.381809949875,164
2968.382077932358,44
2968.3823239803314,164
2970.38303899765,164
2970.3833150863647,44
2970.38356089592,164
2972.3829910755157,164
2972.3832669258118,44
2972.3835179805756,164
2974.382395029068,164
2974.382673025131,44
2974.3829300403595,164
2976.382970094681,164
2976.3832399845123,44
2976.3835060596466,164
2978.383614063263,164
2978.383852005005,44
2978.384109020233,164
2980.3835711479187,164
2980.3838629722595,44
2980.384110927582,164
2982.383351802826,164
2982.3836040496826,44
2982.3838810920715,164
2984.38330411911,164
2984.383558034897,44
2984.3838078975677,164
2986.384217977524,164
2986.384502887726,44
2986.384737968445,164
2988.3843059539795,164
2988.3845880031586,44
2988.3848490715027,164
2990.3843438625336,164
2990.38463306427,44
2990.384922981262,164
2992.3838930130005,164
2992.3841569423676,44
2992.384404182434,164
2994.3840169906616,164
2994.3842680454254,44
2994.3845291137695,164
2996.384412050247,164
2996.3846578598022,44
2996.384938955307,164
2998.3845551013947,164
2998.3848099708557,44
2998.385090112686,164
3000.385512113571,164
3000.385780096054,44
3000.3860290050507,164
3002.3852939605713,164
3002.385575056076,44
3002.3858489990234,164
3004.3858258724213,164
3004.386090993881,44
3004.3863410949707,164
3006.385652780533,164
3006.3859310150146,44
3006.386204957962,164
3008.3858258724213,164
3008.386085987091,44
3008.3863480091095,164
3010.385869026184,164
3010.386141061783,44
3010.386405944824,164
3012.3854579925537,164
3012.3857300281525,44
3012.3859758377075,164
3014.3854188919067,164
3014.385675907135,44
3014.3859300613403,164
3016.3878359794617,164
3016.3881051540375,44
3016.388360977173,164
3018.388349056244,164
3018.388606071472,44
3018.3888959884644,164
3020.388825893402,164
3020.3891141414642,44
3020.389398097992,164
3022.3883810043335,164
3022.3886280059814,44
3022.3888800144196,164
3024.3885490894318,164
3024.3887650966644,44
3024.3890340328217,164
3026.3889451026917,164
3026.3892619609833,44
3026.3895559310913,164
3028.388999938965,164
3028.389281988144,44
3028.3895359039307,164
3030.3895778656006,164
3030.389865875244,44
3030.39013004303,164
3032.389477968216,164
3032.3897399902344,44
3032.390018939972,164
3034.3897910118103,164
3034.3900849819183,44
3034.3903391361237,164
3036.3897778987885,164
3036.390030145645,44
3036.390314102173,164
3038.390240907669,164
3038.390552997589,44
3038.3908319473267,164
3040.3911719322205,164
3040.391434907913,44
3040.391716003418,164
3042.390470981598,164
3042.390805006027,44
3042.3911139965057,164
3044.3901541233063,164
3044.3904480934143,44
3044.3906869888306,164
3046.3903410434723,164
3046.3906178474426,44
3046.390892982483,164
3048.391168832779,164
3048.391457080841,44
3048.391725063324,164
3050.3914937973022,164
3050.3917520046234,44
3050.3920159339905,164
3052.393280029297,164
3052.3935630321503,44
3052.393826007843,164
3054.393614053726,164
3054.3939168453217,44
3054.394182920456,164
3056.393364906311,164
3056.393620967865,44
3056.3939039707184,164
3058.394007921219,164
3058.394262075424,44
3058.394520044327,164
3060.3945569992065,164
3060.394812107086,44
3060.3951020240784,164
3062.3939969539642,164
3062.394217967987,44
3062.394518852234,164
3064.3937418460846,164
3064.393956899643,44
3064.3942070007324,164
3066.394500017166,164
3066.394791841507,44
3066.395050048828,164
3068.3949179649353,164
3068.3951799869537,44
3068.3954470157623,164
3070.395467042923,164
3070.3957059383392,44
3070.395971059799,164
3072.394775867462,164
3072.3950328826904,44
3072.3953211307526,164
3074.3956451416016,164
3074.395905971527,44
3074.396167039871,164
3076.3951518535614,164
3076.3954260349274,44
3076.395698070526,164
3078.395393848419,164
3078.3956711292267,44
3078.395933866501,164
3080.3957719802856,164
3080.396059989929,44
3080.396286010742,164
3082.3957240581512,164
3082.3960070610046,44
3082.396276950836,164
3084.395843029022,164
3084.396059989929,44
3084.3963220119476,164
3086.3957300186157,164
3086.396027803421,44
3086.3962500095367,164
3088.396028995514,164
3088.396286010742,44
3088.396571159363,164
3090.3968131542206,164
3090.397085905075,44
3090.3973450660706,164
3092.3969061374664,164
3092.3971598148346,44
3092.397472143173,164
3094.3969259262085,164
3094.397208929062,44
3094.3974480628967,164
3096.3970670700073,164
3096.397356033325,44
3096.397593021393,164
3098.3978309631348,164
3098.3980848789215,44
3098.398376941681,164
3100.3985710144043,164
3100.398829936981,44
3100.399095058441,164
3102.3979330062866,164
3102.3981919288635,44
3102.398456096649,164
3104.398407936096,164
3104.398656129837,44
3104.3989419937134,164
3106.3986229896545,164
3106.3988959789276,44
3106.399160861969,164
3108.3996770381927,164
3108.3999400138855,44
3108.400213956833,164
3110.400085926056,164
3110.4003908634186,44
3110.4006519317627,164
3112.399843931198,164
3112.4000980854034,44
3112.400370121002,164
3114.4001529216766,164
3114.400412082672,44
3114.400745153427,164
3116.4005789756775,164
3116.400892019272,44
3116.4011418819427,164
3118.400959968567,164
3118.4012248516083,44
3118.4014999866486,164
3120.401382923126,164
3120.4016439914703,44
3120.40189909935,164
3122.401530981064,164
3122.401797056198,44
3122.402060031891,164
3124.401612997055,164
3124.401866912842,44
3124.4021470546722,164
3126.4016349315643,164
3126.4018568992615,44
3126.402102947235,164
3128.4024951457977,164
3128.402783870697,44
3128.403048992157,164
3130.4031381607056,164
3130.40341091156,44
3130.4036660194397,164
3132.4029290676117,164
3132.4032130241394,44
3132.403477907181,164
3134.4037408828735,164
3134.4040060043335,44
3134.4043040275574,164
3136.4036650657654,164
3136.4039289951324,44
3136.4041900634766,164
3138.4043090343475,164
3138.4046070575714,44
3138.404947042465,164
3140.4048590660095,164
3140.405107975006,44
3140.405366897583,164
3142.4043340682983,164
3142.404580116272,44
3142.404855966568,164
3144.4047820568085,164
3144.405059814453,44
3144.4053239822388,164
3146.4054729938507,164
3146.4057290554047,44
3146.4059879779816,164
3148.4059500694275,164
3148.4062061309814,44
3148.406492948532,164
3150.40665102005,164
3150.4069278240204,44
3150.4071760177612,164
3152.4061670303345,164
3152.4064178466797,44
3152.4067080020905,164
3154.4068319797516,164
3154.407068014145,44
3154.407327890396,164
3156.4071469306946,164
3156.407392024994,44
3156.407660961151,164
3158.408751010895,164
3158.4090061187744,44
3158.4092910289764,164
3160.4091291427612,164
3160.409425020218,44
3160.4096801280975,164
3162.4091799259186,164
3162.409465074539,44
3162.409732103348,164
3164.409327983856,164
3164.4095969200134,44
3164.4098629951477,164
3166.409721136093,164
3166.4100210666656,44
3166.4102630615234,164
3168.4097480773926,164
3168.410024881363,44
3168.4103140830994,164
3170.4104030132294,164
3170.4106669425964,44
3170.4109711647034,164
3172.409821987152,164
3172.4100711345673,44
3172.4103820323944,164
3174.410118818283,164
3174.4104290008545,44
3174.4106860160828,164
3176.4100258350372,164
3176.410276889801,44
3176.4105710983276,164
3178.4102971553802,164
3178.4105689525604,44
3178.41086602211,164
3180.411998987198,164
3180.41224694252,44
3180.412518978119,164
3182.4117419719696,164
3182.4120569229126,44
3182.4123108386993,164
3184.4115159511566,164
3184.411770105362,44
3184.412024974823,164
3186.4122099876404,164
3186.412488937378,44
3186.4127559661865,164
3188.4120140075684,164
3188.4122478961945,44
3188.412526845932,164
3190.413258075714,164
3190.4134559631348,44
3190.413738965988,164
3192.412300825119,164
3192.4125640392303,44
3192.4128358364105,164
3194.413425922394,164
3194.4136819839478,44
3194.41393494606,164
3196.41295003891,164
3196.4132277965546,44
3196.413493871689,164
3198.414479970932,164
3198.4147469997406,44
3198.415013074875,164
3200.4140429496765,164
3200.4142940044403,44
3200.414568901062,164
3202.414517879486,164
3202.414808034897,44
3202.415060043335,164
3204.414699077606,164
3204.4149680137634,44
3204.4152240753174,164
3206.41481590271,164
3206.4151561260223,44
3206.4153509140015,164
3208.4153439998627,164
3208.4156079292297,44
3208.4158561229706,164
3210.4164230823517,164
3210.4166650772095,44
3210.416965007782,164
3212.416156053543,164
3212.4164140224457,44
3212.416699886322,164
3214.4171121120453,164
3214.4173848629,44
3214.4176568984985,164
3216.4169578552246,164
3216.4172129631042,44
3216.4174699783325,164
3218.417114019394,164
3218.417379140854,44
3218.4175980091095,164
3220.417650938034,164
3220.4179050922394,44
3220.418184041977,164
3222.4241049289703,164
3222.4244871139526,44
3222.424763917923,164
3224.4181830883026,164
3224.4184029102325,44
3224.418687105179,164
3226.4184839725494,164
3226.418776035309,44
3226.419049978256,164
3228.4185178279877,164
3228.418787956238,44
3228.419056892395,164
3230.4198570251465,164
3230.4201509952545,44
3230.420399904251,164
3232.419520139694,164
3232.4197909832,44
3232.4200599193573,164
3234.42129611969,164
3234.4215688705444,44
3234.4218339920044,164
3236.4206371307373,164
3236.420956134796,44
3236.4212069511414,164
3238.420814037323,164
3238.421096086502,44
3238.421341896057,164
3240.427391052246,164
3240.427714109421,44
3240.428058862686,164
3242.4220230579376,164
3242.4222509860992,44
3242.422523021698,164
3244.421607017517,164
3244.4218621253967,44
3244.422159910202,164
3246.422019004822,164
3246.4223108291626,44
3246.4225990772247,164
3248.422201871872,164
3248.422488927841,44
3248.4228279590607,164
3250.4228019714355,164
3250.4230830669403,44
3250.423313140869,164
3252.4225749969482,164
3252.422870159149,44
3252.4231131076813,164
3254.422945022583,164
3254.4232079982758,44
3254.4234449863434,164
3256.423355102539,164
3256.4236278533936,44
3256.4238748550415,164
3258.423630952835,164
3258.423866033554,44
3258.424124956131,164
3260.4250149726868,164
3260.42525100708,44
3260.425525903702,164
3262.424551010132,164
3262.4248220920563,44
3262.4250819683075,164
3264.424882888794,164
3264.425145149231,44
3264.425402879715,164
3266.424801826477,164
3266.425089120865,44
3266.425355911255,164
3268.425668001175,164
3268.4259259700775,44
3268.426218032837,164
3270.425880908966,164
3270.426138162613,44
3270.426417827606,164
3272.425808906555,164
3272.426062107086,44
3272.4263229370117,164
3274.439645051956,164
3274.439975976944,44
3274.4402871131897,164
3276.433385848999,164
3276.43359708786,44
3276.433879137039,164
3278.4333879947662,164
3278.433660030365,44
3278.4339349269867,164
3280.4342238903046,164
3280.4344830513,44
3280.434746026993,164
3282.433830022812,164
3282.4340550899506,44
3282.4343390464783,164
3284.4338779449463,164
3284.4340879917145,44
3284.434340953827,164
3286.4340839385986,164
3286.434327840805,44
3286.43461894989,164
3288.4344108104706,164
3288.43465590477,44
3288.4349188804626,164
3290.4348950386047,164
3290.4351539611816,44
3290.435401916504,164
3292.4343700408936,164
3292.434628009796,44
3292.4348809719086,164
3294.4348249435425,164
3294.435089111328,44
3294.435366868973,164
3296.434793949127,164
3296.4350550174713,44
3296.435350894928,164
3298.4350509643555,164
3298.4353098869324,44
3298.43559384346,164
3300.435909986496,164
3300.4361069202423,44
3300.4363780021667,164
3302.4359068870544,164
3302.436180114746,44
3302.4364359378815,164
3304.435855150223,164
3304.436145067215,44
3304.4363899230957,164
3306.4353268146515,164
3306.4355850219727,44
3306.4358479976654,164
3308.435971021652,164
3308.4362149238586,44
3308.436501979828,164
3310.436578989029,164
3310.4368381500244,44
3310.43709397316,164
3312.436154127121,164
3312.4364109039307,44
3312.4367010593414,164
3314.4367060661316,164
3314.43700504303,44
3314.4372701644897,164
3316.437268972397,164
3316.4375338554382,44
3316.437798023224,164
3318.43629693985,164
3318.4365589618683,44
3318.4368240833282,164
3320.437390089035,164
3320.437654018402,44
3320.437926054001,164
3322.437124967575,164
3322.4373848438263,44
3322.4376809597015,164
3324.436954021454,164
3324.4371910095215,44
3324.4374480247498,164
3326.4375920295715,164
3326.437889099121,44
3326.438164949417,164
3328.437443971634,164
3328.4377789497375,44
3328.43798494339,164
3330.438283920288,164
3330.438565969467,44
3330.438824892044,164
3332.4374120235443,164
3332.4377059936523,44
3332.4380209445953,164
3334.438082933426,164
3334.4383330345154,44
3334.4386460781097,164
3336.4380769729614,164
3336.43833899498,44
3336.438616991043,164
3338.4385149478912,164
3338.4388229846954,44
3338.439064979553,164
3340.438822031021,164
3340.439108848572,44
3340.439390897751,164
3342.4386348724365,164
3342.4388859272003,44
3342.4391810894012,164
3344.4393758773804,164
3344.439616918564,44
3344.439872980118,164
3346.4399139881134,164
3346.4401750564575,44
3346.4404571056366,164
3348.440102815628,164
3348.4403479099274,44
3348.4406259059906,164
3350.4404480457306,164
3350.440714120865,44
3350.4410700798035,164
3352.440432071686,164
3352.4406881332397,44
3352.4410121440887,164
3354.440577030182,164
3354.440863132477,44
3354.4411659240723,164
3356.440589904785,164
3356.4408650398254,44
3356.441174030304,164
3358.440983057022,164
3358.4412660598755,44
3358.4415588378906,164
3360.441696166992,164
3360.4419598579407,44
3360.442202806473,164
3362.441349029541,164
3362.4416069984436,44
3362.441904067993,164
3364.4413640499115,164
3364.441500902176,44
3364.4418148994446,164
3366.4415159225464,164
3366.44176697731,44
3366.442059993744,164
3368.441883087158,164
3368.4421620368958,44
3368.4424319267273,164
3370.442447900772,164
3370.442727804184,44
3370.4429709911346,164
3372.4420881271362,164
3372.4423439502716,44
3372.442634820938,164
3374.442638158798,164
3374.442868947983,44
3374.443114042282,164
3376.442617893219,164
3376.4428951740265,44
3376.4431500434875,164
3378.443339109421,164
3378.443614959717,44
3378.4438560009003,164
3380.444447994232,164
3380.444671154022,44
3380.444904088974,164
3382.4433879852295,164
3382.4436988830566,44
3382.4439120292664,164
3384.4443740844727,164
3384.4446938037872,44
3384.444887161255,164
3386.444776058197,164
3386.445097923279,44
3386.445293903351,164
3388.4451410770416,164
3388.44539809227,44
3388.445724964142,164
3390.445503950119,164
3390.445787191391,44
3390.446058034897,164
3392.445305109024,164
3392.4455709457397,44
3392.445832967758,164
3394.4464268684387,164
3394.44664812088,44
3394.447026014328,164
3396.446114063263,164
3396.4463748931885,44
3396.4466688632965,164
3398.4472239017487,164
3398.447480916977,44
3398.447804927826,164
3400.447685956955,164
3400.447977781296,44
3400.448238134384,164
3402.447154045105,164
3402.447450876236,44
3402.4477241039276,164
3404.448173046112,164
3404.448454141617,44
3404.4487018585205,164
3406.4480929374695,164
3406.4483819007874,44
3406.448643922806,164
3408.447813987732,164
3408.4480340480804,44
3408.4482929706573,164
3410.4495689868927,164
3410.4498898983,44
3410.450124025345,164
3412.4484889507294,164
3412.448750972748,44
3412.449033021927,164
3414.448564052582,164
3414.4488201141357,44
3414.4491169452667,164
3416.449079990387,164
3416.4493401050568,44
3416.4495899677277,164
3418.4493930339813,164
3418.4496381282806,44
3418.4499180316925,164
3420.45126414299,164
3420.4515669345856,44
3420.4518229961395,164
3422.4504778385162,164
3422.4508199691772,44
3422.4510560035706,164
3424.4501481056213,164
3424.4503848552704,44
3424.4506130218506,164
3426.4509041309357,164
3426.451204061508,44
3426.45147895813,164
3428.45081782341,164
3428.4511301517487,44
3428.451411962509,164
3430.4521069526672,164
3430.4523990154266,44
3430.452665090561,164
3432.4516940116882,164
3432.451940059662,44
3432.4521989822388,164
3434.452090024948,164
3434.452351808548,44
3434.452642917633,164
3436.452152967453,164
3436.4523952007294,44
3436.4526381492615,164
3438.4528391361237,164
3438.4531099796295,44
3438.453367948532,164
3440.453835964203,164
3440.45415186882,44
3440.454416036606,164
3442.453943967819,164
3442.454113960266,44
3442.454409837723,164
3444.4534850120544,164
3444.4537320137024,44
3444.4539840221405,164
3446.4540140628815,164
3446.4542858600616,44
3446.4545249938965,164
3448.454397916794,164
3448.45467209816,44
3448.4549357891083,164
3450.455399990082,164
3450.4556169509888,44
3450.455857038498,164
3452.4547669887543,164
3452.4550528526306,44
3452.4553079605103,164
3454.4561858177185,164
3454.45645403862,44
3454.4567098617554,164
3456.4553940296173,164
3456.4557061195374,44
3456.455950975418,164
3458.455889940262,164
3458.4561419487,44
3458.4563930034637,164
3460.457135915756,164
3460.4573891162872,44
3460.457736968994,164
3462.45650100708,164
3462.4567410945892,44
3462.4569630622864,164
3464.456713914871,164
3464.456995010376,44
3464.4572439193726,164
3466.4574689865112,164
3466.4577000141144,44
3466.4579980373383,164
3468.4578890800476,164
3468.458167076111,44
3468.4584300518036,164
3470.4591801166534,164
3470.4594728946686,44
3470.459748983383,164
3472.4586040973663,164
3472.458829164505,44
3472.4590678215027,164
3474.4799160957336,164
3474.480367898941,44
3474.4808461666107,164
3476.460531949997,164
3476.4607830047607,44
3476.461085796356,164
3478.460681915283,164
3478.460947036743,44
3478.461292028427,164
3480.4623460769653,164
3480.4625680446625,44
3480.4628250598907,164
3482.462234020233,164
3482.4625239372253,44
3482.4628009796143,164
3484.462332010269,164
3484.4626410007477,44
3484.4628801345825,164
3486.462751865387,164
3486.4630179405212,44
3486.4632790088654,164
3488.4620418548584,164
3488.4623169898987,44
3488.462562084198,164
3490.4632070064545,164
3490.463460922241,44
3490.4637200832367,164
3492.462893009186,164
3492.463143825531,44
3492.4634330272675,164
3494.4628250598907,164
3494.4630749225616,44
3494.4633359909058,164
3496.4631049633026,164
3496.463357925415,44
3496.4636471271515,164
3498.4636380672455,164
3498.4639139175415,44
3498.4641840457916,164
3500.464334964752,164
3500.464584827423,44
3500.464826822281,164
3502.463632106781,164
3502.4638979434967,44
3502.4641790390015,164
3504.4640090465546,164
3504.464297056198,44
3504.4645631313324,164
3506.464079141617,164
3506.4643709659576,44
3506.4646410942078,164
3508.4644541740417,164
3508.4647328853607,44
3508.4650189876556,164
3510.465658903122,164
3510.4659621715546,44
3510.4662079811096,164
3512.4654819965363,164
3512.4657340049744,44
3512.4660229682922,164
3514.466875076294,164
3514.4671528339386,44
3514.4674129486084,164
3516.4666640758514,164
3516.4669189453125,44
3516.467220067978,164
3518.466798067093,164
3518.467060804367,44
3518.4673278331757,164
3520.4674060344696,164
3520.4677159786224,44
3520.46795296669,164
3522.4671080112457,164
3522.467386007309,44
3522.4676311016083,164
3524.4673070907593,164
3524.4675579071045,44
3524.4678370952606,164
3526.466850042343,164
3526.4671590328217,44
3526.46737909317,164
3528.467787027359,164
3528.4680211544037,44
3528.468313932419,164
3530.4685249328613,164
3530.4687790870667,44
3530.4690408706665,164
3532.4678490161896,164
3532.468216896057,44
3532.4683949947357,164
3534.4681811332703,164
3534.4684381484985,44
3534.4687221050262,164
3536.469025850296,164
3536.469300031662,44
3536.4695541858673,164
3538.4698889255524,164
3538.47016787529,44
3538.4704711437225,164
3540.4703891277313,164
3540.4706540107727,44
3540.4709420204163,164
3542.469501018524,164
3542.469757080078,44
3542.4700169563293,164
3544.4728779792786,164
3544.473125934601,44
3544.4733879566193,164
3546.4730961322784,164
3546.473356962204,44
3546.4736428260803,164
3548.473342895508,164
3548.4736120700836,44
3548.4738960266113,164
3550.474502801895,164
3550.4747779369354,44
3550.4750599861145,164
3552.473690032959,164
3552.473953962326,44
3552.4742951393127,164
3554.473790884018,164
3554.4740579128265,44
3554.474334001541,164
3556.473953962326,164
3556.4742069244385,44
3556.474490880966,164
3558.4744160175323,164
3558.47469997406,44
3558.4749579429626,164
3560.4751801490784,164
3560.475445985794,44
3560.475700855255,164
3562.4742801189423,164
3562.474539041519,44
3562.47479391098,164
3564.4747869968414,164
3564.47509098053,44
3564.4753301143646,164
3566.474550008774,164
3566.4748210906982,44
3566.4750759601593,164
3568.4750130176544,164
3568.4752600193024,44
3568.475545167923,164
3570.4757928848267,164
3570.4760711193085,44
3570.4762949943542,164
3572.474993944168,164
3572.475247144699,44
3572.4755041599274,164
3574.4748108386993,164
3574.475080013275,44
3574.4753301143646,164
3576.4753000736237,164
3576.475564956665,44
3576.4758598804474,164
3578.475862979889,164
3578.4761419296265,44
3578.4764499664307,164
3580.476799964905,164
3580.477033853531,44
3580.477313041687,164
3582.476527929306,164
3582.47682595253,44
3582.477052927017,164
3584.476984024048,164
3584.477240085602,44
3584.4774889945984,164
3586.4772930145264,164
3586.4775519371033,44
3586.4778277873993,164
3588.477460861206,164
3588.4777131080627,44
3588.4779629707336,164
3590.478208065033,164
3590.478487968445,44
3590.4787719249725,164
3592.4780309200287,164
3592.478348016739,44
3592.478672027588,164
3594.4787061214447,164
3594.4789760112762,44
3594.479218006134,164
3596.4791390895844,164
3596.479374885559,44
3596.479635953903,164
3598.4790971279144,164
3598.479372024536,44
3598.479654073715,164
3600.4799230098724,164
3600.4801909923553,44
3600.4804499149323,164
3602.479504108429,164
3602.4797539711,44
3602.4800188541412,164
3604.479809999466,164
3604.480087041855,44
3604.4803371429443,164
3606.4803009033203,164
3606.480581998825,44
3606.480840921402,164
3608.4804451465607,164
3608.4807529449463,44
3608.4809980392456,164
3610.482241868973,164
3610.482511997223,44
3610.4827909469604,164
3612.4814059734344,164
3612.4816620349884,44
3612.4819309711456,164
3614.4822528362274,164
3614.4825098514557,44
3614.4827678203583,164
3616.4817621707916,164
3616.482022047043,44
3616.4822568893433,164
3618.4824709892273,164
3618.482731103897,44
3618.4829919338226,164
3620.48290514946,164
3620.4831640720367,44
3620.483428955078,164
3622.4827740192413,164
3622.4830560684204,44
3622.483309030533,164
3624.483640909195,164
3624.4839358329773,44
3624.484162092209,164
3626.484163045883,164
3626.484389066696,44
3626.4846379756927,164
3628.484351873398,164
3628.4846210479736,44
3628.484885931015,164
3630.484997987747,164
3630.485256910324,44
3630.4855349063873,164
3632.4841980934143,164
3632.484457015991,44
3632.4847559928894,164
3634.48530292511,164
3634.485557079315,44
3634.485897064209,164
3636.4847939014435,164
3636.485077857971,44
3636.485382080078,164
3638.4854028224945,164
3638.4856429100037,44
3638.4859099388123,164
3640.486615896225,164
3640.4868891239166,44
3640.4871277809143,164
3642.4862060546875,164
3642.4864871501923,44
3642.4868071079254,164
3644.48685503006,164
3644.4871089458466,44
3644.4873678684235,164
3646.486892938614,164
3646.487160921097,44
3646.4874188899994,164
3648.48712682724,164
3648.487396001816,44
3648.487651824951,164
3650.4888479709625,164
3650.4891188144684,44
3650.489385843277,164
3652.4878129959106,164
3652.488056898117,44
3652.4883778095245,164
3654.4878668785095,164
3654.4880990982056,44
3654.488417863846,164
3656.488555908203,164
3656.48881316185,44
3656.48907995224,164
3658.4891130924225,164
3658.4893758296967,44
3658.4896409511566,164
3660.489804983139,164
3660.4900598526,44
3660.490315914154,164
3662.4893550872803,164
3662.4896659851074,44
3662.489907979965,164
3664.4903168678284,164
3664.4906079769135,44
3664.490880012512,164
3666.490334033966,164
3666.4906129837036,44
3666.490875005722,164
3668.4903070926666,164
3668.4906809329987,44
3668.490849018097,164
3670.4911551475525,164
3670.4914689064026,44
3670.49183011055,164
3672.491030931473,164
3672.491312980652,44
3672.491602897644,164
3674.496260881424,164
3674.4965550899506,44
3674.49680185318,164
3676.4965040683746,164
3676.496754169464,44
3676.497015953064,164
3678.496150970459,164
3678.496433019638,44
3678.496740102768,164
3680.4971108436584,164
3680.4973900318146,44
3680.4976739883423,164
3682.496559858322,164
3682.4968609809875,44
3682.4971148967743,164
3684.4961891174316,164
3684.49645280838,44
3684.496714115143,164
3686.496085882187,164
3686.4963479042053,44
3686.4966039657593,164
3688.496852874756,164
3688.4971129894257,44
3688.497400999069,164
3690.4973928928375,164
3690.497659921646,44
3690.497918844223,164
3692.4974608421326,164
3692.49773812294,44
3692.4980008602142,164
3694.4975769519806,164
3694.4978818893433,44
3694.4981269836426,164
3696.4971120357513,164
3696.4973838329315,44
3696.4976329803467,164
3698.497505903244,164
3698.4977560043335,44
3698.498048067093,164
3700.498198032379,164
3700.49844789505,44
3700.4987189769745,164
3702.497565984726,164
3702.4978370666504,44
3702.498113155365,164
3704.4981961250305,164
3704.4984679222107,44
3704.4987239837646,164
3706.4983179569244,164
3706.4985840320587,44
3706.4988400936127,164
3708.4985358715057,164
3708.498822927475,44
3708.4990961551666,164
3710.4991688728333,164
3710.4994311332703,44
3710.4996778964996,164
3712.4985721111298,164
3712.498845100403,44
3712.499109983444,164
3714.4990470409393,164
3714.4993391036987,44
3714.4996140003204,164
3716.498986005783,164
3716.499258041382,44
3716.4995279312134,164
3718.499256134033,164
3718.4995279312134,44
3718.499838113785,164
3720.4999248981476,164
3720.500168800354,44
3720.50044298172,164
3722.4999051094055,164
3722.5001769065857,44
3722.500473022461,164
3724.4993419647217,164
3724.49959897995,44
3724.499857902527,164
3726.499883890152,164
3726.5001158714294,44
3726.5004069805145,164
3728.5001649856567,164
3728.50044798851,44
3728.5007169246674,164
3730.500958919525,164
3730.5012249946594,44
3730.501524925232,164
3732.5014090538025,164
3732.5016889572144,44
3732.501984834671,164
3734.5011270046234,164
3734.5014259815216,44
3734.501702785492,164
3736.5016939640045,164
3736.5019450187683,44
3736.5022418498993,164
3738.5020821094513,164
3738.5023608207703,44
3738.5026230812073,164
3740.50230884552,164
3740.50257897377,44
3740.502865076065,164
3742.5016510486603,164
3742.501900911331,44
3742.5021641254425,164
3744.5022690296173,164
3744.502557039261,44
3744.5028400421143,164
3746.5027239322662,164
3746.50302195549,44
3746.5032711029053,164
3748.503098964691,164
3748.5033609867096,44
3748.5036380290985,164
3750.5040221214294,164
3750.5043160915375,44
3750.5045630931854,164
3752.5039579868317,164
3752.5041489601135,44
3752.504448890686,164
3754.5043301582336,164
3754.504606962204,44
3754.5048809051514,164
3756.504804134369,164
3756.505084991455,44
3756.505318880081,164
3758.5049920082092,164
3758.505249977112,44
3758.5055060386658,164
3760.505215883255,164
3760.5054800510406,44
3760.5057561397552,164
3762.5057311058044,164
3762.5059990882874,44
3762.5062758922577,164
3764.5059599876404,164
3764.5061979293823,44
3764.5064799785614,164
3766.5058999061584,164
3766.506150007248,44
3766.506408929825,164
3768.5063540935516,164
3768.5066170692444,44
3768.506886959076,164
3770.507516860962,164
3770.507766008377,44
3770.5080630779266,164
3772.5074820518494,164
3772.507742881775,44
3772.508015871048,164
3774.5070419311523,164
3774.507331132889,44
3774.507604122162,164
3776.50795006752,164
3776.5081930160522,44
3776.508481025696,164
3778.5078580379486,164
3778.50812292099,44
3778.508467912674,164
3780.5088210105896,164
3780.5090930461884,44
3780.5093438625336,164
3782.5082399845123,164
3782.5084800720215,44
3782.508754968643,164
3784.508996963501,164
3784.5092589855194,44
3784.5095131397247,164
3786.5096991062164,164
3786.509959936142,44
3786.5102410316467,164
3788.5096249580383,124
3788.509880065918,44
3788.5101461410522,124
3790.510344982147,164
3790.510642051697,44
3790.510885953903,164
3792.510325908661,164
3792.5105559825897,44
3792.510838985443,164
3794.510325908661,164
3794.5105741024017,44
3794.5108819007874,164
3796.510288000107,164
3796.510543823242,44
3796.5108230113983,164
3798.511127948761,164
3798.511414051056,44
3798.511698961258,164
3800.512617826462,164
3800.5129210948944,44
3800.5131731033325,164
3802.5119230747223,164
3802.51220202446,44
3802.5124740600586,164
3804.512300014496,164
3804.512531042099,44
3804.5128469467163,164
3806.512682914734,164
3806.512983083725,44
3806.5132460594177,164
3808.5132069587708,164
3808.5134570598602,44
3808.5137169361115,164
3810.5138609409332,164
3810.514147043228,44
3810.514436006546,164
3812.5134398937225,164
3812.513674020767,44
3812.5139620304108,164
3814.5136439800262,164
3814.513916015625,44
3814.5141479969025,164
3816.5142221450806,164
3816.5144488811493,44
3816.5147230625153,164
3818.514923095703,164
3818.5151720046997,44
3818.5154299736023,164
3820.515079975128,164
3820.5153489112854,44
3820.5155971050262,164
3822.5149099826813,164
3822.515147924423,44
3822.5153710842133,164
3824.515632867813,164
3824.5158960819244,44
3824.516154050827,164
3826.515827894211,164
3826.5160989761353,44
3826.51638007164,164
3828.5156800746918,164
3828.5159180164337,44
3828.5161838531494,164
3830.51780295372,164
3830.5180690288544,44
3830.518350839615,164
3832.5166149139404,164
3832.516896009445,44
3832.5171620845795,164
3834.5166358947754,164
3834.516865968704,44
3834.517158985138,164
3836.516799926758,164
3836.517025947571,44
3836.5173070430756,164
3838.517632961273,164
3838.5178928375244,44
3838.518145084381,164
3840.5180599689484,164
3840.5183160305023,44
3840.518602848053,164
3842.518105983734,164
3842.5184049606323,44
3842.518627882004,164
3844.518343925476,164
3844.5186109542847,44
3844.518872976303,164
3846.519115924835,164
3846.519387960434,44
3846.519639968872,164
3848.5188109874725,164
3848.519068956375,44
3848.519361972809,164
3850.5196640491486,164
3850.5199270248413,44
3850.5201160907745,164
3852.519212961197,164
3852.519495010376,44
3852.5197649002075,164
3854.5201041698456,164
3854.520364999771,44
3854.520607948303,164
3856.520341873169,164
3856.5205709934235,44
3856.5208508968353,164
3858.52077293396,164
3858.5210461616516,44
3858.521337032318,164
3860.5222499370575,164
3860.522533893585,44
3860.522796154022,164
3862.5206909179688,164
3862.5210268497467,44
3862.5213239192963,164
3864.521754026413,164
3864.522022008896,44
3864.522280931473,164
3866.5221490859985,164
3866.5224018096924,44
3866.5226991176605,164
3868.52237200737,164
3868.522620201111,44
3868.5228929519653,164
3870.523288965225,164
3870.5235409736633,44
3870.5238139629364,164
3872.5230569839478,164
3872.5233211517334,44
3872.5235800743103,164
3874.5236010551453,164
3874.523870944977,44
3874.5241270065308,164
3876.523542881012,164
3876.5237429142,44
3876.523998975754,164
3878.524155139923,164
3878.524410009384,44
3878.5247189998627,164
3880.52495098114,164
3880.525197982788,44
3880.525475025177,164
3882.524614095688,164
3882.5248658657074,44
3882.5251519680023,164
3884.525200843811,164
3884.5254578590393,44
3884.52574300766,164
3886.525640964508,164
3886.525906085968,44
3886.5262291431427,164
3888.525806903839,164
3888.5260651111603,44
3888.5263328552246,164
3890.526641845703,164
3890.526935815811,44
3890.5271701812744,164
3892.526098012924,164
3892.5263550281525,44
3892.526608943939,164
3894.526218891144,164
3894.5264620780945,44
3894.526736021042,164
3896.52668094635,164
3896.52694106102,44
3896.527279138565,164
3898.527086019516,164
3898.5273740291595,44
3898.5276188850403,164
3900.5275950431824,164
3900.527839899063,44
3900.5280981063843,164
3902.527631998062,164
3902.527845144272,44
3902.5281100273132,164
3904.5279610157013,164
3904.5282509326935,44
3904.5285320281982,164
3906.528955936432,164
3906.529186964035,44
3906.529454946518,164
3908.528771162033,164
3908.529049873352,44
3908.5293090343475,164
3910.529585838318,164
3910.5298459529877,44
3910.5300900936127,164
3912.529095172882,164
3912.5293550491333,44
3912.529623031616,164
