time,size
0.0,40
0.00030994415283203125,124
0.0006577968597412109,3309
0.0008378028869628906,40
0.0010406970977783203,40
0.0013227462768554688,40
1.9998579025268555,40
2.000093936920166,40
2.000396728515625,40
2.0006937980651855,124
2.00093674659729,3309
2.0011608600616455,40
3.9996697902679443,40
3.999887704849243,40
4.000126838684082,40
4.000448703765869,40
4.000692844390869,40
4.00098180770874,124
5.9996209144592285,3309
5.999828815460205,40
6.0000388622283936,40
6.000280857086182,40
6.000622749328613,40
6.00083589553833,40
8.000358819961548,40
8.000640630722046,124
8.000892877578735,3309
8.001097679138184,40
8.001343965530396,40
8.00159478187561,40
10.000617980957031,40
10.000857830047607,40
10.001073837280273,40
10.0013906955719,124
10.001678705215454,3309
10.00181794166565,40
12.000181674957275,40
12.000439643859863,40
12.000687837600708,40
12.000934839248657,40
12.001197814941406,40
12.001494884490967,124
14.000646829605103,3309
14.000876903533936,40
14.001105785369873,40
14.001441955566406,40
14.001640796661377,40
14.001885890960693,40
16.000688791275024,40
16.000929832458496,124
16.00114679336548,3309
16.001404762268066,40
16.00164771080017,40
16.001877784729004,40
18.000958919525146,40
18.001229763031006,40
18.001255750656128,40
18.001543760299683,124
18.0018048286438,3309
18.002018928527832,40
20.0016188621521,40
20.001864671707153,40
20.00210976600647,40
20.002367973327637,40
20.00261878967285,40
20.002922773361206,124
22.00121784210205,3309
22.00142788887024,40
22.001715660095215,40
22.001925945281982,40
22.002171754837036,40
22.00241780281067,40
24.00163173675537,40
24.001779794692993,124
24.002015829086304,3309
24.002307891845703,40
24.00250482559204,40
24.002768754959106,40
26.00175666809082,40
26.00198769569397,40
26.002312898635864,40
26.00253677368164,124
26.0027859210968,3309
26.00300097465515,40
28.001774787902832,40
28.00200080871582,40
28.002246856689453,40
28.002577781677246,40
28.00276780128479,40
28.003086805343628,124
30.00243377685547,3309
30.002671718597412,40
30.002908945083618,40
30.00316572189331,40
30.003416776657104,40
30.00369882583618,40
32.00210094451904,40
32.00242495536804,124
32.0025839805603,3309
32.00286388397217,40
32.00308394432068,40
32.003328800201416,40
34.002697706222534,40
34.002970695495605,40
34.00321173667908,40
34.00349688529968,124
34.003769874572754,3309
34.0039918422699,40
36.002806663513184,40
36.003060817718506,40
36.00330996513367,40
36.00356888771057,40
36.003821849823,40
36.004143953323364,124
38.00247597694397,3309
38.002686738967896,40
38.002928733825684,40
38.00319480895996,40
38.003440618515015,40
38.003689765930176,40
40.003416776657104,40
40.00362777709961,124
40.00386881828308,3309
40.00408482551575,40
40.00435996055603,40
40.00461268424988,40
42.00306463241577,40
42.003286838531494,40
42.00353169441223,40
42.00384068489075,124
42.004058837890625,3309
42.004276752471924,40
44.003318786621094,40
44.00354862213135,40
44.003806829452515,40
44.00405669212341,40
44.004326820373535,40
44.004581689834595,124
46.005619764328,3309
46.00583076477051,40
46.00610566139221,40
46.006380796432495,40
46.006635904312134,40
46.00699186325073,40
48.00449776649475,40
48.00477576255798,124
48.00502586364746,3309
48.00525975227356,40
48.00549578666687,40
48.00574493408203,40
50.00541377067566,40
50.005650997161865,40
50.005889654159546,40
50.00621581077576,124
50.0064697265625,3309
50.00668692588806,40
52.00456786155701,40
52.00479984283447,40
52.005045890808105,40
52.00530791282654,40
52.005558013916016,40
52.00586795806885,124
54.00528287887573,3309
54.00528693199158,40
54.005841970443726,40
54.00584578514099,40
54.006016969680786,40
54.006271839141846,40
56.005473613739014,40
56.00578594207764,124
56.00602173805237,3309
56.006284952163696,40
56.00648379325867,40
56.00685095787048,40
58.00495481491089,40
58.00516486167908,40
58.00541973114014,40
58.00568675994873,124
58.00597286224365,3309
58.00616192817688,40
60.00618076324463,40
60.006401777267456,40
60.00668692588806,40
60.00722789764404,40
60.00725173950195,40
60.0074667930603,124
62.00605583190918,3309
62.00631880760193,40
62.00655174255371,40
62.00677680969238,40
62.00702977180481,40
62.00739669799805,40
64.0055079460144,40
64.00580668449402,124
64.00600790977478,3309
64.00622987747192,40
64.00650095939636,40
64.00675177574158,40
66.00627589225769,40
66.00652885437012,40
66.00680780410767,40
66.00707077980042,124
66.00733399391174,3309
66.00757265090942,40
68.00589060783386,40
68.00613164901733,40
68.00637173652649,40
68.00662684440613,40
68.00688576698303,40
68.00716876983643,124
70.00665664672852,3309
70.00684571266174,40
70.00708675384521,40
70.0073447227478,40
70.00758790969849,40
70.00786280632019,40
72.00605177879333,40
72.00635290145874,124
72.00655674934387,3309
72.0067708492279,40
72.00702595710754,40
72.00729584693909,40
74.00648379325867,40
74.00672483444214,40
74.00698280334473,40
74.00731992721558,124
74.0075056552887,3309
74.00772285461426,40
76.00681972503662,40
76.0070538520813,40
76.00731873512268,40
76.00756692886353,40
76.00784993171692,40
76.0080976486206,124
78.00714778900146,3309
78.00733780860901,40
78.00761365890503,40
78.00789284706116,40
78.00816464424133,40
78.00836181640625,40
80.0077817440033,40
80.00806784629822,124
80.0083258152008,3309
80.00849294662476,40
80.00877380371094,40
80.00964784622192,40
82.00711178779602,40
82.00733399391174,40
82.00758171081543,40
82.0078957080841,124
82.0081377029419,3309
82.0084056854248,40
84.0076208114624,40
84.00766468048096,40
84.00772976875305,40
84.00801086425781,40
84.00830578804016,40
84.00853776931763,124
86.00712084770203,3309
86.00733494758606,40
86.00757265090942,40
86.00782489776611,40
86.00808572769165,40
86.00834083557129,40
88.00774884223938,40
88.00802969932556,124
88.00827693939209,3309
88.00850987434387,40
88.00875091552734,40
88.00899982452393,40
90.0085608959198,40
90.00876975059509,40
90.00901365280151,40
90.00930666923523,124
90.0095808506012,3309
90.00979781150818,40
92.008056640625,40
92.00831365585327,40
92.00854063034058,40
92.00879573822021,40
92.00903964042664,40
92.00932264328003,124
94.00859069824219,3309
94.00859475135803,40
94.00898885726929,40
94.00909996032715,40
94.00952887535095,40
94.00955986976624,40
96.00798392295837,40
96.00824880599976,124
96.00847482681274,3309
96.00867176055908,40
96.00893592834473,40
96.00929999351501,40
98.00839376449585,40
98.00862884521484,40
98.0088758468628,40
98.00918865203857,124
98.00944685935974,3309
98.0096378326416,40
100.00927376747131,40
100.00950789451599,40
100.00974488258362,40
100.00999069213867,40
100.0102698802948,40
100.01062774658203,124
102.00870895385742,3309
102.00889873504639,40
102.00913166999817,40
102.00939083099365,40
102.00963973999023,40
102.00989198684692,40
104.00865483283997,40
104.0089316368103,124
104.00917482376099,3309
104.00937986373901,40
104.00965881347656,40
104.00992178916931,40
106.00918865203857,40
106.00940895080566,40
106.00973296165466,40
106.00996088981628,124
106.01020884513855,3309
106.01042675971985,40
108.00904297828674,40
108.00926971435547,40
108.00951170921326,40
108.00977683067322,40
108.01001787185669,40
108.01031875610352,124
110.00978493690491,3309
110.00996088981628,40
110.01021480560303,40
110.01049375534058,40
110.01073980331421,40
110.01101779937744,40
112.00970792770386,40
112.00998163223267,124
112.0103268623352,3309
112.01047968864441,40
112.01073479652405,40
112.01098966598511,40
114.01003170013428,40
114.01027083396912,40
114.01057577133179,40
114.01086974143982,124
114.01112174987793,3309
114.01136875152588,40
116.00967478752136,40
116.00989198684692,40
116.01011776924133,40
116.01035571098328,40
116.01066470146179,40
116.01099586486816,124
118.01029682159424,3309
118.01053071022034,40
118.0108048915863,40
118.01106095314026,40
118.01132988929749,40
118.01155996322632,40
120.01043486595154,40
120.01073884963989,124
120.01100468635559,3309
120.01121473312378,40
120.01154065132141,40
120.01171374320984,40
122.0106098651886,40
122.01083970069885,40
122.01111078262329,40
122.01140785217285,124
122.01167368888855,3309
122.01186680793762,40
124.01063680648804,40
124.01087379455566,40
124.01113486289978,40
124.01139783859253,40
124.01163673400879,40
124.01191973686218,124
126.01063179969788,3309
126.01086378097534,40
126.01110196113586,40
126.0113627910614,40
126.01160287857056,40
126.01189374923706,40
128.01068878173828,40
128.01095581054688,124
128.0112087726593,3309
128.0114197731018,40
128.01170086860657,40
128.01195001602173,40
130.01198887825012,40
130.0122036933899,40
130.01246285438538,40
130.01280188560486,124
130.0130476951599,3309
130.01325583457947,40
132.01143670082092,40
132.0116777420044,40
132.01194787025452,40
132.01217079162598,40
132.01242780685425,40
132.0127396583557,124
134.0116868019104,3309
134.0118579864502,40
134.01212787628174,40
134.0123839378357,40
134.01260781288147,40
134.01288986206055,40
136.01164293289185,40
136.01186084747314,124
136.0121238231659,3309
136.01233887672424,40
136.01257872581482,40
136.01281094551086,40
138.01178789138794,40
138.0120017528534,40
138.0123097896576,40
138.0125458240509,124
138.01281094551086,3309
138.0130157470703,40
140.01234483718872,40
140.012601852417,40
140.0128538608551,40
140.01309490203857,40
140.0133500099182,40
140.01369667053223,124
142.0117428302765,3309
142.01190280914307,40
142.01214289665222,40
142.01237869262695,40
142.01263284683228,40
142.0128779411316,40
144.01190185546875,40
144.0121626853943,124
144.01239776611328,3309
144.01260995864868,40
144.01288390159607,40
144.01312971115112,40
146.01253294944763,40
146.01275897026062,40
146.01303482055664,40
146.01339983940125,124
146.01358580589294,3309
146.01378393173218,40
148.01256275177002,40
148.01277589797974,40
148.01301383972168,40
148.01332187652588,40
148.01352882385254,40
148.01388478279114,124
150.01306700706482,3309
150.0133638381958,40
150.01353287696838,40
150.01379489898682,40
150.01403284072876,40
150.0143268108368,40
152.0128767490387,40
152.01313281059265,124
152.01337695121765,3309
152.0136058330536,40
152.01385378837585,40
152.01410484313965,40
154.01314282417297,40
154.0133798122406,40
154.0136387348175,40
154.01395797729492,124
154.0141749382019,3309
154.01438975334167,40
156.01290678977966,40
156.01315569877625,40
156.01338076591492,40
156.0136296749115,40
156.01390886306763,40
156.01423978805542,124
158.0135087966919,3309
158.0137107372284,40
158.01397681236267,40
158.01428294181824,40
158.01447772979736,40
158.01474285125732,40
160.01398968696594,40
160.0143039226532,124
160.01454281806946,3309
160.0147566795349,40
160.01504492759705,40
160.01530289649963,40
162.0134937763214,40
162.013769865036,40
162.01396465301514,40
162.01428079605103,124
162.01452684402466,3309
162.014741897583,40
164.0141258239746,40
164.01437878608704,40
164.0146288871765,40
164.01489186286926,40
164.01512598991394,40
164.0154538154602,124
166.0142378807068,3309
166.01450896263123,40
166.01471972465515,40
166.01502871513367,40
166.01519680023193,40
166.01549983024597,40
168.014084815979,40
168.01438879966736,124
168.01466584205627,3309
168.01488494873047,40
168.01507878303528,40
168.01532793045044,40
170.01458477973938,40
170.0148377418518,40
170.015056848526,40
170.0153467655182,124
170.01565384864807,3309
170.0158178806305,40
172.01468300819397,40
172.01491785049438,40
172.01527786254883,40
172.0154378414154,40
172.01568579673767,40
172.01597595214844,124
174.01484870910645,3309
174.01502871513367,40
174.0152988433838,40
174.01556181907654,40
174.01584196090698,40
174.0160448551178,40
176.0144157409668,40
176.01468586921692,124
176.0149347782135,3309
176.01515674591064,40
176.0154528617859,40
176.0156548023224,40
178.01520800590515,40
178.01544070243835,40
178.01574778556824,40
178.01601791381836,124
178.01625180244446,3309
178.0164737701416,40
180.0163929462433,40
180.01666688919067,40
180.01688170433044,40
180.01712369918823,40
180.01736092567444,40
180.01764488220215,124
182.01608777046204,3309
182.01634192466736,40
182.016521692276,40
182.01676893234253,40
182.0170316696167,40
182.01728177070618,40
184.016459941864,40
184.0168068408966,124
184.0169699192047,3309
184.0172107219696,40
184.01744484901428,40
184.01781272888184,40
186.01671075820923,40
186.01694869995117,40
186.0171937942505,40
186.01750993728638,124
186.01775574684143,3309
186.01797366142273,40
188.01710987091064,40
188.01736783981323,40
188.01761078834534,40
188.0178599357605,40
188.01810479164124,40
188.0184268951416,124
190.01767873764038,3309
190.0178668498993,40
190.0181097984314,40
190.01836466789246,40
190.01864075660706,40
190.01890587806702,40
192.01716876029968,40
192.01741075515747,124
192.0176248550415,3309
192.01786875724792,40
192.01811385154724,40
192.01835989952087,40
194.0172278881073,40
194.01746082305908,40
194.01770997047424,40
194.01801896095276,124
194.01827788352966,3309
194.01848483085632,40
196.0169928073883,40
196.01723885536194,40
196.0174698829651,40
196.01774668693542,40
196.01798176765442,40
196.01826286315918,124
198.0180537700653,3309
198.01829290390015,40
198.01853585243225,40
198.0188009738922,40
198.01910376548767,40
198.01932072639465,40
200.01857089996338,40
200.01883172988892,124
200.0190727710724,3309
200.01933479309082,40
200.01957273483276,40
200.0198268890381,40
202.01801681518555,40
202.01803874969482,40
202.01829981803894,40
202.0185968875885,124
202.01889061927795,3309
202.0190498828888,40
204.01859378814697,40
204.01863384246826,40
204.01872968673706,40
204.01898074150085,40
204.01921677589417,40
204.01953077316284,124
206.01834082603455,3309
206.0184509754181,40
206.01869297027588,40
206.0192198753357,40
206.01929688453674,40
206.01943683624268,40
208.01836681365967,40
208.01863169670105,124
208.0188798904419,3309
208.01925587654114,40
208.01936984062195,40
208.01968669891357,40
210.01903676986694,40
210.0192906856537,40
210.01954674720764,40
210.01997184753418,124
210.02007675170898,3309
210.02031779289246,40
212.01861095428467,40
212.01882982254028,40
212.0190749168396,40
212.01933884620667,40
212.01958966255188,40
212.01999282836914,124
214.01888179779053,3309
214.01906561851501,40
214.01930475234985,40
214.01956987380981,40
214.0198109149933,40
214.02006483078003,40
216.01906371116638,40
216.01935386657715,124
216.01959490776062,3309
216.0198109149933,40
216.02005076408386,40
216.0203037261963,40
218.01968789100647,40
218.0199418067932,40
218.02048778533936,40
218.02055478096008,124
218.02102279663086,3309
218.0210268497467,40
220.01961183547974,40
220.01984286308289,40
220.02009391784668,40
220.02034282684326,40
220.0206117630005,40
220.02093982696533,124
222.0197217464447,3309
222.0198938846588,40
222.02014875411987,40
222.02039575576782,40
222.02074670791626,40
222.02093482017517,40
224.01975893974304,40
224.02006793022156,124
224.0202877521515,3309
224.0204999446869,40
224.02079486846924,40
224.02104997634888,40
226.01991081237793,40
226.02013778686523,40
226.0204029083252,40
226.020742893219,124
226.0209858417511,3309
226.02120089530945,40
228.02015781402588,40
228.0203869342804,40
228.02069473266602,40
228.02095293998718,40
228.0211887359619,40
228.02146172523499,124
230.0205419063568,3309
230.0207977294922,40
230.02103877067566,40
230.02129292488098,40
230.02153778076172,40
230.02181792259216,40
232.0202717781067,40
232.02054071426392,124
232.02086877822876,3309
232.02105283737183,40
232.02129673957825,40
232.02154064178467,40
234.0206937789917,40
234.020929813385,40
234.02117276191711,40
234.02152276039124,124
234.02172183990479,3309
234.02191877365112,40
236.02052783966064,40
236.02080488204956,40
236.02104473114014,40
236.0213108062744,40
236.02156281471252,40
236.02184867858887,124
238.02119779586792,3309
238.02141690254211,40
238.02166080474854,40
238.02190470695496,40
238.02215194702148,40
238.0224277973175,40
240.0216896533966,40
240.02190566062927,124
240.0221347808838,3309
240.02240991592407,40
240.02267694473267,40
240.02307987213135,40
242.0213406085968,40
242.02150082588196,40
242.02178287506104,40
242.02207374572754,124
242.0223367214203,3309
242.02251076698303,40
244.02142786979675,40
244.02166080474854,40
244.02192282676697,40
244.0221688747406,40
244.02241373062134,40
244.02270984649658,124
246.02141284942627,3309
246.02162790298462,40
246.0218768119812,40
246.02210092544556,40
246.02234077453613,40
246.02258396148682,40
248.0215358734131,40
248.02180886268616,124
248.0220546722412,3309
248.02229285240173,40
248.02253675460815,40
248.02278685569763,40
250.02246379852295,40
250.0227267742157,40
250.02286171913147,40
250.0231478214264,124
250.0234136581421,3309
250.02364778518677,40
252.02216982841492,40
252.02239871025085,40
252.0227108001709,40
252.02292275428772,40
252.02316784858704,40
252.02345371246338,124
254.0220878124237,3309
254.02227878570557,40
254.0225658416748,40
254.02277874946594,40
254.0230197906494,40
254.02327370643616,40
256.02205181121826,40
256.02231788635254,124
256.0225646495819,3309
256.02277088165283,40
256.0230407714844,40
256.0232858657837,40
258.02290391921997,40
258.02310371398926,40
258.023325920105,40
258.0236117839813,124
258.0238428115845,3309
258.02410793304443,40
260.02302980422974,40
260.02327966690063,40
260.0235278606415,40
260.02376079559326,40
260.0240046977997,40
260.0243396759033,124
262.0227429866791,3309
262.0229477882385,40
262.0231738090515,40
262.0234408378601,40
262.02368688583374,40
262.0239329338074,40
264.0231397151947,40
264.0234136581421,124
264.023690700531,3309
264.02389669418335,40
264.0241448879242,40
264.02443075180054,40
266.02364683151245,40
266.0238788127899,40
266.02412366867065,40
266.0244038105011,124
266.02468395233154,3309
266.02490997314453,40
268.02339482307434,40
268.02360486984253,40
268.0238997936249,40
268.02410984039307,40
268.0243556499481,40
268.02466893196106,124
270.02383279800415,3309
270.02405881881714,40
270.0242977142334,40
270.02454590797424,40
270.0247929096222,40
270.0250668525696,40
272.0237307548523,40
272.0240008831024,124
272.02426075935364,3309
272.02448081970215,40
272.0247287750244,40
272.02498865127563,40
274.02376079559326,40
274.0239918231964,40
274.02423882484436,40
274.0245428085327,124
274.02479577064514,3309
274.02501368522644,40
276.02376985549927,40
276.0239987373352,40
276.0242419242859,40
276.02456188201904,40
276.02475786209106,40
276.02503085136414,124
278.02418279647827,3309
278.0244607925415,40
278.0247128009796,40
278.0249638557434,40
278.02513575553894,40
278.02540278434753,40
280.02492594718933,40
280.0251839160919,124
280.0254337787628,3309
280.025643825531,40
280.0259108543396,40
280.026163816452,40
282.02458572387695,40
282.0248348712921,40
282.0250709056854,40
282.0253977775574,124
282.02560472488403,3309
282.02581095695496,40
284.02477383613586,40
284.02500891685486,40
284.0252637863159,40
284.02550888061523,40
284.025762796402,40
284.0261080265045,124
286.02463483810425,3309
286.0248029232025,40
286.0250358581543,40
286.02529883384705,40
286.0255858898163,40
286.0257918834686,40
288.02481174468994,40
288.02506279945374,124
288.0253047943115,3309
288.02553391456604,40
288.0257806777954,40
288.0260257720947,40
290.0258858203888,40
290.0261187553406,40
290.0263617038727,40
290.02669763565063,124
290.0269386768341,3309
290.02717876434326,40
292.0246226787567,40
292.02494764328003,40
292.0251097679138,40
292.0253927707672,40
292.0255937576294,40
292.02593064308167,124
294.02552676200867,3309
294.0257396697998,40
294.0259966850281,40
294.02626180648804,40
294.0264937877655,40
294.02676272392273,40
296.02601075172424,40
296.0263297557831,124
296.02663397789,3309
296.02677273750305,40
296.0270206928253,40
296.0273058414459,40
298.0255527496338,40
298.0257079601288,40
298.0260078907013,40
298.0263259410858,124
298.0266079902649,3309
298.02677273750305,40
300.02619194984436,40
300.02644062042236,40
300.0266869068146,40
300.02693581581116,40
300.0272078514099,40
300.0275328159332,124
302.02560472488403,3309
302.02580285072327,40
302.0260236263275,40
302.0262656211853,40
302.02650570869446,40
302.02679777145386,40
304.02619981765747,40
304.02641582489014,124
304.02665662765503,3309
304.0268998146057,40
304.02714586257935,40
304.02740001678467,40
306.02610182762146,40
306.0263237953186,40
306.02656078338623,40
306.0268647670746,124
306.02715587615967,3309
306.027352809906,40
308.0261778831482,40
308.0263798236847,40
308.0266227722168,40
308.0268728733063,40
308.027135848999,40
308.0274567604065,124
310.027067899704,3309
310.02729296684265,40
310.0275328159332,40
310.027804851532,40
310.0280406475067,40
310.02830386161804,40
312.02670669555664,40
312.02696466445923,124
312.02724289894104,3309
312.02749490737915,40
312.0276868343353,40
312.0279378890991,40
314.0271348953247,40
314.02733397483826,40
314.02760577201843,40
314.02793288230896,124
314.02823972702026,3309
314.0283749103546,40
316.0270218849182,40
316.0272397994995,40
316.02747082710266,40
316.0277397632599,40
316.02800369262695,40
316.0283408164978,124
318.02770376205444,3309
318.02788162231445,40
318.02818393707275,40
318.02837777137756,40
318.0286228656769,40
318.0288918018341,40
320.02784395217896,40
320.02818489074707,124
320.0283877849579,3309
320.0285918712616,40
320.02883887290955,40
320.0291118621826,40
322.0278208255768,40
322.0280406475067,40
322.02836775779724,40
322.02859473228455,124
322.0288438796997,3309
322.02905082702637,40
324.02772188186646,40
324.02776980400085,40
324.02784180641174,40
324.0280828475952,40
324.02834582328796,40
324.02865386009216,124
326.0276918411255,3309
326.02782678604126,40
326.0280547142029,40
326.028306722641,40
326.0285758972168,40
326.02882170677185,40
328.027863740921,40
328.0281307697296,124
328.028404712677,3309
328.02857279777527,40
328.0288486480713,40
328.02910900115967,40
330.0288529396057,40
330.02908968925476,40
330.02936267852783,40
330.0296187400818,124
330.02989077568054,3309
330.03011560440063,40
332.03287267684937,40
332.03319573402405,40
332.0333716869354,40
332.03361892700195,40
332.03386878967285,40
332.03421568870544,124
334.03245091438293,3309
334.03264474868774,40
334.03288292884827,40
334.03312492370605,40
334.03340673446655,40
334.0336458683014,40
336.03245282173157,40
336.0327367782593,124
336.0329546928406,3309
336.03314685821533,40
336.0334048271179,40
336.03365182876587,40
338.03308963775635,40
338.0333080291748,40
338.03357887268066,40
338.033891916275,124
338.03413486480713,3309
338.0343358516693,40
340.03325271606445,40
340.03349471092224,40
340.03374671936035,40
340.03400802612305,40
340.0342528820038,40
340.03452587127686,124
342.03296089172363,3309
342.03315782546997,40
342.03341269493103,40
342.03364181518555,40
342.0338976383209,40
342.0341429710388,40
344.0336527824402,40
344.03394293785095,124
344.03418588638306,3309
344.03437972068787,40
344.03462076187134,40
344.0348677635193,40
346.0337567329407,40
346.03398871421814,40
346.0342707633972,40
346.03453302383423,124
346.03477692604065,3309
346.03500390052795,40
348.0338966846466,40
348.0341477394104,40
348.0344178676605,40
348.0346598625183,40
348.0349118709564,40
348.0352008342743,124
350.03484773635864,3309
350.0349898338318,40
350.0352258682251,40
350.0354976654053,40
350.03575801849365,40
350.0360097885132,40
352.033833026886,40
352.03410482406616,124
352.0343647003174,3309
352.0345628261566,40
352.03500294685364,40
352.0350868701935,40
354.0344178676605,40
354.0346429347992,40
354.03491473197937,40
354.0352108478546,124
354.0354537963867,3309
354.03567361831665,40
356.0352919101715,40
356.0354528427124,40
356.03570675849915,40
356.03599882125854,40
356.03624391555786,40
356.0366008281708,124
358.03606271743774,3309
358.0363337993622,40
358.0365288257599,40
358.0367736816406,40
358.03701877593994,40
358.03730273246765,40
360.036447763443,40
360.0367329120636,124
360.03694200515747,3309
360.03716373443604,40
360.03750801086426,40
360.03770565986633,40
362.03587579727173,40
362.0360906124115,40
362.0363447666168,40
362.0366487503052,124
362.0368986129761,3309
362.03712368011475,40
364.0359728336334,40
364.0362138748169,40
364.03644490242004,40
364.03671979904175,40
364.03697085380554,40
364.03726172447205,124
366.0362386703491,3309
366.0364468097687,40
366.0366816520691,40
366.0369539260864,40
366.0372018814087,40
366.03744864463806,40
368.03667974472046,40
368.036988735199,124
368.03722071647644,3309
368.03742480278015,40
368.03767371177673,40
368.03798484802246,40
370.03719878196716,40
370.03741574287415,40
370.03769183158875,40
370.03801560401917,124
370.0382468700409,3309
370.0384657382965,40
372.0358998775482,40
372.0361108779907,40
372.0363779067993,40
372.03662371635437,40
372.0368688106537,40
372.03717970848083,124
374.0367078781128,3309
374.0368368625641,40
374.037104845047,40
374.03732085227966,40
374.03759574890137,40
374.037850856781,40
376.03710293769836,40
376.03736090660095,124
376.03765392303467,3309
376.0378358364105,40
376.03807282447815,40
376.0383768081665,40
378.0373146533966,40
378.0375397205353,40
378.0378108024597,40
378.03811287879944,124
378.0383517742157,3309
378.03857684135437,40
380.03820180892944,40
380.0384328365326,40
380.0386757850647,40
380.0389566421509,40
380.03921699523926,40
380.0395197868347,124
382.0382227897644,3309
382.0383906364441,40
382.0386278629303,40
382.0388708114624,40
382.0391387939453,40
382.03939986228943,40
384.0383679866791,40
384.0386188030243,124
384.03885793685913,3309
384.03907585144043,40
384.03934383392334,40
384.0395908355713,40
386.038804769516,40
386.03902792930603,40
386.03927278518677,40
386.0395886898041,124
386.03983879089355,3309
386.04005789756775,40
388.03877091407776,40
388.03901076316833,40
388.0392487049103,40
388.03949880599976,40
388.03977370262146,40
388.04008865356445,124
390.03947377204895,3309
390.0396716594696,40
390.03993487358093,40
390.04018783569336,40
390.04043769836426,40
390.0407109260559,40
392.0391707420349,40
392.0394330024719,124
392.0396728515625,3309
392.0399179458618,40
392.0401608943939,40
392.040406703949,40
394.04009771347046,40
394.04034066200256,40
394.04059076309204,40
394.04091691970825,124
394.0412046909332,3309
394.0414328575134,40
396.03910183906555,40
396.03939485549927,40
396.0395939350128,40
396.03985476493835,40
396.0400848388672,40
396.0404188632965,124
398.03990483283997,3309
398.0401146411896,40
398.0403697490692,40
398.04064178466797,40
398.0414056777954,40
398.04140996932983,40
400.04055094718933,40
400.0409138202667,124
400.04112577438354,3309
400.0413568019867,40
400.0416247844696,40
400.0418448448181,40
402.04031682014465,40
402.0405478477478,40
402.04085779190063,40
402.0411539077759,124
402.0414037704468,3309
402.0416259765625,40
404.0401608943939,40
404.0404098033905,40
404.04064083099365,40
404.040944814682,40
404.04118180274963,40
404.0414628982544,124
406.0404808521271,3309
406.04071974754333,40
406.0409438610077,40
406.0412378311157,40
406.04147362709045,40
406.04172587394714,40
408.0406126976013,40
408.04093885421753,124
408.0411877632141,3309
408.04141879081726,40
408.0416476726532,40
408.04192781448364,40
410.0413227081299,40
410.0415668487549,40
410.04180669784546,40
410.04209995269775,124
410.04237365722656,3309
410.04259991645813,40
412.04100584983826,40
412.0412378311157,40
412.04149866104126,40
412.04174876213074,40
412.04199385643005,40
412.04228591918945,124
414.0409698486328,3309
414.04120087623596,40
414.04142594337463,40
414.0416929721832,40
414.0419578552246,40
414.0421977043152,40
416.04109287261963,40
416.04138684272766,124
416.04161286354065,3309
416.04184675216675,40
416.04209995269775,40
416.0423607826233,40
418.04183769226074,40
418.04212188720703,40
418.04234075546265,40
418.04264187812805,124
418.04286885261536,3309
418.0431156158447,40
420.0419008731842,40
420.04208874702454,40
420.0423607826233,40
420.0426058769226,40
420.0428547859192,40
420.0431339740753,124
422.0417778491974,3309
422.04194474220276,40
422.0421757698059,40
422.0424978733063,40
422.04269194602966,40
422.0429377555847,40
424.0418667793274,40
424.04213976860046,124
424.04235672950745,3309
424.04261779785156,40
424.042840719223,40
424.04309487342834,40
426.04185676574707,40
426.04207968711853,40
426.0423288345337,40
426.0426068305969,124
426.04287576675415,3309
426.0431618690491,40
428.0418348312378,40
428.04206466674805,40
428.04230666160583,40
428.0425486564636,40
428.0428717136383,40
428.04310488700867,124
430.04287576675415,3309
430.0430896282196,40
430.0433268547058,40
430.04358077049255,40
430.04381275177,40
430.04411697387695,40
432.04228591918945,40
432.0425338745117,124
432.0427646636963,3309
432.0429787635803,40
432.04324984550476,40
432.04349994659424,40
434.04294872283936,40
434.0431377887726,40
434.04341173171997,40
434.0436849594116,124
434.043931722641,3309
434.04414772987366,40
436.0425817966461,40
436.042831659317,40
436.043048620224,40
436.04328966140747,40
436.04355669021606,40
436.0438449382782,124
438.0429439544678,3309
438.04315996170044,40
438.0433888435364,40
438.0436668395996,40
438.0439188480377,40
438.04417085647583,40
440.0436038970947,40
440.04389572143555,124
440.04413986206055,3309
440.0443477630615,40
440.04460287094116,40
440.0448749065399,40
442.04332876205444,40
442.04362177848816,40
442.0438287258148,40
442.04414200782776,124
442.04436469078064,3309
442.0446038246155,40
444.04393887519836,40
444.0439829826355,40
444.0440528392792,40
444.0443148612976,40
444.04456186294556,40
444.0448498725891,124
446.0434377193451,3309
446.04364490509033,40
446.04392075538635,40
446.0441257953644,40
446.0444028377533,40
446.0446448326111,40
448.04373478889465,40
448.0440127849579,124
448.0442407131195,3309
448.0444679260254,40
448.04472279548645,40
448.0449697971344,40
450.04654574394226,40
450.0468068122864,40
450.0470378398895,40
450.0473277568817,124
450.0476038455963,3309
450.04783487319946,40
452.04657077789307,40
452.0468258857727,40
452.047091960907,40
452.0473198890686,40
452.04757285118103,40
452.0479357242584,124
454.0462679862976,3309
454.04646372795105,40
454.0466957092285,40
454.0469636917114,40
454.04721188545227,40
454.0474648475647,40
456.0465817451477,40
456.04686188697815,124
456.0471029281616,3309
456.0473258495331,40
456.04756474494934,40
456.04782485961914,40
458.0462579727173,40
458.04648780822754,40
458.04673290252686,40
458.0470278263092,124
458.04728174209595,3309
458.04751467704773,40
460.04759979248047,40
460.04783487319946,40
460.0480797290802,40
460.048321723938,40
460.0485999584198,40
460.04888582229614,124
462.0473108291626,3309
462.0474877357483,40
462.0477478504181,40
462.0479967594147,40
462.0482368469238,40
462.0484857559204,40
464.047082901001,40
464.04724979400635,124
464.0474896430969,3309
464.04771971702576,40
464.0479817390442,40
464.0482168197632,40
466.0474486351013,40
466.04769492149353,40
466.0479488372803,40
466.0482397079468,124
466.0484929084778,3309
466.04871463775635,40
468.04732370376587,40
468.0475437641144,40
468.04778385162354,40
468.0480468273163,40
468.0483009815216,40
468.04858589172363,124
470.0479278564453,3309
470.04819083213806,40
470.04839181900024,40
470.0486407279968,40
470.04887676239014,40
470.0491306781769,40
472.0480749607086,40
472.0483567714691,124
472.04863381385803,3309
472.0488476753235,40
472.0491108894348,40
472.0493688583374,40
474.04780197143555,40
474.0480179786682,40
474.0482816696167,40
474.04856276512146,124
474.0488407611847,3309
474.0490357875824,40
476.0482647418976,40
476.0485317707062,40
476.0487837791443,40
476.04903769493103,40
476.0492796897888,40
476.04957270622253,124
478.04869985580444,3309
478.0489037036896,40
478.049165725708,40
478.0494167804718,40
478.0496578216553,40
478.04993295669556,40
480.04874062538147,40
480.04896688461304,124
480.04924988746643,3309
480.0494728088379,40
480.0497097969055,40
480.04995679855347,40
482.0481929779053,40
482.0484209060669,40
482.0486648082733,40
482.0489718914032,124
482.04922580718994,3309
482.0494329929352,40
484.0485918521881,40
484.0488259792328,40
484.0490667819977,40
484.0493497848511,40
484.0496127605438,40
484.0499038696289,124
486.04871368408203,3309
486.0489068031311,40
486.0491359233856,40
486.0493788719177,40
486.04964876174927,40
486.0498957633972,40
488.04933071136475,40
488.0496108531952,124
488.04990887641907,3309
488.0501136779785,40
488.0503468513489,40
488.05060482025146,40
490.0494999885559,40
490.0497226715088,40
490.0500009059906,40
490.0502908229828,124
490.05052495002747,3309
490.0507438182831,40
492.049293756485,40
492.0495238304138,40
492.04973578453064,40
492.05000281333923,40
492.0502579212189,40
492.05063486099243,124
494.0491349697113,3309
494.049373626709,40
494.0496017932892,40
494.04985666275024,40
494.05009388923645,40
494.0503749847412,40
496.0495617389679,40
496.0498278141022,124
496.0500638484955,3309
496.0503330230713,40
496.0505406856537,40
496.0507938861847,40
498.04981565475464,40
498.0503308773041,40
498.0503339767456,40
498.0505907535553,124
498.05059576034546,3309
498.05109190940857,40
500.05033588409424,40
500.0505619049072,40
500.05083084106445,40
500.0511088371277,40
500.0513548851013,40
500.05172181129456,124
502.04974389076233,3309
502.04997968673706,40
502.0502407550812,40
502.0504517555237,40
502.05069184303284,40
502.0509977340698,40
504.0506896972656,40
504.05100274086,124
504.0512697696686,3309
504.0514757633209,40
504.0517189502716,40
504.0519998073578,40
506.05073285102844,40
506.05098485946655,40
506.0513138771057,40
506.051549911499,124
506.05178594589233,3309
506.0520098209381,40
508.0504858493805,40
508.05063486099243,40
508.0509157180786,40
508.051157951355,40
508.0514876842499,40
508.0517556667328,124
510.0518057346344,3309
510.0520157814026,40
510.05224990844727,40
510.052533864975,40
510.0527877807617,40
510.05304288864136,40
512.0507156848907,40
512.0510249137878,124
512.0512547492981,3309
512.051501750946,40
512.0517828464508,40
512.0519618988037,40
514.0510156154633,40
514.0512437820435,40
514.0514957904816,40
514.0518038272858,124
514.0520486831665,3309
514.0522637367249,40
516.0512137413025,40
516.051442861557,40
516.0516877174377,40
516.051953792572,40
516.052209854126,40
516.052506685257,124
518.0510277748108,3309
518.0512537956238,40
518.0514817237854,40
518.0517339706421,40
518.0519759654999,40
518.0522458553314,40
520.05211186409,40
520.0523920059204,124
520.0526359081268,3309
520.0528428554535,40
520.0530939102173,40
520.0533618927002,40
522.0518529415131,40
522.0520718097687,40
522.0523178577423,40
522.052622795105,124
522.0529117584229,3309
522.0530829429626,40
524.0519888401031,40
524.0522127151489,40
524.0524528026581,40
524.0527248382568,40
524.0529699325562,40
524.0532636642456,124
526.0518548488617,3309
526.052063703537,40
526.0522978305817,40
526.0525398254395,40
526.0528099536896,40
526.053056716919,40
528.0524318218231,40
528.0527019500732,124
528.0529546737671,3309
528.0531837940216,40
528.0534279346466,40
528.0536758899689,40
530.0530157089233,40
530.0532748699188,40
530.0535228252411,40
530.0538167953491,124
530.0540976524353,3309
530.0543377399445,40
532.0527927875519,40
532.0530307292938,40
532.0532948970795,40
532.0535428524017,40
532.0537898540497,40
532.0540838241577,124
534.054203748703,3309
534.0544307231903,40
534.0546669960022,40
534.0549077987671,40
534.0551607608795,40
534.0554237365723,40
536.055038690567,40
536.0552878379822,124
536.0555329322815,3309
536.0557777881622,40
536.0560207366943,40
536.0562877655029,40
538.0550537109375,40
538.0552709102631,40
538.0555157661438,40
538.0558297634125,124
538.0560767650604,3309
538.0562906265259,40
540.0555658340454,40
540.0558047294617,40
540.0560748577118,40
540.0563237667084,40
540.0565748214722,40
540.0568947792053,124
542.0552637577057,3309
542.0554668903351,40
542.0556948184967,40
542.0559368133545,40
542.0561947822571,40
542.0564386844635,40
544.0555248260498,40
544.0557029247284,124
544.0559577941895,3309
544.0561728477478,40
544.0564348697662,40
544.0566806793213,40
546.0560939311981,40
546.0563478469849,40
546.0566008090973,40
546.0568919181824,124
546.0571329593658,3309
546.0573728084564,40
548.055951833725,40
548.0561947822571,40
548.0564277172089,40
548.0566897392273,40
548.0569279193878,40
548.0572228431702,124
550.0563316345215,3309
550.0565249919891,40
550.0568008422852,40
550.0570418834686,40
550.0573179721832,40
550.0575339794159,40
552.0559937953949,40
552.0562617778778,124
552.0565056800842,3309
552.0567138195038,40
552.0569987297058,40
552.0572669506073,40
554.0564708709717,40
554.0565407276154,40
554.0567808151245,40
554.0570919513702,124
554.0573418140411,3309
554.0575637817383,40
556.0568358898163,40
556.0570697784424,40
556.0573687553406,40
556.0576057434082,40
556.0578536987305,40
556.0581357479095,124
558.0566098690033,3309
558.0567467212677,40
558.0569877624512,40
558.0572538375854,40
558.0575487613678,40
558.0577499866486,40
560.0573728084564,40
560.0576877593994,124
560.0579187870026,3309
560.0581328868866,40
560.0583758354187,40
560.0586769580841,40
562.0573136806488,40
562.0575459003448,40
562.0578179359436,40
562.0581119060516,124
562.0583529472351,3309
562.0585749149323,40
564.0574078559875,40
564.0574917793274,40
564.0577228069305,40
564.057993888855,40
564.0582449436188,40
564.0585198402405,124
566.0573558807373,3309
566.0575368404388,40
566.0577297210693,40
566.0579977035522,40
566.0582609176636,40
566.0585007667542,40
568.0573558807373,40
568.0576279163361,124
568.0578558444977,3309
568.058082818985,40
568.0583429336548,40
568.0585978031158,40
570.0584146976471,40
570.0585708618164,40
570.0588157176971,40
570.059113740921,124
570.059417963028,3309
570.0595967769623,40
572.0583169460297,40
572.0585677623749,40
572.0588109493256,40
572.0590608119965,40
572.059327840805,40
572.05961561203,124
574.057975769043,3309
574.0581896305084,40
574.0584557056427,40
574.0587198734283,40
574.0589556694031,40
574.0591897964478,40
576.0580449104309,40
576.0583107471466,124
576.0585589408875,3309
576.0587816238403,40
576.0590298175812,40
576.0593028068542,40
578.0587038993835,40
578.0589647293091,40
578.0592288970947,40
578.0595316886902,124
578.059773683548,3309
578.0600259304047,40
580.059211730957,40
580.0594277381897,40
580.0596687793732,40
580.0599207878113,40
580.0602288246155,40
580.0604999065399,124
582.0584716796875,3309
582.0586407184601,40
582.0588657855988,40
582.0591177940369,40
582.0593898296356,40
582.059642791748,40
584.0591199398041,40
584.0593929290771,124
584.059663772583,3309
584.0598707199097,40
584.0601227283478,40
584.0603759288788,40
586.1172878742218,40
586.1175339221954,40
586.11785197258,40
586.1182057857513,124
586.1184859275818,3309
586.1187579631805,40
588.1133449077606,40
588.1135878562927,40
588.1138558387756,40
588.1141378879547,40
588.1143987178802,40
588.1146557331085,124
590.1142387390137,3309
590.1144788265228,40
590.1146919727325,40
590.1149797439575,40
590.1152126789093,40
590.1154637336731,40
592.1133179664612,40
592.1136627197266,124
592.1138257980347,3309
592.1140518188477,40
592.1145236492157,40
592.1145849227905,40
594.113728761673,40
594.1139419078827,40
594.1141948699951,40
594.1145536899567,124
594.114758014679,3309
594.1149599552155,40
596.1138906478882,40
596.1141467094421,40
596.1143918037415,40
596.1146156787872,40
596.1148498058319,40
596.1151328086853,124
598.1140677928925,3309
598.1143877506256,40
598.1145217418671,40
598.1147887706757,40
598.115033864975,40
598.1152749061584,40
600.1147589683533,40
600.1150388717651,124
600.1152777671814,3309
600.1154806613922,40
600.1157448291779,40
600.1160078048706,40
602.1139307022095,40
602.114189863205,40
602.114423751831,40
602.1147127151489,124
602.114964723587,3309
602.1151838302612,40
604.1147458553314,40
604.114982843399,40
604.1152439117432,40
604.1154887676239,40
604.1157357692719,40
604.1160509586334,124
606.1148617267609,3309
606.1150169372559,40
606.1152787208557,40
606.1155338287354,40
606.1158146858215,40
606.1160228252411,40
608.1146237850189,40
608.114896774292,124
608.1151328086853,3309
608.1153359413147,40
608.1156079769135,40
608.1158499717712,40
610.1156787872314,40
610.1158928871155,40
610.1161589622498,40
610.1164617538452,124
610.1167237758636,3309
610.1169488430023,40
612.1150727272034,40
612.115288734436,40
612.115523815155,40
612.1158018112183,40
612.1160447597504,40
612.1163358688354,124
614.1151468753815,3309
614.1152987480164,40
614.1155307292938,40
614.1157748699188,40
614.1160418987274,40
614.1162877082825,40
616.1154417991638,40
616.1157088279724,124
616.1159477233887,3309
616.11616563797,40
616.1164119243622,40
616.1166718006134,40
618.1155407428741,40
618.1156837940216,40
618.116046667099,40
618.1163048744202,124
618.1164908409119,3309
618.1167259216309,40
620.1160428524017,40
620.1162617206573,40
620.116534948349,40
620.1167829036713,40
620.1170167922974,40
620.1173527240753,124
622.1159257888794,3309
622.1160848140717,40
622.1163547039032,40
622.116596698761,40
622.1168487071991,40
622.1170947551727,40
624.1161348819733,40
624.1164157390594,124
624.1166307926178,3309
624.1168718338013,40
624.1171138286591,40
624.1173627376556,40
626.1166787147522,40
626.1168987751007,40
626.1171407699585,40
626.117440700531,124
626.1177127361298,3309
626.1179287433624,40
628.1164727210999,40
628.1166467666626,40
628.1168859004974,40
628.1171758174896,40
628.1174259185791,40
628.1177349090576,124
630.1170017719269,3309
630.1171226501465,40
630.1173937320709,40
630.1176388263702,40
630.1178967952728,40
630.1181437969208,40
632.1168828010559,40
632.117152929306,124
632.1174228191376,3309
632.1176269054413,40
632.1178736686707,40
632.1182448863983,40
634.1171736717224,40
634.1173887252808,40
634.1176466941833,40
634.1179556846619,124
634.1181857585907,3309
634.1184058189392,40
636.1170918941498,40
636.1172888278961,40
636.1175107955933,40
636.117791891098,40
636.1180517673492,40
636.1183929443359,124
638.1178288459778,3309
638.1181428432465,40
638.1182677745819,40
638.1184768676758,40
638.1187188625336,40
638.1190249919891,40
640.1180157661438,40
640.1182839870453,124
640.1185078620911,3309
640.1187138557434,40
640.1189827919006,40
640.1192378997803,40
642.1179058551788,40
642.1181137561798,40
642.1184508800507,40
642.1187038421631,124
642.1190807819366,3309
642.11918592453,40
644.1178939342499,40
644.1180808544159,40
644.118350982666,40
644.1185929775238,40
644.1188366413116,40
644.1191418170929,124
646.1209919452667,3309
646.1212527751923,40
646.1215236186981,40
646.1218588352203,40
646.1220557689667,40
646.1223199367523,40
648.1205697059631,40
648.1208448410034,124
648.1211047172546,3309
648.121331691742,40
648.1215896606445,40
648.1218619346619,40
650.1205697059631,40
650.1207919120789,40
650.1210618019104,40
650.1213839054108,124
650.121613740921,3309
650.1218457221985,40
652.1210458278656,40
652.1214318275452,40
652.1215486526489,40
652.1219568252563,40
652.1221027374268,40
652.1223857402802,124
654.1207847595215,3309
654.1209306716919,40
654.121221780777,40
654.121474981308,40
654.1217126846313,40
654.1219708919525,40
656.1212477684021,40
656.1215708255768,124
656.1217830181122,3309
656.1219937801361,40
656.1222407817841,40
656.1225156784058,40
658.1208896636963,40
658.1211478710175,40
658.1214027404785,40
658.1217517852783,124
658.121967792511,3309
658.1221816539764,40
660.1218249797821,40
660.1220269203186,40
660.1222829818726,40
660.1225078105927,40
660.1227838993073,40
660.123096704483,124
662.1213157176971,3309
662.1214687824249,40
662.1217079162598,40
662.121985912323,40
662.1222307682037,40
662.1224808692932,40
664.1220269203186,40
664.1222949028015,124
664.1225306987762,3309
664.1227617263794,40
664.1230328083038,40
664.1232888698578,40
666.1218378543854,40
666.1221377849579,40
666.1223387718201,40
666.1226396560669,124
666.1228656768799,3309
666.1230938434601,40
668.1226308345795,40
668.1228537559509,40
668.123096704483,40
668.123370885849,40
668.1236279010773,40
668.1239807605743,124
670.1237938404083,3309
670.1238787174225,40
670.1241598129272,40
670.1243627071381,40
670.1246387958527,40
670.1248857975006,40
672.1234698295593,40
672.1237499713898,124
672.1239628791809,3309
672.1241838932037,40
672.1244208812714,40
672.124698638916,40
674.1239249706268,40
674.1241509914398,40
674.1244168281555,40
674.1247127056122,124
674.1249797344208,3309
674.1252009868622,40
676.1236047744751,40
676.1238217353821,40
676.1240887641907,40
676.1243908405304,40
676.124579668045,40
676.1248958110809,124
678.1235308647156,3309
678.123697757721,40
678.1239259243011,40
678.1241977214813,40
678.124443769455,40
678.1246907711029,40
680.124175786972,40
680.1244750022888,124
680.1247029304504,3309
680.1249127388,40
680.1251697540283,40
680.125424861908,40
682.1237807273865,40
682.1239738464355,40
682.1242167949677,40
682.1245367527008,124
682.1247828006744,3309
682.1249828338623,40
684.1243388652802,40
684.1243839263916,40
684.1245679855347,40
684.1248178482056,40
684.1250689029694,40
684.1253678798676,124
686.1244156360626,3309
686.1245830059052,40
686.124832868576,40
686.1250789165497,40
686.1253187656403,40
686.1256198883057,40
688.1245386600494,40
688.1247887611389,124
688.1250429153442,3309
688.1252768039703,40
688.1255769729614,40
688.1257419586182,40
690.1251919269562,40
690.1254198551178,40
690.1256709098816,40
690.1259567737579,124
690.126277923584,3309
690.1264407634735,40
692.1243839263916,40
692.124597787857,40
692.1248278617859,40
692.1250567436218,40
692.1253249645233,40
692.1256427764893,124
694.1248679161072,3309
694.1250269412994,40
694.1252708435059,40
694.1255347728729,40
694.1257758140564,40
694.1260678768158,40
696.1250529289246,40
696.1253237724304,124
696.1255688667297,3309
696.1257817745209,40
696.1260957717896,40
696.1263628005981,40
698.1251587867737,40
698.1253807544708,40
698.1256339550018,40
698.1259527206421,124
698.1261918544769,3309
698.1263859272003,40
700.1262047290802,40
700.1264226436615,40
700.1266939640045,40
700.1269638538361,40
700.1272008419037,40
700.1274967193604,124
702.1256647109985,3309
702.1258838176727,40
702.126128911972,40
702.1263806819916,40
702.1266348361969,40
702.126880645752,40
704.1256349086761,40
704.1257519721985,124
704.1262018680573,3309
704.1262056827545,40
704.1264817714691,40
704.1266787052155,40
706.1257977485657,40
706.1259698867798,40
706.1262147426605,40
706.1265587806702,124
706.12677693367,3309
706.1269817352295,40
708.1260018348694,40
708.1262419223785,40
708.1264908313751,40
708.1267528533936,40
708.1269857883453,40
708.1272728443146,124
710.126277923584,3309
710.1264679431915,40
710.1267986297607,40
710.1270158290863,40
710.1272468566895,40
710.127498626709,40
712.1261448860168,40
712.1263859272003,124
712.1266057491302,3309
712.1268367767334,40
712.1270878314972,40
712.1273307800293,40
714.1265218257904,40
714.1267557144165,40
714.1270287036896,40
714.1273357868195,124
714.127593755722,3309
714.1277887821198,40
716.1262648105621,40
716.1264958381653,40
716.1267349720001,40
716.1269829273224,40
716.1272518634796,40
716.1275718212128,124
718.1271457672119,3309
718.1273646354675,40
718.1276109218597,40
718.1278278827667,40
718.1280717849731,40
718.1283457279205,40
720.1275396347046,40
720.1278238296509,124
720.1280708312988,3309
720.1282618045807,40
720.1285288333893,40
720.1287968158722,40
722.1271119117737,40
722.1273317337036,40
722.1275737285614,40
722.1278917789459,124
722.1281778812408,3309
722.1284227371216,40
724.1270008087158,40
724.1271457672119,40
724.1273849010468,40
724.1276397705078,40
724.1279137134552,40
724.1282107830048,124
726.1271457672119,3309
726.1273338794708,40
726.1275668144226,40
726.1277987957001,40
726.128066778183,40
726.1283028125763,40
728.1276109218597,40
728.1278748512268,124
728.1281499862671,3309
728.1283099651337,40
728.128565788269,40
728.1287968158722,40
730.1281998157501,40
730.1283857822418,40
730.128616809845,40
730.1289067268372,124
730.1291427612305,3309
730.1293907165527,40
732.1278138160706,40
732.1280317306519,40
732.1282858848572,40
732.1285457611084,40
732.1287939548492,40
732.1290998458862,124
734.1282958984375,3309
734.1284646987915,40
734.1287236213684,40
734.1289718151093,40
734.1292157173157,40
734.1294887065887,40
736.1282749176025,40
736.1286418437958,124
736.1287477016449,3309
736.128990650177,40
736.1292269229889,40
736.1297378540039,40
738.1286528110504,40
738.1288816928864,40
738.1291537284851,40
738.1294717788696,124
738.1296927928925,3309
738.1299297809601,40
740.1289236545563,40
740.1291179656982,40
740.1293668746948,40
740.1296517848969,40
740.1299147605896,40
740.1302058696747,124
742.1286897659302,3309
742.1288788318634,40
742.129106760025,40
742.1293869018555,40
742.1296226978302,40
742.129864692688,40
744.1288938522339,40
744.1291580200195,124
744.1293859481812,3309
744.1296179294586,40
744.1298637390137,40
744.1301648616791,40
746.1292998790741,40
746.12952876091,40
746.1298317909241,40
746.1300888061523,124
746.1303448677063,3309
746.1305737495422,40
748.1292357444763,40
748.1294279098511,40
748.1296699047089,40
748.1299428939819,40
748.1301999092102,40
748.1304967403412,124
750.1296126842499,3309
750.1297707557678,40
750.1300330162048,40
750.1302878856659,40
750.1305418014526,40
750.1307718753815,40
752.1292767524719,40
752.1294896602631,124
752.1297287940979,3309
752.13037276268,40
752.1303818225861,40
752.1304316520691,40
754.1293168067932,40
754.1295456886292,40
754.1297867298126,40
754.130120754242,124
754.1303517818451,3309
754.1306357383728,40
756.1296429634094,40
756.1298608779907,40
756.1301338672638,40
756.1303386688232,40
756.1306118965149,40
756.1309268474579,124
758.1300117969513,3309
758.130197763443,40
758.1304368972778,40
758.1307146549225,40
758.1310830116272,40
758.1312448978424,40
760.1310429573059,40
760.1313557624817,124
760.1315867900848,3309
760.1318237781525,40
760.1320736408234,40
760.1323368549347,40
762.13028383255,40
762.1304907798767,40
762.1307339668274,40
762.1310677528381,124
762.1313338279724,3309
762.1315407752991,40
764.1301708221436,40
764.1303777694702,40
764.1306109428406,40
764.130854845047,40
764.1311500072479,40
764.1314957141876,124
766.1304817199707,3309
766.1306476593018,40
766.1308808326721,40
766.1311287879944,40
766.1314339637756,40
766.1316938400269,40
768.1308348178864,40
768.1311008930206,124
768.1313939094543,3309
768.1316328048706,40
768.1318657398224,40
768.1321218013763,40
770.1318237781525,40
770.132034778595,40
770.1323556900024,40
770.1326169967651,124
770.1328768730164,3309
770.1331028938293,40
772.1311316490173,40
772.1313986778259,40
772.1316647529602,40
772.1319897174835,40
772.132171869278,40
772.1324717998505,124
774.1306579113007,3309
774.1308877468109,40
774.1310937404633,40
774.1314198970795,40
774.1316187381744,40
774.1318957805634,40
776.1317949295044,40
776.1320908069611,124
776.1323208808899,3309
776.1325209140778,40
776.1327688694,40
776.1330397129059,40
778.1315948963165,40
778.131829738617,40
778.132052898407,40
778.1323938369751,124
778.1326308250427,3309
778.1328268051147,40
780.1321988105774,40
780.132444858551,40
780.1326878070831,40
780.1329808235168,40
780.1332547664642,40
780.1335098743439,124
782.1315507888794,3309
782.1317567825317,40
782.132004737854,40
782.1322968006134,40
782.1325147151947,40
782.1327528953552,40
784.1319906711578,40
784.1322808265686,124
784.1325099468231,3309
784.1327369213104,40
784.1329777240753,40
784.1332316398621,40
786.1325688362122,40
786.1328287124634,40
786.1330778598785,40
786.1333568096161,124
786.1336178779602,3309
786.1338429450989,40
788.1321468353271,40
788.1323788166046,40
788.1325998306274,40
788.13285779953,40
788.1331226825714,40
788.1334307193756,124
790.1329698562622,3309
790.133172750473,40
790.1334099769592,40
790.1336567401886,40
790.133918762207,40
790.134183883667,40
792.1325147151947,40
792.1327788829803,124
792.1330168247223,3309
792.1332428455353,40
792.1335079669952,40
792.1337566375732,40
794.1332108974457,40
794.1334238052368,40
794.1337049007416,40
794.13396692276,124
794.1342267990112,3309
794.1344609260559,40
796.1330387592316,40
796.1332607269287,40
796.1334977149963,40
796.1337749958038,40
796.1340188980103,40
796.1343197822571,124
798.1334066390991,3309
798.1335837841034,40
798.133850812912,40
798.134105682373,40
798.1343648433685,40
798.1346037387848,40
800.1350317001343,40
800.1353056430817,124
800.1355316638947,3309
800.135746717453,40
800.1365189552307,40
800.136522769928,40
802.1337718963623,40
802.133975982666,40
802.134251832962,40
802.1345608234406,124
802.1348066329956,3309
802.1350109577179,40
804.1340067386627,40
804.1340477466583,40
804.1343259811401,40
804.1345858573914,40
804.1347708702087,40
804.1350789070129,124
806.1337237358093,3309
806.1339027881622,40
806.1341388225555,40
806.1343967914581,40
806.1346528530121,40
806.1349008083344,40
808.1341698169708,40
808.134391784668,124
808.1346578598022,3309
808.1348898410797,40
808.1351146697998,40
808.1353647708893,40
810.1345767974854,40
810.1348347663879,40
810.1352298259735,40
810.1353828907013,124
810.1356136798859,3309
810.1358509063721,40
812.1345767974854,40
812.1348056793213,40
812.1350727081299,40
812.1353259086609,40
812.1355717182159,40
812.1358618736267,124
814.1346957683563,3309
814.1348476409912,40
814.1351008415222,40
814.135354757309,40
814.1356329917908,40
814.1358458995819,40
816.1347289085388,40
816.1350119113922,124
816.135241985321,3309
816.1355948448181,40
816.1357388496399,40
816.1359798908234,40
818.1350917816162,40
818.135315656662,40
818.1355957984924,40
818.135883808136,124
818.1361317634583,3309
818.136344909668,40
820.1354978084564,40
820.1356558799744,40
820.1358938217163,40
820.1361429691315,40
820.1364028453827,40
820.1367237567902,124
822.1352579593658,3309
822.1354699134827,40
822.1357147693634,40
822.1359808444977,40
822.1362118721008,40
822.1364736557007,40
824.1351728439331,40
824.1354796886444,124
824.1356608867645,3309
824.1358768939972,40
824.1363067626953,40
824.1363956928253,40
826.1355876922607,40
826.1358118057251,40
826.1360638141632,40
826.1363797187805,124
826.1366047859192,3309
826.1368169784546,40
828.1356608867645,40
828.1358888149261,40
828.1361298561096,40
828.1364178657532,40
828.1366498470306,40
828.1369407176971,124
830.1365218162537,3309
830.1380338668823,40
830.1389737129211,40
830.1394317150116,40
830.140597820282,40
830.1415119171143,40
832.1360769271851,40
832.1363718509674,124
832.1366000175476,3309
832.1368217468262,40
832.1370656490326,40
832.1373178958893,40
834.1364078521729,40
834.1366288661957,40
834.136953830719,40
834.1371998786926,124
834.137464761734,3309
834.137678861618,40
836.1359627246857,40
836.1361448764801,40
836.1363677978516,40
836.1366348266602,40
836.1368978023529,40
836.1372468471527,124
838.1364727020264,3309
838.1366708278656,40
838.1369009017944,40
838.1371886730194,40
838.1374177932739,40
838.1376647949219,40
840.1370878219604,40
840.1373698711395,124
840.1376397609711,3309
840.1378109455109,40
840.1380589008331,40
840.138347864151,40
842.1371598243713,40
842.137167930603,40
842.1372919082642,40
842.1376037597656,124
842.1378548145294,3309
842.1380758285522,40
844.1371448040009,40
844.13738489151,40
844.1375858783722,40
844.1378328800201,40
844.1380798816681,40
844.138466835022,124
846.13765001297,3309
846.1378259658813,40
846.1381118297577,40
846.1384007930756,40
846.1385617256165,40
846.1388499736786,40
848.1375689506531,40
848.1378626823425,124
848.1379907131195,3309
848.1380548477173,40
848.1382858753204,40
848.138534784317,40
850.1381587982178,40
850.1383986473083,40
850.1386647224426,40
850.1389527320862,124
850.139191865921,3309
850.1394009590149,40
852.1372668743134,40
852.1374788284302,40
852.1377189159393,40
852.1379528045654,40
852.138219833374,40
852.1385269165039,124
854.137856721878,3309
854.1380367279053,40
854.1383228302002,40
854.1385328769684,40
854.1388008594513,40
854.1390249729156,40
856.137818813324,40
856.1381669044495,124
856.1383147239685,3309
856.1385419368744,40
856.1387877464294,40
856.1390419006348,40
858.1377418041229,40
858.1379568576813,40
858.1381869316101,40
858.1385147571564,124
858.1387367248535,3309
858.1390089988708,40
860.1391339302063,40
860.1393368244171,40
860.1395838260651,40
860.1398558616638,40
860.1401538848877,40
860.1404478549957,124
862.1383187770844,3309
862.1385118961334,40
862.1387226581573,40
862.13898396492,40
862.1392357349396,40
862.1394877433777,40
864.1386609077454,40
864.1389358043671,124
864.1391797065735,3309
864.1394138336182,40
864.1396358013153,40
864.139880657196,40
866.1388487815857,40
866.1390566825867,40
866.1393268108368,40
866.1396338939667,124
866.1398708820343,3309
866.1401238441467,40
868.1387038230896,40
868.1389398574829,40
868.1392457485199,40
868.1394107341766,40
868.1397037506104,40
868.1399967670441,124
870.139750957489,3309
870.139931678772,40
870.1401767730713,40
870.1404297351837,40
870.1407067775726,40
870.1409769058228,40
872.1393067836761,40
872.139556646347,124
872.1398289203644,3309
872.1400468349457,40
872.1402907371521,40
872.1405477523804,40
874.1397008895874,40
874.1399128437042,40
874.1401808261871,40
874.1404929161072,124
874.1407117843628,3309
874.1409428119659,40
876.1396028995514,40
876.1398179531097,40
876.1400609016418,40
876.1403398513794,40
876.140585899353,40
876.1408758163452,124
878.1397957801819,3309
878.1399867534637,40
878.1402156352997,40
878.1404938697815,40
878.1407396793365,40
878.1409947872162,40
880.140213727951,40
880.1405169963837,124
880.1407568454742,3309
880.1409668922424,40
880.1412107944489,40
880.1415297985077,40
882.1401467323303,40
882.1404008865356,40
882.1406228542328,40
882.1409447193146,124
882.1411647796631,3309
882.1414079666138,40
884.1397428512573,40
884.1399986743927,40
884.1402237415314,40
884.140481710434,40
884.1406998634338,40
884.1410088539124,124
886.1403098106384,3309
886.1404328346252,40
886.140704870224,40
886.1409447193146,40
886.1411769390106,40
886.141471862793,40
888.1406297683716,40
888.1409208774567,124
888.1413168907166,3309
888.1414227485657,40
888.1416668891907,40
888.141922712326,40
890.141518831253,40
890.1417407989502,40
890.1420056819916,40
890.1423208713531,124
890.1425578594208,3309
890.142767906189,40
892.1406407356262,40
892.1408369541168,40
892.1410717964172,40
892.1413598060608,40
892.1416208744049,40
892.1419117450714,124
894.1410269737244,3309
894.141147851944,40
894.1414308547974,40
894.1417019367218,40
894.1419486999512,40
894.1422238349915,40
896.1408958435059,40
896.1411447525024,124
896.1414189338684,3309
896.1416339874268,40
896.141922712326,40
896.1421687602997,40
898.141453742981,40
898.1416778564453,40
898.1419458389282,40
898.1422579288483,124
898.1424787044525,3309
898.1426849365234,40
900.1417927742004,40
900.1420078277588,40
900.1422717571259,40
900.1425156593323,40
900.1427578926086,40
900.143052816391,124
902.1416339874268,3309
902.1418328285217,40
902.1421418190002,40
902.1423509120941,40
902.1425857543945,40
902.1428768634796,40
904.1414468288422,40
904.141738653183,124
904.1419599056244,3309
904.142166852951,40
904.1424829959869,40
904.1426727771759,40
906.1423027515411,40
906.1425547599792,40
906.1428089141846,40
906.1430938243866,124
906.1433429718018,3309
906.143572807312,40
908.1423618793488,40
908.1426208019257,40
908.1428298950195,40
908.1430797576904,40
908.1433298587799,40
908.1436419487,124
910.1432566642761,3309
910.1434378623962,40
910.1436998844147,40
910.1439566612244,40
910.1442029476166,40
910.1444647312164,40
912.1424498558044,40
912.1427268981934,124
912.1429598331451,3309
912.1431968212128,40
912.1434547901154,40
912.1436839103699,40
914.1435759067535,40
914.143828868866,40
914.144054889679,40
914.1443548202515,124
914.144615650177,3309
914.1448278427124,40
916.1431579589844,40
916.1431968212128,40
916.143462896347,40
916.1437108516693,40
916.1439597606659,40
916.1442968845367,124
918.1432037353516,3309
918.1433959007263,40
918.1436579227448,40
918.1439046859741,40
918.144152879715,40
918.1443977355957,40
920.1436038017273,40
920.1438398361206,124
920.144065618515,3309
920.1442749500275,40
920.1445138454437,40
920.1447927951813,40
922.1435058116913,40
922.14373087883,40
922.144003868103,40
922.1443088054657,124
922.1445548534393,3309
922.1447579860687,40
924.1438028812408,40
924.1438398361206,40
924.1440439224243,40
924.1443037986755,40
924.144553899765,40
924.1448566913605,124
926.1440689563751,3309
926.1442918777466,40
926.1445178985596,40
926.1447718143463,40
926.14501786232,40
926.1453008651733,40
928.1437718868256,40
928.14399766922,124
928.1442468166351,3309
928.1444847583771,40
928.1447236537933,40
928.1449937820435,40
930.1450419425964,40
930.1452877521515,40
930.1455438137054,40
930.1459877490997,124
930.1460888385773,3309
930.1463136672974,40
932.1438689231873,40
932.1440818309784,40
932.1443238258362,40
932.1445670127869,40
932.1448457241058,40
932.1451590061188,124
934.1438958644867,3309
934.1440958976746,40
934.1443958282471,40
934.1445868015289,40
934.1448466777802,40
934.1451048851013,40
936.1447048187256,40
936.1449627876282,124
936.1452467441559,3309
936.145439863205,40
936.1457197666168,40
936.1459329128265,40
938.145350933075,40
938.1455438137054,40
938.1457939147949,40
938.1460838317871,124
938.1463806629181,3309
938.1466047763824,40
940.1546547412872,40
940.1549868583679,40
940.1553537845612,40
940.1557147502899,40
940.1560637950897,40
940.1564886569977,124
942.1450548171997,3309
942.1452987194061,40
942.145489692688,40
942.1457438468933,40
942.1459867954254,40
942.1462807655334,40
944.1448369026184,40
944.1451437473297,124
944.1454019546509,3309
944.145528793335,40
944.1457908153534,40
944.146036863327,40
946.1450529098511,40
946.1452829837799,40
946.145525932312,40
946.1458218097687,124
946.1460838317871,3309
946.1462907791138,40
948.1455316543579,40
948.1457679271698,40
948.1460340023041,40
948.1462857723236,40
948.1465537548065,40
948.1468188762665,124
950.1460008621216,3309
950.1461498737335,40
950.1463918685913,40
950.1466467380524,40
950.146892786026,40
950.1472759246826,40
952.1454358100891,40
952.1456518173218,124
952.1459028720856,3309
952.1460998058319,40
952.1463718414307,40
952.1466188430786,40
954.1461298465729,40
954.1464178562164,40
954.146625995636,40
954.1469407081604,124
954.147166967392,3309
954.1473977565765,40
956.1460318565369,40
956.1463956832886,40
956.1464197635651,40
956.146693944931,40
956.1469566822052,40
956.1472449302673,124
958.1464567184448,3309
958.1466627120972,40
958.1469278335571,40
958.1471886634827,40
958.1474528312683,40
958.1477057933807,40
960.1468758583069,40
960.1471948623657,124
960.1474058628082,3309
960.1476197242737,40
960.1478617191315,40
960.1481609344482,40
962.1464736461639,40
962.1466948986053,40
962.1469447612762,40
962.147293806076,124
962.1475057601929,3309
962.1477029323578,40
964.1467447280884,40
964.1469557285309,40
964.1471898555756,40
964.1474878787994,40
964.1477117538452,40
964.1480097770691,124
966.1467566490173,3309
966.1469557285309,40
966.1471858024597,40
966.1474537849426,40
966.1477308273315,40
966.1479427814484,40
968.1466708183289,40
968.1470098495483,124
968.1471877098083,3309
968.1473896503448,40
968.1476447582245,40
968.1479067802429,40
970.1473648548126,40
970.1475477218628,40
970.1478197574615,40
970.1481468677521,124
970.1483566761017,3309
970.148580789566,40
972.1473338603973,40
972.1474788188934,40
972.1478447914124,40
972.1479556560516,40
972.1482038497925,40
972.1485056877136,124
974.1473107337952,3309
974.1474947929382,40
974.1478228569031,40
974.1480429172516,40
974.1482486724854,40
974.1485028266907,40
976.1475727558136,40
976.1478428840637,124
976.1480717658997,3309
976.1483237743378,40
976.1485679149628,40
976.148797750473,40
978.1476438045502,40
978.1478688716888,40
978.1480948925018,40
978.1483907699585,124
978.1486518383026,3309
978.1488687992096,40
980.1489617824554,40
980.1491656303406,40
980.1494107246399,40
980.1496939659119,40
980.1499807834625,40
980.1502377986908,124
982.1475057601929,3309
982.147668838501,40
982.1479249000549,40
982.1481738090515,40
982.1485538482666,40
982.1486518383026,40
984.1485629081726,40
984.148806810379,124
984.1490907669067,3309
984.1493058204651,40
984.1495387554169,40
984.149790763855,40
986.1486768722534,40
986.1488907337189,40
986.1491668224335,40
986.1494588851929,124
986.149701833725,3309
986.1499028205872,40
988.1488137245178,40
988.1490359306335,40
988.1493008136749,40
988.1495637893677,40
988.1497986316681,40
988.1500837802887,124
990.1499316692352,3309
990.1501317024231,40
990.1503839492798,40
990.1506407260895,40
990.1508867740631,40
990.1511528491974,40
992.1485986709595,40
992.148857831955,124
992.1490807533264,3309
992.1493546962738,40
992.1495587825775,40
992.1498057842255,40
994.1501498222351,40
994.1503798961639,40
994.1506297588348,40
994.150946855545,124
994.1511948108673,3309
994.1514387130737,40
996.1501798629761,40
996.1505267620087,40
996.1506567001343,40
996.1509208679199,40
996.1511697769165,40
996.1514999866486,124
998.1505348682404,3309
998.1505806446075,40
998.1508247852325,40
998.1515169143677,40
998.1515207290649,40
998.1516189575195,40
1000.1508188247681,40
1000.1510949134827,124
1000.1513566970825,3309
1000.1516177654266,40
1000.1518888473511,40
1000.1521339416504,40
1002.15061378479,40
1002.1509907245636,40
1002.15114569664,40
1002.1513769626617,124
1002.151713848114,3309
1002.1518838405609,40
1004.1509509086609,40
1004.151184797287,40
1004.1514427661896,40
1004.1517317295074,40
1004.1519777774811,40
1004.1522896289825,124
1006.1510028839111,3309
1006.1511669158936,40
1006.1514317989349,40
1006.1517198085785,40
1006.1519668102264,40
1006.1522128582001,40
1008.1512608528137,40
1008.1515626907349,124
1008.1518058776855,3309
1008.1520447731018,40
1008.1522908210754,40
1008.152539730072,40
1010.1521468162537,40
1010.1523749828339,40
1010.1526396274567,40
1010.1529529094696,124
1010.1531958580017,3309
1010.1534197330475,40
1012.1515419483185,40
1012.1516058444977,40
1012.1518428325653,40
1012.1520929336548,40
1012.152355670929,40
1012.1526498794556,124
1014.1522078514099,3309
1014.1525058746338,40
1014.1525099277496,40
1014.1529216766357,40
1014.1529378890991,40
1014.1533830165863,40
1016.1519689559937,40
1016.1522767543793,124
1016.1524906158447,3309
1016.1526968479156,40
1016.1529397964478,40
1016.1531896591187,40
1018.1527998447418,40
1018.1530277729034,40
1018.1532707214355,40
1018.1535727977753,124
1018.1538398265839,3309
1018.1540467739105,40
1020.1523249149323,40
1020.1525597572327,40
1020.1528179645538,40
1020.1530728340149,40
1020.153336763382,40
1020.1536009311676,124
1022.151969909668,3309
1022.1522088050842,40
1022.152510881424,40
1022.1526749134064,40
1022.152911901474,40
1022.1531896591187,40
1024.1528978347778,40
1024.1531896591187,124
1024.1534359455109,3309
1024.1536448001862,40
1024.1538789272308,40
1024.1541578769684,40
1026.1529657840729,40
1026.1532037258148,40
1026.1534678936005,40
1026.1537749767303,124
1026.154002904892,3309
1026.154217004776,40
1028.1526527404785,40
1028.1530249118805,40
1028.1531178951263,40
1028.1533749103546,40
1028.1536598205566,40
1028.1539146900177,124
1030.153178691864,3309
1030.1533887386322,40
1030.1536486148834,40
1030.15389585495,40
1030.154126882553,40
1030.154414653778,40
1032.1530759334564,40
1032.1533617973328,124
1032.1535818576813,3309
1032.1538207530975,40
1032.1540608406067,40
1032.1543028354645,40
1034.1538939476013,40
1034.1541368961334,40
1034.1543867588043,40
1034.1547048091888,124
1034.154932975769,3309
1034.1551749706268,40
1036.1536388397217,40
1036.1538708209991,40
1036.1543679237366,40
1036.1545708179474,40
1036.1548068523407,40
1036.1549198627472,124
1038.154091835022,3309
1038.15433883667,40
1038.154572725296,40
1038.1548328399658,40
1038.155075788498,40
1038.1553587913513,40
1040.1547937393188,40
1040.155045747757,124
1040.1552948951721,3309
1040.1555359363556,40
1040.1557958126068,40
1040.1560447216034,40
1042.1542818546295,40
1042.1544966697693,40
1042.1547539234161,40
1042.1550829410553,124
1042.155288696289,3309
1042.1555008888245,40
1044.1544189453125,40
1044.154462814331,40
1044.154534816742,40
1044.154799938202,40
1044.155042886734,40
1044.1553318500519,124
1046.1545848846436,3309
1046.1547636985779,40
1046.1550087928772,40
1046.1552579402924,40
1046.1555018424988,40
1046.1557519435883,40
1048.1545839309692,40
1048.154854774475,124
1048.1551098823547,3309
1048.155330657959,40
1048.155574798584,40
1048.1558258533478,40
1050.15536570549,40
1050.155574798584,40
1050.155829668045,40
1050.1561329364777,124
1050.1563928127289,3309
1050.1566107273102,40
1052.1545689105988,40
1052.1548128128052,40
1052.1552929878235,40
1052.1553168296814,40
1052.1555678844452,40
1052.1558816432953,124
1054.1551568508148,3309
1054.1553707122803,40
1054.155586719513,40
1054.1558547019958,40
1054.1560897827148,40
1054.1563367843628,40
1056.155669927597,40
1056.1561138629913,124
1056.1561748981476,3309
1056.1563806533813,40
1056.1566307544708,40
1056.1569056510925,40
1058.1555778980255,40
1058.1557958126068,40
1058.1560707092285,40
1058.1563827991486,124
1058.1566379070282,3309
1058.1568236351013,40
1060.1562099456787,40
1060.1564357280731,40
1060.156661748886,40
1060.1569156646729,40
1060.1571967601776,40
1060.1574869155884,124
1062.1559507846832,3309
1062.1561486721039,40
1062.156430721283,40
1062.156661748886,40
1062.1569547653198,40
1062.1571717262268,40
1064.156103849411,40
1064.1563839912415,124
1064.1566288471222,3309
1064.1568398475647,40
1064.157087802887,40
1064.157363653183,40
1066.1558768749237,40
1066.1560888290405,40
1066.1563308238983,40
1066.156653881073,124
1066.1568949222565,3309
1066.1570947170258,40
1068.1563148498535,40
1068.156546831131,40
1068.1568207740784,40
1068.1570646762848,40
1068.1573119163513,40
1068.1576128005981,124
1070.1570029258728,3309
1070.1571698188782,40
1070.1574048995972,40
1070.1576499938965,40
1070.1579267978668,40
1070.1581728458405,40
1072.1566317081451,40
1072.1568887233734,124
1072.1571567058563,3309
1072.1573598384857,40
1072.1576137542725,40
1072.1578497886658,40
1074.1566967964172,40
1074.156921863556,40
1074.1571829319,40
1074.1574947834015,124
1074.1577317714691,3309
1074.1579387187958,40
1076.156641960144,40
1076.156864643097,40
1076.157096862793,40
1076.1573748588562,40
1076.157619714737,40
1076.1579258441925,124
1078.1570677757263,3309
1078.157214641571,40
1078.1574459075928,40
1078.1577486991882,40
1078.157958984375,40
1078.1582608222961,40
1080.1575329303741,40
1080.1578357219696,124
1080.1580848693848,3309
1080.158302783966,40
1080.1585476398468,40
1080.1588208675385,40
1082.1574547290802,40
1082.1576697826385,40
1082.1579427719116,40
1082.1582357883453,124
1082.1584758758545,3309
1082.158891916275,40
1084.1575558185577,40
1084.1577877998352,40
1084.1580498218536,40
1084.1583037376404,40
1084.158541917801,40
1084.1588258743286,124
1086.1576359272003,3309
1086.1578147411346,40
1086.1580538749695,40
1086.158323764801,40
1086.1585717201233,40
1086.1588168144226,40
1088.1580119132996,40
1088.1582658290863,124
1088.158541917801,3309
1088.1587529182434,40
1088.1589999198914,40
1088.1592509746552,40
1090.1588888168335,40
1090.1591227054596,40
1090.1593718528748,40
1090.1597456932068,124
1090.159950017929,3309
1090.1601758003235,40
1092.1580648422241,40
1092.1583137512207,40
1092.1585447788239,40
1092.1588146686554,40
1092.1590609550476,40
1092.1593418121338,124
1094.1582307815552,3309
1094.1584358215332,40
1094.1586668491364,40
1094.1589407920837,40
1094.159185886383,40
1094.1594388484955,40
1096.15851688385,40
1096.1588208675385,124
1096.1591656208038,3309
1096.1592688560486,40
1096.159512758255,40
1096.1597669124603,40
1098.1586458683014,40
1098.158849954605,40
1098.1590888500214,40
1098.1594216823578,124
1098.1596467494965,3309
1098.1598558425903,40
1100.1596398353577,40
1100.159865617752,40
1100.1601078510284,40
1100.160389661789,40
1100.1607859134674,40
1100.1609749794006,124
1102.1590099334717,3309
1102.1591777801514,40
1102.1594157218933,40
1102.1596829891205,40
1102.159926891327,40
1102.1601707935333,40
1104.1590268611908,40
1104.159295797348,124
1104.1595358848572,3309
1104.1598348617554,40
1104.1600828170776,40
1104.1602847576141,40
1106.1589977741241,40
1106.1592056751251,40
1106.1594429016113,40
1106.1597578525543,124
1106.1600029468536,3309
1106.160211801529,40
1108.159473657608,40
1108.1596999168396,40
1108.1599628925323,40
1108.1602036952972,40
1108.1604688167572,40
1108.1608397960663,124
1110.1601758003235,3309
1110.1603786945343,40
1110.160612821579,40
1110.1608848571777,40
1110.1611456871033,40
1110.1613898277283,40
1112.1597337722778,40
1112.160015821457,124
1112.1602339744568,3309
1112.1604828834534,40
1112.1607208251953,40
1112.160978794098,40
1114.1599617004395,40
1114.1601829528809,40
1114.1604578495026,40
1114.1607728004456,124
1114.1610236167908,3309
1114.1612117290497,40
1116.1603066921234,40
1116.1605288982391,40
1116.160808801651,40
1116.1609647274017,40
1116.1612179279327,40
1116.161506652832,124
1118.160428762436,3309
1118.160621881485,40
1118.160877943039,40
1118.1611287593842,40
1118.161370754242,40
1118.1616599559784,40
1120.1603198051453,40
1120.1605849266052,124
1120.1608047485352,3309
1120.1610429286957,40
1120.1612918376923,40
1120.1615986824036,40
1122.160202741623,40
1122.1604406833649,40
1122.1606657505035,40
1122.1609647274017,124
1122.1612207889557,3309
1122.1614286899567,40
1124.160015821457,40
1124.160267829895,40
1124.1605558395386,40
1124.1607718467712,40
1124.160966873169,40
1124.1613597869873,124
1126.1607158184052,3309
1126.16090798378,40
1126.1611588001251,40
1126.161409854889,40
1126.161691904068,40
1126.161943912506,40
1128.1605236530304,40
1128.1608018875122,124
1128.1610338687897,3309
1128.1612358093262,40
1128.1614768505096,40
1128.161813735962,40
1130.1617758274078,40
1130.1620090007782,40
1130.1622638702393,40
1130.1625459194183,124
1130.162808895111,3309
1130.1630418300629,40
1132.1611609458923,40
1132.1613748073578,40
1132.1616458892822,40
1132.1619267463684,40
1132.1621768474579,40
1132.162487745285,124
1134.1619138717651,3309
1134.1621198654175,40
1134.1623628139496,40
1134.1626257896423,40
1134.1628687381744,40
1134.1631486415863,40
1136.1613669395447,40
1136.1616468429565,124
1136.1618938446045,3309
1136.1621057987213,40
1136.16237282753,40
1136.162615776062,40
1138.1615588665009,40
1138.1618146896362,40
1138.162062883377,40
1138.162329673767,124
1138.1626098155975,3309
1138.1628217697144,40
1140.1623578071594,40
1140.162598848343,40
1140.1628367900848,40
1140.1630816459656,40
1140.1633279323578,40
1140.1636629104614,124
1142.1618468761444,3309
1142.1620519161224,40
1142.1622920036316,40
1142.1625249385834,40
1142.162811756134,40
1142.1630508899689,40
1144.1621499061584,40
1144.162445783615,124
1144.1626126766205,3309
1144.162823677063,40
1144.1631019115448,40
1144.1633439064026,40
1146.162782907486,40
1146.1630330085754,40
1146.1632828712463,40
1146.1635727882385,124
1146.1638226509094,3309
1146.1640408039093,40
1148.1629829406738,40
1148.1632277965546,40
1148.1634798049927,40
1148.1637227535248,40
1148.163967847824,40
1148.164286851883,124
1150.1638896465302,3309
1150.1639387607574,40
1150.164170742035,40
1150.164481639862,40
1150.1647727489471,40
1150.164934873581,40
1152.1629688739777,40
1152.1632328033447,124
1152.1634588241577,3309
1152.1636757850647,40
1152.1639156341553,40
1152.1641628742218,40
1154.1627259254456,40
1154.1629419326782,40
1154.1631858348846,40
1154.1634919643402,124
1154.1637330055237,3309
1154.1639437675476,40
1156.1628248691559,40
1156.1630778312683,40
1156.1633236408234,40
1156.1635377407074,40
1156.1638178825378,40
1156.1641128063202,124
1158.1635897159576,3309
1158.1638429164886,40
1158.1640367507935,40
1158.1642878055573,40
1158.1645538806915,40
1158.1647896766663,40
1160.1642627716064,40
1160.1645498275757,124
1160.1647589206696,3309
1160.1649787425995,40
1160.165248632431,40
1160.165510892868,40
1162.1634259223938,40
1162.163655757904,40
1162.1639018058777,40
1162.164193868637,124
1162.164433002472,3309
1162.16463971138,40
1164.1642317771912,40
1164.164282798767,40
1164.1644349098206,40
1164.1647987365723,40
1164.1649508476257,40
1164.1652438640594,124
1166.163923740387,3309
1166.1641178131104,40
1166.1643509864807,40
1166.1646058559418,40
1166.1648716926575,40
1166.165121793747,40
1168.1641929149628,40
1168.1644599437714,124
1168.1647217273712,3309
1168.1649498939514,40
1168.1651906967163,40
1168.165442943573,40
1170.1650948524475,40
1170.1656396389008,40
1170.1656439304352,40
1170.1658778190613,124
1170.1661388874054,3309
1170.166366815567,40
1172.1639268398285,40
1172.1641726493835,40
1172.1644098758698,40
1172.164649963379,40
1172.1648919582367,40
1172.1652097702026,124
1174.164455652237,3309
1174.1646387577057,40
1174.1648797988892,40
1174.165126800537,40
1174.1654257774353,40
1174.1656498908997,40
1176.1647968292236,40
1176.1650557518005,124
1176.1652886867523,3309
1176.1655297279358,40
1176.1657829284668,40
1176.1660318374634,40
1178.1649158000946,40
1178.1651449203491,40
1178.1653838157654,40
1178.165685892105,124
1178.1659388542175,3309
1178.1664109230042,40
1180.1656386852264,40
1180.1659018993378,40
1180.166141986847,40
1180.1663887500763,40
1180.166630744934,40
1180.1669566631317,124
1182.1649849414825,3309
1182.165186882019,40
1182.165400981903,40
1182.1656339168549,40
1182.165897846222,40
1182.1661517620087,40
1184.165504693985,40
1184.165786743164,124
1184.1659877300262,3309
1184.1662187576294,40
1184.1664617061615,40
1184.166711807251,40
1186.1655259132385,40
1186.1657919883728,40
1186.1660068035126,40
1186.1662986278534,124
1186.16654586792,3309
1186.1668057441711,40
1188.1657028198242,40
1188.1659798622131,40
1188.1661567687988,40
1188.166429758072,40
1188.1667947769165,40
1188.1669838428497,124
1190.1663029193878,3309
1190.166502714157,40
1190.166750907898,40
1190.1669929027557,40
1190.1672637462616,40
1190.1674938201904,40
1192.166354894638,40
1192.16663479805,124
1192.166886806488,3309
1192.1670999526978,40
1192.1673579216003,40
1192.1675939559937,40
1194.1660838127136,40
1194.1663088798523,40
1194.1665518283844,40
1194.1668298244476,124
1194.1671419143677,3309
1194.1673066616058,40
1196.1667156219482,40
1196.16694688797,40
1196.1672208309174,40
1196.1674947738647,40
1196.1677067279816,40
1196.1680419445038,124
1198.1668376922607,3309
1198.1670358181,40
1198.1672978401184,40
1198.167552947998,40
1198.167805671692,40
1198.1680607795715,40
1200.1831638813019,40
1200.1836519241333,124
1200.1840529441833,3309
1200.1844458580017,40
1200.1849029064178,40
1200.1853330135345,40
1202.1672656536102,40
1202.167517900467,40
1202.16792678833,40
1202.1680779457092,124
1202.1683168411255,3309
1202.1685338020325,40
1204.1671078205109,40
1204.1673328876495,40
1204.1675736904144,40
1204.1678500175476,40
1204.1680986881256,40
1204.168459892273,124
1206.1670179367065,3309
1206.167201757431,40
1206.1674330234528,40
1206.1676847934723,40
1206.1679546833038,40
1206.1682107448578,40
1208.1674258708954,40
1208.167686700821,124
1208.1679179668427,3309
1208.1682088375092,40
1208.1683967113495,40
1208.1686458587646,40
1210.1682777404785,40
1210.1684839725494,40
1210.1687216758728,40
1210.1690437793732,124
1210.1692807674408,3309
1210.1695249080658,40
1212.1675927639008,40
1212.1678278446198,40
1212.168048620224,40
1212.168292760849,40
1212.168628692627,40
1212.168868780136,124
1214.1679499149323,3309
1214.1681118011475,40
1214.1683418750763,40
1214.1686208248138,40
1214.168872833252,40
1214.169115781784,40
1216.1679029464722,40
1216.1681978702545,124
1216.1684038639069,3309
1216.1686136722565,40
1216.1688828468323,40
1216.1691348552704,40
1218.1679728031158,40
1218.1681728363037,40
1218.1684138774872,40
1218.1687188148499,124
1218.1689727306366,3309
1218.1691868305206,40
1220.1686227321625,40
1220.1688528060913,40
1220.1690938472748,40
1220.1693439483643,40
1220.1695778369904,40
1220.1698787212372,124
1222.1681768894196,3309
1222.1683609485626,40
1222.168595790863,40
1222.1688396930695,40
1222.16907787323,40
1222.1693468093872,40
1224.1687088012695,40
1224.1689927577972,124
1224.1692147254944,3309
1224.1694509983063,40
1224.1696906089783,40
1224.1699419021606,40
1226.1686699390411,40
1226.1688978672028,40
1226.1691267490387,40
1226.1694238185883,124
1226.169683933258,3309
1226.1698927879333,40
1228.1689717769623,40
1228.1692259311676,40
1228.169439792633,40
1228.16969871521,40
1228.1699528694153,40
1228.1702547073364,124
1230.169353723526,3309
1230.1695268154144,40
1230.1697716712952,40
1230.1700448989868,40
1230.170326948166,40
1230.1705377101898,40
1232.1689178943634,40
1232.1692337989807,124
1232.1694657802582,3309
1232.1696939468384,40
1232.1699137687683,40
1232.1701736450195,40
1234.169434785843,40
1234.1696689128876,40
1234.1699078083038,40
1234.17023396492,124
1234.1704716682434,3309
1234.1706838607788,40
1236.1699857711792,40
1236.1702349185944,40
1236.1704976558685,40
1236.170744895935,40
1236.1709887981415,40
1236.1712896823883,124
1238.1699228286743,3309
1238.1701118946075,40
1238.1703448295593,40
1238.170625925064,40
1238.1708736419678,40
1238.1712787151337,40
1240.1704878807068,40
1240.1707849502563,124
1240.1710367202759,3309
1240.1712288856506,40
1240.171467781067,40
1240.1717717647552,40
1242.1704618930817,40
1242.1706547737122,40
1242.17094373703,40
1242.171237707138,124
1242.1716027259827,3309
1242.1717088222504,40
1244.1704647541046,40
1244.1706306934357,40
1244.1708698272705,40
1244.1712138652802,40
1244.1713898181915,40
1244.1717066764832,124
1246.1716167926788,3309
1246.1717896461487,40
1246.1720287799835,40
1246.1723499298096,40
1246.1725459098816,40
1246.1728038787842,40
1248.1716966629028,40
1248.1720447540283,124
1248.172635793686,3309
1248.1726579666138,40
1248.1727278232574,40
1248.1729509830475,40
1250.1726887226105,40
1250.1729168891907,40
1250.1731617450714,40
1250.173458814621,124
1250.173732995987,3309
1250.173948764801,40
1252.171966791153,40
1252.1721959114075,40
1252.1724379062653,40
1252.172703742981,40
1252.1729707717896,40
1252.173241853714,124
1254.1721668243408,3309
1254.1723308563232,40
1254.1725618839264,40
1254.1728727817535,40
1254.173062801361,40
1254.1733357906342,40
1256.1722519397736,40
1256.1725089550018,124
1256.172763824463,3309
1256.1729567050934,40
1256.1732079982758,40
1256.1734619140625,40
1258.172278881073,40
1258.1725099086761,40
1258.1727588176727,40
1258.1730308532715,124
1258.173301935196,3309
1258.1735277175903,40
1260.1736397743225,40
1260.1738679409027,40
1260.1741137504578,40
1260.1743957996368,40
1260.1747057437897,40
1260.1749467849731,124
1262.1728267669678,3309
1262.1730167865753,40
1262.173256635666,40
1262.1735179424286,40
1262.1737656593323,40
1262.1740097999573,40
1264.172816991806,40
1264.173084974289,124
1264.1733129024506,3309
1264.1735236644745,40
1264.173791885376,40
1264.1740477085114,40
1266.1732218265533,40
1266.1734187602997,40
1266.1736629009247,40
1266.173995733261,124
1266.1742317676544,3309
1266.1744599342346,40
1268.1732556819916,40
1268.1734726428986,40
1268.1737098693848,40
1268.1739749908447,40
1268.1742188930511,40
1268.174519777298,124
1270.1738476753235,3309
1270.1740727424622,40
1270.174293756485,40
1270.174554824829,40
1270.1748046875,40
1270.175047636032,40
1272.1740527153015,40
1272.1743607521057,124
1272.1745908260345,3309
1272.1748127937317,40
1272.1750638484955,40
1272.175354719162,40
1274.1736466884613,40
1274.173851966858,40
1274.174088716507,40
1274.1743967533112,124
1274.1746418476105,3309
1274.1748578548431,40
1276.1739718914032,40
1276.174201965332,40
1276.1744339466095,40
1276.1747257709503,40
1276.174965620041,40
1276.175274848938,124
1278.17423081398,3309
1278.174418926239,40
1278.1746609210968,40
1278.1749348640442,40
1278.1751837730408,40
1278.1754338741302,40
1280.174691915512,40
1280.1750078201294,124
1280.175244808197,3309
1280.1754558086395,40
1280.1756808757782,40
1280.1759757995605,40
1282.1745688915253,40
1282.1747817993164,40
1282.1750638484955,40
1282.17542886734,124
1282.1756088733673,3309
1282.1758286952972,40
1284.1749367713928,40
1284.1749727725983,40
1284.175078868866,40
1284.1753647327423,40
1284.1757457256317,40
1284.1758708953857,124
1286.1746098995209,3309
1286.1747999191284,40
1286.175018787384,40
1286.1752617359161,40
1286.175538778305,40
1286.1757698059082,40
1288.1755058765411,40
1288.1758377552032,124
1288.1760458946228,3309
1288.1762647628784,40
1288.1764857769012,40
1288.1767728328705,40
1290.1752347946167,40
1290.1754548549652,40
1290.1757156848907,40
1290.1760330200195,124
1290.1762597560883,3309
1290.1764688491821,40
1292.175225019455,40
1292.1754558086395,40
1292.1756937503815,40
1292.1759717464447,40
1292.1762177944183,40
1292.1765248775482,124
1294.1756057739258,3309
1294.175803899765,40
1294.1760647296906,40
1294.1763198375702,40
1294.1765637397766,40
1294.1768128871918,40
1296.175616979599,40
1296.1759009361267,124
1296.1761636734009,3309
1296.1764237880707,40
1296.1766538619995,40
1296.176927804947,40
1298.1759507656097,40
1298.1761717796326,40
1298.1764447689056,40
1298.1767609119415,124
1298.1769847869873,3309
1298.17720079422,40
1300.1760828495026,40
1300.176293849945,40
1300.1765599250793,40
1300.1768398284912,40
1300.1770458221436,40
1300.1773598194122,124
1302.1762099266052,3309
1302.1763937473297,40
1302.1766328811646,40
1302.1768918037415,40
1302.177141904831,40
1302.1773898601532,40
1304.176067829132,40
1304.1763718128204,124
1304.1765568256378,3309
1304.1767537593842,40
1304.1770207881927,40
1304.1772828102112,40
1306.1765806674957,40
1306.1768169403076,40
1306.177109003067,40
1306.177358865738,124
1306.1776156425476,3309
1306.177857875824,40
1308.176817893982,40
1308.1770498752594,40
1308.177354812622,40
1308.1775648593903,40
1308.177818775177,40
1308.1781179904938,124
1310.1773018836975,3309
1310.1775467395782,40
1310.1777758598328,40
1310.1780347824097,40
1310.1782867908478,40
1310.1785769462585,40
1312.1769807338715,40
1312.1772348880768,124
1312.1774759292603,3309
1312.1777288913727,40
1312.1779959201813,40
1312.1782767772675,40
1314.17715382576,40
1314.1773779392242,40
1314.1776237487793,40
1314.177937746048,124
1314.1782066822052,3309
1314.178415775299,40
1316.1774249076843,40
1316.1776428222656,40
1316.177898645401,40
1316.1781318187714,40
1316.1783816814423,40
1316.1786787509918,124
1318.1782279014587,3309
1318.178416967392,40
1318.178659915924,40
1318.178927898407,40
1318.1792027950287,40
1318.179468870163,40
1320.1777329444885,40
1320.17800283432,124
1320.1782727241516,3309
1320.1784887313843,40
1320.1787328720093,40
1320.178983926773,40
1322.177664756775,40
1322.1778919696808,40
1322.178151845932,40
1322.178448677063,124
1322.1786959171295,3309
1322.1789269447327,40
1324.1778638362885,40
1324.1781477928162,40
1324.1783227920532,40
1324.1786017417908,40
1324.1788418293,40
1324.1791548728943,124
1326.1779668331146,3309
1326.1782529354095,40
1326.1783788204193,40
1326.178633928299,40
1326.1789407730103,40
1326.1791298389435,40
1328.1781418323517,40
1328.1783678531647,124
1328.1785838603973,3309
1328.178828716278,40
1328.179072856903,40
1328.1793277263641,40
1330.1786947250366,40
1330.1789128780365,40
1330.1791849136353,40
1330.179488658905,124
1330.1797277927399,3309
1330.1800329685211,40
1332.178193807602,40
1332.1784117221832,40
1332.178636789322,40
1332.1788778305054,40
1332.1791667938232,40
1332.1794607639313,124
1334.1786108016968,3309
1334.178790807724,40
1334.1790277957916,40
1334.1792948246002,40
1334.179536819458,40
1334.17977976799,40
1336.1786618232727,40
1336.1789679527283,124
1336.1791636943817,3309
1336.1793897151947,40
1336.1796457767487,40
1336.1798968315125,40
1338.1794118881226,40
1338.179652929306,40
1338.1799128055573,40
1338.1802339553833,124
1338.180457830429,3309
1338.180692911148,40
1340.1796717643738,40
1340.1798830032349,40
1340.1801328659058,40
1340.1803748607635,40
1340.1806428432465,40
1340.180980682373,124
1342.1792488098145,3309
1342.1794066429138,40
1342.1796298027039,40
1342.1799688339233,40
1342.1801726818085,40
1342.1803939342499,40
1344.1794958114624,40
1344.1798508167267,124
1344.1799817085266,3309
1344.180247783661,40
1344.1804647445679,40
1344.1807107925415,40
1346.1796317100525,40
1346.1798269748688,40
1346.1800677776337,40
1346.1803867816925,124
1346.1806297302246,3309
1346.1808488368988,40
1348.1797897815704,40
1348.1800317764282,40
1348.1802427768707,40
1348.1805727481842,40
1348.1807579994202,40
1348.1810398101807,124
1350.1997418403625,3309
1350.200113773346,40
1350.2005169391632,40
1350.200965642929,40
1350.2013957500458,40
1350.2018628120422,40
1352.1828618049622,40
1352.1831476688385,124
1352.1833679676056,3309
1352.1835768222809,40
1352.183845758438,40
1352.184096813202,40
1354.1832468509674,40
1354.1834688186646,40
1354.1837198734283,40
1354.1840226650238,124
1354.1842677593231,3309
1354.1844749450684,40
1356.183605670929,40
1356.1838228702545,40
1356.1840887069702,40
1356.184339761734,40
1356.1845908164978,40
1356.1849057674408,124
1358.1841177940369,3309
1358.1842758655548,40
1358.1846008300781,40
1358.1847877502441,40
1358.1850056648254,40
1358.1853008270264,40
1360.1842768192291,40
1360.184583902359,124
1360.1848108768463,3309
1360.185034751892,40
1360.185272693634,40
1360.1855499744415,40
1362.1844708919525,40
1362.1848857402802,40
1362.1850168704987,40
1362.1852958202362,124
1362.1855137348175,3309
1362.1857566833496,40
1364.184242963791,40
1364.1844627857208,40
1364.1847248077393,40
1364.1850028038025,40
1364.1852669715881,40
1364.185579776764,124
1366.1843798160553,3309
1366.1845920085907,40
1366.1848237514496,40
1366.185115814209,40
1366.185353755951,40
1366.185627937317,40
1368.184191942215,40
1368.184467792511,124
1368.1846797466278,3309
1368.1848878860474,40
1368.1851568222046,40
1368.1854298114777,40
1370.1852798461914,40
1370.1855218410492,40
1370.1857647895813,40
1370.1860609054565,124
1370.1863298416138,3309
1370.1865558624268,40
1372.1845288276672,40
1372.1847507953644,40
1372.1850237846375,40
1372.1852259635925,40
1372.1854977607727,40
1372.185787677765,124
1374.1849627494812,3309
1374.185127735138,40
1374.1853568553925,40
1374.185632944107,40
1374.1858849525452,40
1374.1861968040466,40
1376.1849188804626,40
1376.185184955597,124
1376.1854047775269,3309
1376.1856288909912,40
1376.1858839988708,40
1376.186138868332,40
1378.1879189014435,40
1378.1881368160248,40
1378.188393831253,40
1378.1886749267578,124
1378.189002752304,3309
1378.1891498565674,40
1380.1856079101562,40
1380.1858439445496,40
1380.1861038208008,40
1380.1863458156586,40
1380.1866047382355,40
1380.1868748664856,124
1382.1850368976593,3309
1382.1852288246155,40
1382.1854767799377,40
1382.1856977939606,40
1382.1861367225647,40
1382.186206817627,40
1384.1854269504547,40
1384.1856968402863,124
1384.1859147548676,3309
1384.1861238479614,40
1384.1863849163055,40
1384.1866357326508,40
1386.1859259605408,40
1386.1861367225647,40
1386.1863787174225,40
1386.1866998672485,124
1386.186987876892,3309
1386.1871588230133,40
1388.186265707016,40
1388.1864948272705,40
1388.1867609024048,40
1388.1870157718658,40
1388.1872527599335,40
1388.1875698566437,124
1390.1868467330933,3309
1390.1870679855347,40
1390.1873047351837,40
1390.1875808238983,40
1390.1878547668457,40
1390.1880929470062,40
1392.185890674591,40
1392.1862127780914,124
1392.1864948272705,3309
1392.1866056919098,40
1392.186848640442,40
1392.1871178150177,40
1394.1862938404083,40
1394.1865148544312,40
1394.1867578029633,40
1394.1870636940002,124
1394.187332868576,3309
1394.1875557899475,40
1396.1868407726288,40
1396.1870617866516,40
1396.1873188018799,40
1396.1875689029694,40
1396.1878118515015,40
1396.1881098747253,124
1398.186556816101,3309
1398.1867966651917,40
1398.1869750022888,40
1398.1872198581696,40
1398.1874778270721,40
1398.1877298355103,40
1400.1878938674927,40
1400.1881349086761,124
1400.188376903534,3309
1400.1885838508606,40
1400.1888589859009,40
1400.1891269683838,40
1402.187101840973,40
1402.1873269081116,40
1402.1875388622284,40
1402.1878628730774,124
1402.1880929470062,3309
1402.1883080005646,40
1404.1872947216034,40
1404.1873197555542,40
1404.1874797344208,40
1404.1876759529114,40
1404.1879189014435,40
1404.1882429122925,124
1406.1873259544373,3309
1406.1875357627869,40
1406.1878237724304,40
1406.1880168914795,40
1406.1882886886597,40
1406.188542842865,40
1408.1876547336578,40
1408.1879637241364,124
1408.18816280365,3309
1408.1883997917175,40
1408.1886377334595,40
1408.1889038085938,40
1410.1887397766113,40
1410.1889538764954,40
1410.1892037391663,40
1410.1895248889923,124
1410.1897768974304,3309
1410.1899967193604,40
1412.187502861023,40
1412.1877398490906,40
1412.1879768371582,40
1412.1882178783417,40
1412.188465833664,40
1412.1888117790222,124
1414.1883816719055,3309
1414.1885528564453,40
1414.1888136863708,40
1414.1890828609467,40
1414.1893048286438,40
1414.1895599365234,40
1416.1883957386017,40
1416.1886777877808,124
1416.188857793808,3309
1416.1890788078308,40
1416.1893227100372,40
1416.1895687580109,40
1418.1885178089142,40
1418.1887428760529,40
1418.1889777183533,40
1418.1893019676208,124
1418.1895627975464,3309
1418.1897537708282,40
1420.1895368099213,40
1420.1897678375244,40
1420.1900126934052,40
1420.190289735794,40
1420.1905517578125,40
1420.190857887268,124
1422.1889019012451,3309
1422.1890878677368,40
1422.1893258094788,40
1422.1896057128906,40
1422.1898727416992,40
1422.1900987625122,40
1424.1890759468079,40
1424.1893677711487,124
1424.1895868778229,3309
1424.1898486614227,40
1424.1900897026062,40
1424.190331697464,40
1426.1891887187958,40
1426.1894228458405,40
1426.189659833908,40
1426.1899888515472,124
1426.1902198791504,3309
1426.1904368400574,40
1428.1890177726746,40
1428.189237833023,40
1428.1894817352295,40
1428.1897296905518,40
1428.1900098323822,40
1428.1903097629547,124
1430.1901268959045,3309
1430.190325975418,40
1430.1905689239502,40
1430.1908147335052,40
1430.1910939216614,40
1430.1913368701935,40
1432.1893968582153,40
1432.1896486282349,124
1432.1898777484894,3309
1432.1900877952576,40
1432.1903626918793,40
1432.1906108856201,40
1434.1902718544006,40
1434.1905188560486,40
1434.1907567977905,40
1434.1910717487335,124
1434.1912958621979,3309
1434.1915538311005,40
1436.190311908722,40
1436.1905896663666,40
1436.190836906433,40
1436.1910767555237,40
1436.1913306713104,40
1436.1916797161102,124
1438.1900329589844,3309
1438.1902236938477,40
1438.1904518604279,40
1438.1907217502594,40
1438.1909787654877,40
1438.1912279129028,40
1440.1908717155457,40
1440.191154718399,124
1440.1914157867432,3309
1440.191624879837,40
1440.191909790039,40
1440.1921877861023,40
1442.1903538703918,40
1442.1905708312988,40
1442.190801858902,40
1442.1911227703094,124
1442.1913919448853,3309
1442.191594839096,40
1444.190622806549,40
1444.1908898353577,40
1444.191074848175,40
1444.1913499832153,40
1444.1915986537933,40
1444.1918828487396,124
1446.190672636032,3309
1446.1908707618713,40
1446.1911067962646,40
1446.1913759708405,40
1446.1916198730469,40
1446.1918618679047,40
1448.191030740738,40
1448.191351890564,124
1448.1916358470917,3309
1448.1918156147003,40
1448.1920499801636,40
1448.192302942276,40
1450.1912388801575,40
1450.1914267539978,40
1450.1917898654938,40
1450.1919887065887,124
1450.1922488212585,3309
1450.1924698352814,40
1452.1912117004395,40
1452.1914367675781,40
1452.1916778087616,40
1452.1919736862183,40
1452.1922297477722,40
1452.1925218105316,124
1454.1917250156403,3309
1454.191951751709,40
1454.1922228336334,40
1454.1924920082092,40
1454.1927218437195,40
1454.1929726600647,40
1456.1914949417114,40
1456.191776752472,124
1456.192034959793,3309
1456.1922888755798,40
1456.1925358772278,40
1456.1928298473358,40
1458.1918277740479,40
1458.1921906471252,40
1458.1924078464508,40
1458.192634820938,124
1458.1929099559784,3309
1458.193125963211,40
1460.1925508975983,40
1460.1927907466888,40
1460.1930508613586,40
1460.1933789253235,40
1460.1935589313507,40
1460.193942785263,124
1462.191794872284,3309
1462.1920108795166,40
1462.192254781723,40
1462.192501783371,40
1462.192775964737,40
1462.1930258274078,40
1464.192634820938,40
1464.1929337978363,124
1464.1931886672974,3309
1464.1933658123016,40
1464.1936037540436,40
1464.1939008235931,40
1466.1926119327545,40
1466.1928358078003,40
1466.1931056976318,40
1466.193393945694,124
1466.1936419010162,3309
1466.1938607692719,40
1468.1924109458923,40
1468.192629814148,40
1468.1928839683533,40
1468.1931138038635,40
1468.1933829784393,40
1468.1936748027802,124
1470.1932678222656,3309
1470.1934847831726,40
1470.1937358379364,40
1470.1939749717712,40
1470.1942236423492,40
1470.1944999694824,40
1472.193107843399,40
1472.1932349205017,124
1472.1934099197388,3309
1472.1936547756195,40
1472.1938967704773,40
1472.194138765335,40
1474.1931128501892,40
1474.1933498382568,40
1474.1935958862305,40
1474.1939108371735,124
1474.1941499710083,3309
1474.1943657398224,40
1476.1929018497467,40
1476.19313788414,40
1476.193384885788,40
1476.1936428546906,40
1476.193916797638,40
1476.1941928863525,124
1478.1934468746185,3309
1478.1936337947845,40
1478.1938848495483,40
1478.1941509246826,40
1478.194391965866,40
1478.194701910019,40
1480.1941847801208,40
1480.194453716278,124
1480.1946878433228,3309
1480.1949019432068,40
1480.1951797008514,40
1480.1954519748688,40
1482.1934406757355,40
1482.1936638355255,40
1482.1939136981964,40
1482.1942148208618,124
1482.1944906711578,3309
1482.1947157382965,40
1484.1941378116608,40
1484.1943888664246,40
1484.1946136951447,40
1484.1948716640472,40
1484.1951088905334,40
1484.1954188346863,124
1486.193827867508,3309
1486.194073677063,40
1486.1942398548126,40
1486.1944828033447,40
1486.194757938385,40
1486.195015668869,40
1488.194442987442,40
1488.1947357654572,124
1488.194947719574,3309
1488.1951477527618,40
1488.1953988075256,40
1488.1956527233124,40
1490.1950697898865,40
1490.1952967643738,40
1490.1955387592316,40
1490.19584774971,124
1490.1961688995361,3309
1490.1963348388672,40
1492.1939787864685,40
1492.1942217350006,40
1492.1944558620453,40
1492.1947009563446,40
1492.1949408054352,40
1492.1952548027039,124
1494.1950588226318,3309
1494.1951458454132,40
1494.1954758167267,40
1494.195651769638,40
1494.195919752121,40
1494.196142911911,40
1496.1946477890015,40
1496.1949217319489,124
1496.1951396465302,3309
1496.195349931717,40
1496.1956157684326,40
1496.1959428787231,40
1498.195242881775,40
1498.1954658031464,40
1498.1957838535309,40
1498.1960368156433,124
1498.1962707042694,3309
1498.1965169906616,40
1500.1964418888092,40
1500.1966207027435,40
1500.1968967914581,40
1500.1971518993378,40
1500.1974058151245,40
1500.1977376937866,124
1502.1956088542938,3309
1502.1958136558533,40
1502.196056842804,40
1502.196308851242,40
1502.1965599060059,40
1502.1968128681183,40
1504.1955716609955,40
1504.1958537101746,124
1504.1961138248444,3309
1504.1963477134705,40
1504.1965637207031,40
1504.1968188285828,40
1506.1956226825714,40
1506.195886850357,40
1506.1960678100586,40
1506.1964128017426,124
1506.1966378688812,3309
1506.1968557834625,40
1508.1957137584686,40
1508.1959087848663,40
1508.1961579322815,40
1508.1964259147644,40
1508.1966829299927,40
1508.196997642517,124
1510.19615483284,3309
1510.1963148117065,40
1510.1965637207031,40
1510.1968929767609,40
1510.1970627307892,40
1510.1973147392273,40
1512.1958768367767,40
1512.1961636543274,124
1512.1963777542114,3309
1512.196579694748,40
1512.196853876114,40
1512.1971056461334,40
1514.1962327957153,40
1514.1964647769928,40
1514.1967868804932,40
1514.197019815445,124
1514.1972699165344,3309
1514.1974828243256,40
1516.1961877346039,40
1516.1964056491852,40
1516.1966407299042,40
1516.196929693222,40
1516.1971487998962,40
1516.1974396705627,124
1518.1968519687653,3309
1518.1970217227936,40
1518.1972877979279,40
1518.1975486278534,40
1518.1978068351746,40
1518.1980528831482,40
1520.19744181633,40
1520.1977138519287,124
1520.1979517936707,3309
1520.1981618404388,40
1520.1984558105469,40
1520.198695898056,40
1522.1970236301422,40
1522.1972737312317,40
1522.1974787712097,40
1522.1978178024292,124
1522.1981058120728,3309
1522.1982519626617,40
1524.1970999240875,40
1524.1971397399902,40
1524.1972448825836,40
1524.1974878311157,40
1524.197761774063,40
1524.1980638504028,124
1526.197010755539,3309
1526.1976828575134,40
1526.1977107524872,40
1526.1977338790894,40
1526.1979689598083,40
1526.1982717514038,40
1528.197765827179,40
1528.1980669498444,124
1528.1983330249786,3309
1528.1985428333282,40
1528.1987698078156,40
1528.1990859508514,40
1530.1981048583984,40
1530.198362827301,40
1530.1985967159271,40
1530.1989238262177,124
1530.199120759964,3309
1530.199379682541,40
1532.197479724884,40
1532.1977107524872,40
1532.197952747345,40
1532.1981928348541,40
1532.1984679698944,40
1532.1987688541412,124
1534.1976397037506,3309
1534.1978368759155,40
1534.1980736255646,40
1534.1983189582825,40
1534.1985878944397,40
1534.1988816261292,40
1536.197547674179,40
1536.197833776474,124
1536.1980679035187,3309
1536.198276758194,40
1536.1985259056091,40
1536.1987888813019,40
1538.1979868412018,40
1538.1982717514038,40
1538.1984457969666,40
1538.198742866516,124
1538.1989920139313,3309
1538.1992428302765,40
1540.1988787651062,40
1540.1991000175476,40
1540.1993279457092,40
1540.1995708942413,40
1540.1998138427734,40
1540.2001359462738,124
1542.198618888855,3309
1542.1987607479095,40
1542.1989920139313,40
1542.1992647647858,40
1542.1995079517365,40
1542.1997487545013,40
1544.198579788208,40
1544.1988546848297,124
1544.1990656852722,3309
1544.1993527412415,40
1544.199554681778,40
1544.199794769287,40
1546.1986138820648,40
1546.1988298892975,40
1546.1990718841553,40
1546.1993787288666,124
1546.1996188163757,3309
1546.1998279094696,40
1548.1988987922668,40
1548.1991217136383,40
1548.199385881424,40
1548.199607849121,40
1548.1998839378357,40
1548.2001538276672,124
1550.1998178958893,3309
1550.2000646591187,40
1550.2002840042114,40
1550.200532913208,40
1550.2008619308472,40
1550.2010598182678,40
1552.1999998092651,40
1552.200366973877,124
1552.2005047798157,3309
1552.2007308006287,40
1552.2010509967804,40
1552.2013609409332,40
1554.1997609138489,40
1554.2000558376312,40
1554.2002568244934,40
1554.2005817890167,124
1554.2007949352264,3309
1554.2010169029236,40
1556.1994876861572,40
1556.1996717453003,40
1556.1999127864838,40
1556.200166940689,40
1556.2004308700562,40
1556.2007517814636,124
1558.2001099586487,3309
1558.2003128528595,40
1558.2005789279938,40
1558.2008259296417,40
1558.2010688781738,40
1558.2013227939606,40
1560.2004919052124,40
1560.2008028030396,124
1560.201001882553,3309
1560.2012088298798,40
1560.2014656066895,40
1560.2017407417297,40
1562.1999099254608,40
1562.2001178264618,40
1562.2003617286682,40
1562.2006697654724,124
1562.2009127140045,3309
1562.2011277675629,40
1564.2004919052124,40
1564.2007217407227,40
1564.200984954834,40
1564.2012588977814,40
1564.2014937400818,40
1564.2017886638641,124
1566.2001976966858,3309
1566.2003908157349,40
1566.2006208896637,40
1566.2008848190308,40
1566.2011277675629,40
1566.201379776001,40
1568.2009387016296,40
1568.2012107372284,124
1568.2014548778534,3309
1568.2016656398773,40
1568.2018978595734,40
1568.2022306919098,40
1570.202633857727,40
1570.2028517723083,40
1570.2030968666077,40
1570.2034049034119,124
1570.2036638259888,3309
1570.2038838863373,40
1572.2019000053406,40
1572.2021646499634,40
1572.2024178504944,40
1572.202693939209,40
1572.2029428482056,40
1572.2032308578491,124
1574.201887845993,3309
1574.2021329402924,40
1574.2023749351501,40
1574.2026329040527,40
1574.2029008865356,40
1574.2031509876251,40
1576.2017817497253,40
1576.2020907402039,124
1576.2024669647217,3309
1576.2025928497314,40
1576.202808856964,40
1576.203088760376,40
1578.2025928497314,40
1578.2028257846832,40
1578.2030906677246,40
1578.2033777236938,124
1578.203629732132,3309
1578.2038476467133,40
1580.202960729599,40
1580.2031998634338,40
1580.2034647464752,40
1580.2037127017975,40
1580.2039577960968,40
1580.2050597667694,124
1582.2024328708649,3309
1582.202633857727,40
1582.2028737068176,40
1582.2030918598175,40
1582.2033259868622,40
1582.2035958766937,40
1584.2029438018799,40
1584.203204870224,124
1584.2034509181976,3309
1584.2036879062653,40
1584.2039396762848,40
1584.2041878700256,40
1586.2032208442688,40
1586.2034578323364,40
1586.2037148475647,40
1586.2039968967438,124
1586.2042486667633,3309
1586.2048189640045,40
1588.2035157680511,40
1588.2036998271942,40
1588.2040438652039,40
1588.2042236328125,40
1588.2044689655304,40
1588.2048048973083,124
1590.2035748958588,3309
1590.2037377357483,40
1590.203979730606,40
1590.204247713089,40
1590.2044937610626,40
1590.204734802246,40
1592.203451871872,40
1592.2037198543549,124
1592.2039468288422,3309
1592.2041487693787,40
1592.204422712326,40
1592.204658985138,40
1594.2034556865692,40
1594.2037377357483,40
1594.2039318084717,40
1594.204214811325,124
1594.2044968605042,3309
1594.2047066688538,40
1596.204081773758,40
1596.2043557167053,40
1596.2045357227325,40
1596.204788684845,40
1596.20503282547,40
1596.2053406238556,124
1598.2041156291962,3309
1598.204316854477,40
1598.2045588493347,40
1598.2048258781433,40
1598.2050716876984,40
1598.2053217887878,40
1600.204645872116,40
1600.2049398422241,124
1600.2051599025726,3309
1600.2053589820862,40
1600.2056727409363,40
1600.2058777809143,40
1602.204491853714,40
1602.2047188282013,40
1602.2049617767334,40
1602.2052807807922,124
1602.2055237293243,3309
1602.2057456970215,40
1604.2047548294067,40
1604.2049667835236,40
1604.2052218914032,40
1604.2054929733276,40
1604.2057089805603,40
1604.2059919834137,124
1606.2047538757324,3309
1606.2049748897552,40
1606.2052307128906,40
1606.2054929733276,40
1606.2057259082794,40
1606.2059707641602,40
1608.2046828269958,40
1608.2049646377563,124
1608.2051877975464,3309
1608.205424785614,40
1608.205710887909,40
1608.205924987793,40
1610.2057898044586,40
1610.2060017585754,40
1610.2062406539917,40
1610.2065329551697,124
1610.206821680069,3309
1610.2070407867432,40
1612.2050168514252,40
1612.2052509784698,40
1612.2054858207703,40
1612.205724954605,40
1612.2059998512268,40
1612.2062847614288,124
1614.2057628631592,3309
1614.2059907913208,40
1614.2062397003174,40
1614.206491947174,40
1614.206741809845,40
1614.2070169448853,40
1616.2050337791443,40
1616.2053487300873,124
1616.2055768966675,3309
1616.205778837204,40
1616.2060527801514,40
1616.2062759399414,40
1618.2060017585754,40
1618.2062358856201,40
1618.2065188884735,40
1618.2068028450012,124
1618.2070558071136,3309
1618.2072830200195,40
1620.205950975418,40
1620.2061438560486,40
1620.206387758255,40
1620.2066488265991,40
1620.2069008350372,40
1620.2071788311005,124
1622.2057929039001,3309
1622.2059898376465,40
1622.2062349319458,40
1622.206475019455,40
1622.2067439556122,40
1622.2070858478546,40
1624.2059018611908,40
1624.2061779499054,124
1624.2063987255096,3309
1624.2066037654877,40
1624.2068877220154,40
1624.20711684227,40
1626.206251859665,40
1626.2064788341522,40
1626.2067518234253,40
1626.2070169448853,124
1626.2072768211365,3309
1626.2074728012085,40
1628.2064957618713,40
1628.2067079544067,40
1628.2069478034973,40
1628.2072627544403,40
1628.2074646949768,40
1628.2078046798706,124
1630.207490682602,3309
1630.2076687812805,40
1630.2079029083252,40
1630.2081580162048,40
1630.2084348201752,40
1630.2086868286133,40
1632.2064547538757,40
1632.2067477703094,124
1632.2069749832153,3309
1632.2071759700775,40
1632.207417011261,40
1632.2076888084412,40
1634.2069330215454,40
1634.2071878910065,40
1634.2073998451233,40
1634.2077057361603,124
1634.2079498767853,3309
1634.208168745041,40
1636.2067589759827,40
1636.2070009708405,40
1636.2072308063507,40
1636.2074718475342,40
1636.207713842392,40
1636.208019733429,124
1638.2071058750153,3309
1638.2072668075562,40
1638.2075119018555,40
1638.2077767848969,40
1638.2080249786377,40
1638.2082588672638,40
1640.2083048820496,40
1640.2085359096527,124
1640.2087888717651,3309
1640.2089829444885,40
1640.2092759609222,40
1640.2095136642456,40
1642.2075486183167,40
1642.207767009735,40
1642.207995891571,40
1642.2082908153534,124
1642.2085638046265,3309
1642.2088057994843,40
1644.2078647613525,40
1644.2078976631165,40
1644.208006620407,40
1644.2082278728485,40
1644.208494901657,40
1644.2088267803192,124
1646.2084419727325,3309
1646.2086689472198,40
1646.2089037895203,40
1646.209142923355,40
1646.2093949317932,40
1646.2096688747406,40
1648.20840382576,40
1648.2086758613586,124
1648.2089216709137,3309
1648.2091529369354,40
1648.2093679904938,40
1648.209647655487,40
1650.2092707157135,40
1650.2095079421997,40
1650.2097556591034,40
1650.210087776184,124
1650.2103378772736,3309
1650.210560798645,40
1652.208524942398,40
1652.2087688446045,40
1652.2089998722076,40
1652.2092888355255,40
1652.2095258235931,40
1652.2098138332367,124
1654.2085609436035,3309
1654.2087547779083,40
1654.20898771286,40
1654.2092509269714,40
1654.2095136642456,40
1654.2097437381744,40
1656.209666967392,40
1656.209895849228,124
1656.210121870041,3309
1656.2103316783905,40
1656.2106058597565,40
1656.2108628749847,40
1658.2090437412262,40
1658.2092127799988,40
1658.2094368934631,40
1658.2097709178925,124
1658.2100126743317,3309
1658.210210800171,40
1660.2095038890839,40
1660.2097556591034,40
1660.210022687912,40
1660.2102386951447,40
1660.2104768753052,40
1660.2108306884766,124
1662.2095589637756,3309
1662.2097368240356,40
1662.2100098133087,40
1662.2102749347687,40
1662.2105207443237,40
1662.2109007835388,40
1664.2093818187714,40
1664.2096998691559,124
1664.2099018096924,3309
1664.2101509571075,40
1664.2103717327118,40
1664.210620880127,40
1666.2098670005798,40
1666.2100698947906,40
1666.2103397846222,40
1666.2106637954712,124
1666.2108788490295,3309
1666.2110948562622,40
1668.2091670036316,40
1668.2094867229462,40
1668.2096807956696,40
1668.2098608016968,40
1668.2101056575775,40
1668.2104578018188,124
1670.210406780243,3309
1670.2104878425598,40
1670.2107646465302,40
1670.2109887599945,40
1670.2112307548523,40
1670.2114849090576,40
1672.2098670005798,40
1672.2101488113403,124
1672.210411787033,3309
1672.2106359004974,40
1672.2108688354492,40
1672.211101770401,40
1674.2113296985626,40
1674.211333990097,40
1674.2113378047943,40
1674.2113418579102,124
1674.211345911026,3309
1674.2113499641418,40
1676.210590839386,40
1676.2108056545258,40
1676.2111268043518,40
1676.2113208770752,40
1676.2115678787231,40
1676.211924791336,124
1678.2103939056396,3309
1678.2105627059937,40
1678.2108578681946,40
1678.2110497951508,40
1678.2113199234009,40
1678.2115619182587,40
1680.2108368873596,40
1680.2111167907715,124
1680.2113318443298,3309
1680.2115619182587,40
1680.211805820465,40
1680.2120487689972,40
1682.2114009857178,40
1682.211711883545,40
1682.2119097709656,40
1682.2123458385468,124
1682.2124829292297,3309
1682.2127707004547,40
1684.2113146781921,40
1684.211524963379,40
1684.2117898464203,40
1684.2120797634125,40
1684.2123627662659,40
1684.2126507759094,124
1686.2107548713684,3309
1686.2109589576721,40
1686.2112777233124,40
1686.211434841156,40
1686.211725950241,40
1686.2119438648224,40
1688.2115428447723,40
1688.211787700653,124
1688.2120487689972,3309
1688.2123019695282,40
1688.2125556468964,40
1688.2128698825836,40
1690.212299823761,40
1690.2125487327576,40
1690.2127718925476,40
1690.2130839824677,124
1690.2133378982544,3309
1690.2135617733002,40
1692.2118136882782,40
1692.2120287418365,40
1692.2123289108276,40
1692.2125816345215,40
1692.2128357887268,40
1692.2131807804108,124
1694.2119998931885,3309
1694.21222782135,40
1694.2124297618866,40
1694.2127058506012,40
1694.2129547595978,40
1694.2131986618042,40
1696.2117347717285,40
1696.2119987010956,124
1696.2122588157654,3309
1696.2124707698822,40
1696.2127418518066,40
1696.2130088806152,40
1698.212204694748,40
1698.212427854538,40
1698.21267080307,40
1698.2130098342896,124
1698.2132396697998,3309
1698.213446855545,40
1700.2133438587189,40
1700.2135977745056,40
1700.2138237953186,40
1700.214107990265,40
1700.214356660843,40
1700.2146546840668,124
1702.2123959064484,3309
1702.2125759124756,40
1702.2128088474274,40
1702.2130508422852,40
1702.2133567333221,40
1702.2136478424072,40
1704.2130718231201,40
1704.2133688926697,124
1704.2136089801788,3309
1704.2138197422028,40
1704.214064836502,40
1704.2143557071686,40
1706.212486743927,40
1706.212715625763,40
1706.2129428386688,40
1706.2132427692413,124
1706.2134869098663,3309
1706.2137126922607,40
1708.2129168510437,40
1708.2131419181824,40
1708.2133848667145,40
1708.2136487960815,40
1708.2139029502869,40
1708.2142117023468,124
1710.2137207984924,3309
1710.2138817310333,40
1710.2141749858856,40
1710.2143557071686,40
1710.214609861374,40
1710.2148807048798,40
1712.2134177684784,40
1712.2136929035187,124
1712.2139248847961,3309
1712.2141697406769,40
1712.2144148349762,40
1712.2147097587585,40
1714.213505744934,40
1714.2137348651886,40
1714.213978767395,40
1714.214370727539,124
1714.2145457267761,3309
1714.2147579193115,40
1716.213820695877,40
1716.2140588760376,40
1716.2143597602844,40
1716.214579820633,40
1716.214822769165,40
1716.2150967121124,124
1718.2137928009033,3309
1718.213966846466,40
1718.2142000198364,40
1718.2144749164581,40
1718.2147269248962,40
1718.2149736881256,40
1720.2143368721008,40
1720.2146136760712,124
1720.2148878574371,3309
1720.2150688171387,40
1720.2153179645538,40
1720.2155878543854,40
1722.2140278816223,40
1722.214260816574,40
1722.2145228385925,40
1722.2147998809814,124
1722.2150447368622,3309
1722.2152547836304,40
1724.2145087718964,40
1724.2147307395935,40
1724.2149829864502,40
1724.21523976326,40
1724.2154817581177,40
1724.215791940689,124
1726.2141468524933,3309
1726.2143197059631,40
1726.2145578861237,40
1726.2148008346558,40
1726.215081691742,40
1726.2153189182281,40
1728.2146418094635,40
1728.2149138450623,124
1728.2151288986206,3309
1728.2153849601746,40
1728.2156248092651,40
1728.215871810913,40
1730.2153058052063,40
1730.2155537605286,40
1730.2157888412476,40
1730.2161128520966,124
1730.216327905655,3309
1730.216570854187,40
1732.214626789093,40
1732.2148387432098,40
1732.2150807380676,40
1732.2153136730194,40
1732.215600013733,40
1732.2158877849579,124
1734.2151367664337,3309
1734.215214729309,40
1734.2154920101166,40
1734.2157137393951,40
1734.2159688472748,40
1734.216240644455,40
1736.2147598266602,40
1736.2150447368622,124
1736.2153367996216,3309
1736.2154808044434,40
1736.215717792511,40
1736.2159898281097,40
1738.2158288955688,40
1738.2160589694977,40
1738.2163128852844,40
1738.2166306972504,124
1738.2168579101562,3309
1738.2170958518982,40
1740.2159678936005,40
1740.2162067890167,40
1740.2164556980133,40
1740.216710805893,40
1740.216945886612,40
1740.2172968387604,124
1742.2156958580017,3309
1742.2157499790192,40
1742.2159769535065,40
1742.216270685196,40
1742.2165637016296,40
1742.2167439460754,40
1744.2162806987762,40
1744.2165977954865,124
1744.2167818546295,3309
1744.2170197963715,40
1744.2172558307648,40
1744.2175197601318,40
1746.2161779403687,40
1746.2164828777313,40
1746.2166500091553,40
1746.2169859409332,124
1746.2172138690948,3309
1746.2174217700958,40
1748.215991973877,40
1748.216204881668,40
1748.21644282341,40
1748.2166788578033,40
1748.216953754425,40
1748.2172877788544,124
1750.2164406776428,3309
1750.2166328430176,40
1750.2168707847595,40
1750.2171359062195,40
1750.2173817157745,40
1750.2176268100739,40
1752.2168157100677,40
1752.2170927524567,124
1752.2174048423767,3309
1752.2175779342651,40
1752.2178177833557,40
1752.2181148529053,40
1754.2166156768799,40
1754.2168357372284,40
1754.2170848846436,40
1754.2173829078674,124
1754.2176249027252,3309
1754.217836856842,40
1756.2167179584503,40
1756.2169287204742,40
1756.217167854309,40
1756.2174136638641,40
1756.217694759369,40
1756.217979669571,124
1758.2171359062195,3309
1758.2171838283539,40
1758.2174179553986,40
1758.2176837921143,40
1758.2179338932037,40
1758.2181868553162,40
1760.2175018787384,40
1760.2177548408508,124
1760.2180168628693,3309
1760.2182357311249,40
1760.2184987068176,40
1760.2187118530273,40
1762.2173438072205,40
1762.2175498008728,40
1762.2177987098694,40
1762.2181208133698,124
1762.2183618545532,3309
1762.2185637950897,40
1764.218065738678,40
1764.2181057929993,40
1764.2182297706604,40
1764.21848487854,40
1764.2187838554382,40
1764.2190237045288,124
1766.2181317806244,3309
1766.2182877063751,40
1766.2185578346252,40
1766.2187976837158,40
1766.2190527915955,40
1766.2193157672882,40
1768.2178919315338,40
1768.2180638313293,124
1768.2183048725128,3309
1768.2185208797455,40
1768.218773841858,40
1768.2190749645233,40
1770.2181227207184,40
1770.2184019088745,40
1770.2186279296875,40
1770.2189357280731,124
1770.219156742096,3309
1770.219358921051,40
1772.2179737091064,40
1772.218228816986,40
1772.218433856964,40
1772.2186768054962,40
1772.2189538478851,40
1772.2192237377167,124
1774.2187178134918,3309
1774.2191107273102,40
1774.2191767692566,40
1774.2194457054138,40
1774.2196757793427,40
1774.2199177742004,40
1776.218642950058,40
1776.2189118862152,124
1776.2191648483276,3309
1776.2193958759308,40
1776.2196657657623,40
1776.219946861267,40
1778.218710899353,40
1778.2189388275146,40
1778.219254732132,40
1778.219497680664,124
1778.2197358608246,3309
1778.2199816703796,40
1780.219203710556,40
1780.2194588184357,40
1780.2197198867798,40
1780.2199687957764,40
1780.220202922821,40
1780.2205097675323,124
1782.219102859497,3309
1782.2193129062653,40
1782.2195508480072,40
1782.219830751419,40
1782.220077753067,40
1782.2203397750854,40
1784.2188158035278,40
1784.219046831131,124
1784.2192878723145,3309
1784.2194929122925,40
1784.2197487354279,40
1784.2200169563293,40
1786.2195839881897,40
1786.2198066711426,40
1786.2200818061829,40
1786.2203867435455,124
1786.220624923706,3309
1786.2208349704742,40
1788.2199749946594,40
1788.2201726436615,40
1788.2204179763794,40
1788.2206637859344,40
1788.2209107875824,40
1788.221219778061,124
1790.2202048301697,3309
1790.2204656600952,40
1790.2206768989563,40
1790.220934867859,40
1790.2212238311768,40
1790.2215197086334,40
1792.2198429107666,40
1792.2200949192047,124
1792.2203447818756,3309
1792.2206037044525,40
1792.2208259105682,40
1792.2210998535156,40
1794.2200429439545,40
1794.2202608585358,40
1794.2205018997192,40
1794.2208306789398,124
1794.2210788726807,3309
1794.2212998867035,40
1796.2201628684998,40
1796.2203929424286,40
1796.2206318378448,40
1796.2208976745605,40
1796.2211418151855,40
1796.2214279174805,124
1798.2201268672943,3309
1798.2203207015991,40
1798.2205579280853,40
1798.2207987308502,40
1798.2210669517517,40
1798.2213118076324,40
1800.2211136817932,40
1800.2213807106018,124
1800.2216429710388,3309
1800.221837759018,40
1800.222116947174,40
1800.2224297523499,40
1802.2226588726044,40
1802.222886800766,40
1802.223120689392,40
1802.2234468460083,124
1802.2236816883087,3309
1802.2238957881927,40
1804.2230937480927,40
1804.2233119010925,40
1804.2235748767853,40
1804.2238306999207,40
1804.2240707874298,40
1804.2243340015411,124
1806.2241768836975,3309
1806.2243828773499,40
1806.2246236801147,40
1806.224889755249,40
1806.225116968155,40
1806.225379705429,40
1808.2242698669434,40
1808.2245547771454,124
1808.2247986793518,3309
1808.2250089645386,40
1808.2252657413483,40
1808.225517988205,40
1810.2246189117432,40
1810.2248418331146,40
1810.2251138687134,40
1810.2254736423492,124
1810.2256939411163,3309
1810.2258877754211,40
1812.2240779399872,40
1812.2243237495422,40
1812.2245807647705,40
1812.2247920036316,40
1812.2250509262085,40
1812.225333929062,124
1814.2245657444,3309
1814.2247557640076,40
1814.2249896526337,40
1814.225272655487,40
1814.2255277633667,40
1814.2257566452026,40
1816.2244429588318,40
1816.2247128486633,124
1816.2249529361725,3309
1816.2252328395844,40
1816.2255067825317,40
1816.2256886959076,40
1818.2251749038696,40
1818.2254259586334,40
1818.225653886795,40
1818.2259607315063,124
1818.2261817455292,3309
1818.2263917922974,40
1820.2256999015808,40
1820.2259697914124,40
1820.226152896881,40
1820.226521730423,40
1820.2266697883606,40
1820.2270019054413,124
1822.225341796875,3309
1822.2255296707153,40
1822.225772857666,40
1822.226061820984,40
1822.2263078689575,40
1822.2265627384186,40
1824.225178718567,40
1824.2254557609558,124
1824.2256798744202,3309
1824.2258968353271,40
1824.2261607646942,40
1824.2264168262482,40
1826.2254779338837,40
1826.2257597446442,40
1826.225915670395,40
1826.2262198925018,124
1826.226509809494,3309
1826.226693868637,40
1828.2255878448486,40
1828.2258207798004,40
1828.2260537147522,40
1828.2263000011444,40
1828.226581811905,40
1828.226880788803,124
1830.2264547348022,3309
1830.226679801941,40
1830.2269127368927,40
1830.2271528244019,40
1830.2274079322815,40
1830.227740764618,40
1832.2260308265686,40
1832.2262947559357,124
1832.2265348434448,3309
1832.2268228530884,40
1832.2270188331604,40
1832.227305650711,40
1834.2265627384186,40
1834.2268228530884,40
1834.2270317077637,40
1834.2273287773132,124
1834.2275657653809,3309
1834.2277669906616,40
1836.226245880127,40
1836.226470708847,40
1836.2267136573792,40
1836.226982831955,40
1836.227246761322,40
1836.2275297641754,124
1838.2264099121094,3309
1838.2266137599945,40
1838.2268466949463,40
1838.2271146774292,40
1838.2273817062378,40
1838.2276248931885,40
1840.2273359298706,40
1840.2276468276978,124
1840.2278599739075,3309
1840.2280628681183,40
1840.2283308506012,40
1840.2286117076874,40
1842.2270498275757,40
1842.2272658348083,40
1842.2276449203491,40
1842.2278428077698,124
1842.2280716896057,3309
1842.2282888889313,40
1844.2269797325134,40
1844.2271857261658,40
1844.2274198532104,40
1844.2277047634125,40
1844.227933883667,40
1844.2282948493958,124
1846.2304708957672,3309
1846.2307000160217,40
1846.2309849262238,40
1846.2312588691711,40
1846.2315199375153,40
1846.2318170070648,40
1848.230528831482,40
1848.23078083992,124
1848.231048822403,3309
1848.2312688827515,40
1848.2315340042114,40
1848.231764793396,40
1850.2309758663177,40
1850.2312407493591,40
1850.231487751007,40
1850.2317669391632,124
1850.232023715973,3309
1850.2322788238525,40
1852.2304418087006,40
1852.2307078838348,40
1852.23091173172,40
1852.2311568260193,40
1852.2314217090607,40
1852.2317099571228,124
1854.2307438850403,3309
1854.2309348583221,40
1854.2311537265778,40
1854.2313947677612,40
1854.2316708564758,40
1854.2319169044495,40
1856.2307357788086,40
1856.2309818267822,124
1856.2312188148499,3309
1856.23144197464,40
1856.2317099571228,40
1856.2319648265839,40
1858.2309267520905,40
1858.2311487197876,40
1858.231389760971,40
1858.231750011444,124
1858.2319388389587,3309
1858.2321529388428,40
1860.2320499420166,40
1860.2322828769684,40
1860.2329359054565,40
1860.2334198951721,40
1860.2334277629852,40
1860.2337787151337,124
1862.232165813446,3309
1862.2324028015137,40
1862.2326488494873,40
1862.2329018115997,40
1862.2331898212433,40
1862.2334287166595,40
1864.2319259643555,40
1864.232153892517,124
1864.2324669361115,3309
1864.2326829433441,40
1864.2329428195953,40
1864.2331717014313,40
1866.2316808700562,40
1866.2318806648254,40
1866.2321128845215,40
1866.2324368953705,124
1866.2327797412872,3309
1866.232914686203,40
1868.2321529388428,40
1868.2324147224426,40
1868.2326939105988,40
1868.2329368591309,40
1868.2331738471985,40
1868.233458995819,124
1870.2327477931976,3309
1870.2329807281494,40
1870.2331986427307,40
1870.2334599494934,40
1870.2336847782135,40
1870.233963727951,40
1872.2323079109192,40
1872.2326407432556,124
1872.2328608036041,3309
1872.2331037521362,40
1872.2333598136902,40
1872.2336297035217,40
1874.2328238487244,40
1874.233039855957,40
1874.2333388328552,40
1874.2336258888245,124
1874.2338557243347,3309
1874.2340908050537,40
1876.2322688102722,40
1876.2324736118317,40
1876.23273396492,40
1876.2329528331757,40
1876.2331938743591,40
1876.233520746231,124
1878.232573747635,3309
1878.2327728271484,40
1878.2330148220062,40
1878.233258008957,40
1878.2335269451141,40
1878.2337627410889,40
1880.2336928844452,40
1880.2339737415314,124
1880.234284877777,3309
1880.2344288825989,40
1880.2347099781036,40
1880.23495388031,40
1882.2328939437866,40
1882.2331457138062,40
1882.2333657741547,40
1882.233649969101,124
1882.2339189052582,3309
1882.2341368198395,40
1884.2333679199219,40
1884.2334039211273,40
1884.2335588932037,40
1884.2337818145752,40
1884.2340638637543,40
1884.2343468666077,124
1886.2333767414093,3309
1886.2334198951721,40
1886.2336547374725,40
1886.2339098453522,40
1886.234168767929,40
1886.2344830036163,40
1888.2336707115173,40
1888.233934879303,124
1888.2341358661652,3309
1888.2343888282776,40
1888.234623670578,40
1888.2348718643188,40
1890.2348387241364,40
1890.235072851181,40
1890.235331773758,40
1890.235643863678,124
1890.2359759807587,3309
1890.236125946045,40
1892.2333607673645,40
1892.2336027622223,40
1892.2338688373566,40
1892.2340726852417,40
1892.2343156337738,40
1892.2346317768097,124
1894.2345337867737,3309
1894.2347519397736,40
1894.2349829673767,40
1894.2352259159088,40
1894.2354726791382,40
1894.2357499599457,40
1896.2340579032898,40
1896.2343249320984,124
1896.234573841095,3309
1896.234760761261,40
1896.2350509166718,40
1896.2353007793427,40
1898.234186887741,40
1898.2344226837158,40
1898.2346527576447,40
1898.2349598407745,124
1898.235200881958,3309
1898.235468864441,40
1900.2351307868958,40
1900.2353839874268,40
1900.2356226444244,40
1900.235872745514,40
1900.236154794693,40
1900.2364330291748,124
1902.234897851944,3309
1902.235096693039,40
1902.2353057861328,40
1902.2355816364288,40
1902.235830783844,40
1902.2360708713531,40
1904.2349486351013,40
1904.2352249622345,124
1904.2354528903961,3309
1904.2357058525085,40
1904.2359619140625,40
1904.2362146377563,40
1906.2353339195251,40
1906.2355709075928,40
1906.2358376979828,40
1906.2361466884613,124
1906.2363929748535,3309
1906.2366046905518,40
1908.2353386878967,40
1908.235562801361,40
1908.2358348369598,40
1908.236082792282,40
1908.236338853836,40
1908.236624956131,124
1910.2357339859009,3309
1910.2359178066254,40
1910.2361726760864,40
1910.2364127635956,40
1910.2366638183594,40
1910.2369759082794,40
1912.235524892807,40
1912.2357807159424,124
1912.2360136508942,3309
1912.2362439632416,40
1912.2364859580994,40
1912.2367298603058,40
1914.2357869148254,40
1914.236074924469,40
1914.2362418174744,40
1914.2365798950195,124
1914.2367987632751,3309
1914.2370147705078,40
1916.2355167865753,40
1916.2357349395752,40
1916.2360236644745,40
1916.2362158298492,40
1916.2364859580994,40
1916.2367737293243,124
1918.2369816303253,3309
1918.2372117042542,40
1918.237468957901,40
1918.237725019455,40
1918.2379887104034,40
1918.238226890564,40
1920.2364656925201,40
1920.236737728119,124
1920.2370028495789,3309
1920.2372188568115,40
1920.2374579906464,40
1920.2377128601074,40
1922.2361588478088,40
1922.2363307476044,40
1922.2365798950195,40
1922.2368757724762,124
1922.2371618747711,3309
1922.2373566627502,40
1924.2375147342682,40
1924.237741947174,40
1924.238021850586,40
1924.2382566928864,40
1924.2385008335114,40
1924.238788843155,124
1926.237902879715,3309
1926.2380986213684,40
1926.2384169101715,40
1926.2386169433594,40
1926.2388439178467,40
1926.2390887737274,40
1928.2375128269196,40
1928.237795829773,124
1928.2379949092865,3309
1928.238208770752,40
1928.238677740097,40
1928.23872590065,40
1930.238303899765,40
1930.2385308742523,40
1930.2388048171997,40
1930.2391078472137,124
1930.2393398284912,3309
1930.2395567893982,40
1932.2382328510284,40
1932.238478899002,40
1932.2387177944183,40
1932.2389888763428,40
1932.2392406463623,40
1932.239718914032,124
1934.2382287979126,3309
1934.2383978366852,40
1934.2386298179626,40
1934.2388598918915,40
1934.2391328811646,40
1934.239382982254,40
1936.2386457920074,40
1936.2389147281647,124
1936.2391548156738,3309
1936.2393689155579,40
1936.2396528720856,40
1936.2399368286133,40
1938.2389347553253,40
1938.2391657829285,40
1938.239427804947,40
1938.2397198677063,124
1938.239977836609,3309
1938.2401928901672,40
1940.2392137050629,40
1940.239427804947,40
1940.2396779060364,40
1940.2399208545685,40
1940.2401750087738,40
1940.2405207157135,124
1942.238699913025,3309
1942.238763809204,40
1942.2390236854553,40
1942.2392418384552,40
1942.2394647598267,40
1942.2397458553314,40
1944.2394037246704,40
1944.2395329475403,124
1944.2395906448364,3309
1944.2397768497467,40
1944.240023612976,40
1944.240268945694,40
1946.2397878170013,40
1946.2400467395782,40
1946.2402958869934,40
1946.2405829429626,124
1946.2408509254456,3309
1946.2410788536072,40
1948.2397029399872,40
1948.239854812622,40
1948.2400138378143,40
1948.2402987480164,40
1948.2406198978424,40
1948.240829706192,124
1950.2404386997223,3309
1950.2406387329102,40
1950.2408437728882,40
1950.2411017417908,40
1950.2417566776276,40
1950.2417838573456,40
1952.2396757602692,40
1952.239938735962,124
1952.240178823471,3309
1952.2404098510742,40
1952.240663766861,40
1952.2409038543701,40
1954.2420687675476,40
1954.2421238422394,40
1954.2423338890076,40
1954.2427158355713,124
1954.2429678440094,3309
1954.2431557178497,40
1956.2420418262482,40
1956.2422716617584,40
1956.242538690567,40
1956.242815732956,40
1956.2430548667908,40
1956.2433938980103,124
1958.2420518398285,3309
1958.2422297000885,40
1958.2424857616425,40
1958.242743730545,40
1958.2430148124695,40
1958.2432589530945,40
1960.2429368495941,40
1960.243237733841,124
1960.2434816360474,3309
1960.243694782257,40
1960.2439477443695,40
1960.2442269325256,40
1962.2426977157593,40
1962.2429268360138,40
1962.243169784546,40
1962.2434928417206,124
1962.243728876114,3309
1962.2439386844635,40
1964.242687702179,40
1964.2429208755493,40
1964.2431738376617,40
1964.2434267997742,40
1964.2436919212341,40
1964.2439668178558,124
1966.2429838180542,3309
1966.243183851242,40
1966.243421792984,40
1966.243689775467,40
1966.243933916092,40
1966.24418592453,40
1968.243285894394,40
1968.24338388443,124
1968.2434828281403,3309
1968.243712902069,40
1968.2439727783203,40
1968.24423289299,40
1970.2436156272888,40
1970.2438607215881,40
1970.2441146373749,40
1970.2444107532501,124
1970.2449679374695,3309
1970.2456669807434,40
1972.2435507774353,40
1972.2437589168549,40
1972.244013786316,40
1972.2442688941956,40
1972.2445137500763,40
1972.244794845581,124
1974.2433197498322,3309
1974.243548631668,40
1974.2437179088593,40
1974.24396276474,40
1974.2442269325256,40
1974.2444758415222,40
1976.2436678409576,40
1976.2439227104187,124
1976.2441580295563,3309
1976.2443878650665,40
1976.2446377277374,40
1976.244884967804,40
1978.2441987991333,40
1978.2444117069244,40
1978.2446858882904,40
1978.2449896335602,124
1978.2452178001404,3309
1978.2454249858856,40
1980.2443528175354,40
1980.244568824768,40
1980.2448377609253,40
1980.2450859546661,40
1980.245327949524,40
1980.245633840561,124
1982.2445437908173,3309
1982.2447156906128,40
1982.244964838028,40
1982.2452178001404,40
1982.2454669475555,40
1982.2457869052887,40
1984.244337797165,40
1984.2446179389954,124
1984.244836807251,3309
1984.2450728416443,40
1984.2453029155731,40
1984.2455508708954,40
1986.2450058460236,40
1986.2452628612518,40
1986.2455127239227,40
1986.2457978725433,124
1986.2460536956787,3309
1986.2462928295135,40
1988.245109796524,40
1988.2451329231262,40
1988.2455377578735,40
1988.2457628250122,40
1988.2458000183105,40
1988.2462317943573,124
1990.2453179359436,3309
1990.2453999519348,40
1990.2458567619324,40
1990.2461948394775,40
1990.2462816238403,40
1990.246435880661,40
1992.2462029457092,40
1992.2466359138489,124
1992.2467386722565,3309
1992.246955871582,40
1992.24720287323,40
1992.2474637031555,40
1994.246286869049,40
1994.2465257644653,40
1994.2467567920685,40
1994.2470848560333,124
1994.2473199367523,3309
1994.2475736141205,40
1996.2464718818665,40
1996.2467308044434,40
1996.2469198703766,40
1996.2471957206726,40
1996.2474567890167,40
1996.2478067874908,124
1998.2469668388367,3309
1998.2472648620605,40
1998.247458934784,40
1998.2476978302002,40
1998.2479617595673,40
1998.2482268810272,40
2000.246886730194,40
2000.2471437454224,124
2000.247406721115,3309
2000.2476179599762,40
2000.2479088306427,40
2000.2481169700623,40
2002.2489187717438,40
2002.2491438388824,40
2002.2494099140167,40
2002.2497029304504,124
2002.2499487400055,3309
2002.2501707077026,40
2004.2473208904266,40
2004.2473647594452,40
2004.247419834137,40
2004.2476840019226,40
2004.2482688426971,40
2004.2484307289124,124
2006.24716091156,3309
2006.2472958564758,40
2006.2475509643555,40
2006.247778892517,40
2006.248040676117,40
2006.2482957839966,40
2008.2476189136505,40
2008.247892856598,124
2008.248156785965,3309
2008.248361825943,40
2008.2486028671265,40
2008.2488527297974,40
2010.2482206821442,40
2010.248394727707,40
2010.2486598491669,40
2010.2489278316498,124
2010.2492637634277,3309
2010.2494287490845,40
2012.2477486133575,40
2012.247989654541,40
2012.2482237815857,40
2012.2484920024872,40
2012.2487406730652,40
2012.2492966651917,124
2014.2481169700623,3309
2014.2483007907867,40
2014.2485609054565,40
2014.248812675476,40
2014.2490637302399,40
2014.2493216991425,40
2016.2480418682098,40
2016.2482557296753,124
2016.2485208511353,3309
2016.2487268447876,40
2016.2489748001099,40
2016.2492249011993,40
2018.2484316825867,40
2018.2486617565155,40
2018.248931646347,40
2018.249226808548,124
2018.2494947910309,3309
2018.2496929168701,40
2020.248783826828,40
2020.2490377426147,40
2020.2493028640747,40
2020.2495338916779,40
2020.249785900116,40
2020.2501168251038,124
2022.2480556964874,3309
2022.2482287883759,40
2022.2484669685364,40
2022.248702764511,40
2022.248928785324,40
2022.2492127418518,40
2024.2486848831177,40
2024.2490637302399,124
2024.2492089271545,3309
2024.2494118213654,40
2024.249636888504,40
2024.2498848438263,40
2026.2487168312073,40
2026.2489478588104,40
2026.2491998672485,40
2026.2494976520538,124
2026.249767780304,3309
2026.2499737739563,40
2028.2489976882935,40
2028.2493088245392,40
2028.2494368553162,40
2028.249708890915,40
2028.2499568462372,40
2028.2502608299255,124
2030.2501428127289,3309
2030.2503118515015,40
2030.2505278587341,40
2030.2508127689362,40
2030.251054763794,40
2030.251303911209,40
2032.2491188049316,40
2032.2494537830353,124
2032.2495937347412,3309
2032.249793767929,40
2032.2500627040863,40
2032.2503099441528,40
2034.2498519420624,40
2034.2501018047333,40
2034.2503407001495,40
2034.2506217956543,124
2034.250876903534,3309
2034.2511057853699,40
2036.2497329711914,40
2036.249960899353,40
2036.2502217292786,40
2036.2504699230194,40
2036.250730752945,40
2036.2510137557983,124
2038.2496898174286,3309
2038.249873638153,40
2038.2500977516174,40
2038.2503428459167,40
2038.250617980957,40
2038.2508599758148,40
2040.2502019405365,40
2040.2504937648773,124
2040.2507348060608,3309
2040.250991821289,40
2040.2511868476868,40
2040.2514367103577,40
2042.2502567768097,40
2042.2504777908325,40
2042.2507758140564,40
2042.2510888576508,124
2042.2512919902802,3309
2042.251523733139,40
2044.2501537799835,40
2044.2503929138184,40
2044.2506339550018,40
2044.250953912735,40
2044.251131772995,40
2044.2514278888702,124
2046.2503278255463,3309
2046.2504768371582,40
2046.2507169246674,40
2046.2509939670563,40
2046.251229763031,40
2046.251476764679,40
2048.2505717277527,40
2048.250825881958,124
2048.2510607242584,3309
2048.251301765442,40
2048.2515528202057,40
2048.2517907619476,40
2050.2512578964233,40
2050.251514673233,40
2050.251756668091,40
2050.252047777176,124
2050.2522966861725,3309
2050.252537727356,40
2052.2511417865753,40
2052.251396894455,40
2052.251643896103,40
2052.251889705658,40
2052.252201795578,40
2052.252432823181,124
2054.2509977817535,3309
2054.2512018680573,40
2054.25141787529,40
2054.2516429424286,40
2054.251915693283,40
2054.2521588802338,40
2056.251359939575,40
2056.251635789871,124
2056.251889705658,3309
2056.2521147727966,40
2056.2523567676544,40
2056.252619743347,40
2058.251796722412,40
2058.2520418167114,40
2058.252300977707,40
2058.252602815628,124
2058.252867937088,3309
2058.253101825714,40
2060.2519249916077,40
2060.2521748542786,40
2060.2524359226227,40
2060.252734899521,40
2060.2529759407043,40
2060.2532749176025,124
2062.251567840576,3309
2062.2517857551575,40
2062.2519967556,40
2062.2522349357605,40
2062.252508878708,40
2062.2528138160706,40
2064.252227783203,40
2064.2525057792664,124
2064.2527828216553,3309
2064.252991914749,40
2064.2532527446747,40
2064.2535207271576,40
2066.2516067028046,40
2066.2518537044525,40
2066.2521607875824,40
2066.25239777565,124
2066.2526757717133,3309
2066.252921819687,40
2068.2522099018097,40
2068.2524259090424,40
2068.252698659897,40
2068.252972841263,40
2068.2532358169556,40
2068.253579854965,124
2070.252856731415,3309
2070.2530529499054,40
2070.253285884857,40
2070.2535407543182,40
2070.25377869606,40
2070.254051923752,40
2072.2524197101593,40
2072.252700805664,124
2072.2529349327087,3309
2072.253175973892,40
2072.2534227371216,40
2072.253697872162,40
2074.252806663513,40
2074.2530329227448,40
2074.2533547878265,40
2074.2535948753357,124
2074.2538657188416,3309
2074.254050016403,40
2076.252474784851,40
2076.2527508735657,40
2076.252998828888,40
2076.2532308101654,40
2076.253504753113,40
2076.2538068294525,124
2078.2531237602234,3309
2078.253285884857,40
2078.2535438537598,40
2078.2538199424744,40
2078.2540419101715,40
2078.2542877197266,40
2080.2534329891205,40
2080.2537117004395,124
2080.2539699077606,3309
2080.2541778087616,40
2080.254418849945,40
2080.2546677589417,40
2082.2533888816833,40
2082.2535037994385,40
2082.253756761551,40
2082.2540788650513,124
2082.2543387413025,3309
2082.2546949386597,40
2084.2537548542023,40
2084.2539858818054,40
2084.254268884659,40
2084.2545187473297,40
2084.2547447681427,40
2084.255031824112,124
2086.254003763199,3309
2086.2542028427124,40
2086.2544717788696,40
2086.254715681076,40
2086.254962682724,40
2086.2552268505096,40
2088.2558648586273,40
2088.256148815155,124
2088.256381750107,3309
2088.256673812866,40
2088.2568447589874,40
2088.257111787796,40
2090.2567749023438,40
2090.257021665573,40
2090.257266998291,40
2090.2575397491455,124
2090.2578308582306,3309
2090.2580358982086,40
2092.256327867508,40
2092.256584882736,40
2092.2568328380585,40
2092.257069826126,40
2092.2573177814484,40
2092.257602930069,124
2094.256336927414,3309
2094.256477832794,40
2094.2567217350006,40
2094.2570009231567,40
2094.2572598457336,40
2094.2575068473816,40
2096.256485939026,40
2096.2567636966705,124
2096.256990671158,3309
2096.2572038173676,40
2096.2574548721313,40
2096.257695913315,40
2098.2567977905273,40
2098.2570078372955,40
2098.2572758197784,40
2098.2576179504395,124
2098.257836818695,3309
2098.2580258846283,40
2100.257302761078,40
2100.2573528289795,40
2100.25763297081,40
2100.2578687667847,40
2100.2581169605255,40
2100.2584099769592,124
2102.256850004196,3309
2102.257066965103,40
2102.257289648056,40
2102.2575726509094,40
2102.25780582428,40
2102.2580518722534,40
2104.256677865982,40
2104.256992816925,124
2104.2572088241577,3309
2104.257438659668,40
2104.257656812668,40
2104.2579798698425,40
2106.2571878433228,40
2106.257396697998,40
2106.25763297081,40
2106.257920742035,124
2106.258236885071,3309
2106.258398771286,40
2108.2574558258057,40
2108.257677793503,40
2108.2579307556152,40
2108.2581918239594,40
2108.2584357261658,40
2108.258730649948,124
2110.258070707321,3309
2110.2582788467407,40
2110.2585248947144,40
2110.2590918540955,40
2110.2591207027435,40
2110.259502887726,40
2112.257785797119,40
2112.2580857276917,124
2112.258292913437,3309
2112.2593097686768,40
2112.259523630142,40
2112.259638786316,40
2114.2585158348083,40
2114.258769750595,40
2114.2590079307556,40
2114.2593269348145,124
2114.2595818042755,3309
2114.2598078250885,40
2116.258138656616,40
2116.258364677429,40
2116.2585957050323,40
2116.2588777542114,40
2116.259130716324,40
2116.2594199180603,124
2118.2580556869507,3309
2118.2582669258118,40
2118.2584908008575,40
2118.2587339878082,40
2118.2590007781982,40
2118.2592487335205,40
2120.2590157985687,40
2120.2592906951904,124
2120.259549856186,3309
2120.2597568035126,40
2120.2599897384644,40
2120.2602758407593,40
2122.2581129074097,40
2122.258321762085,40
2122.2585508823395,40
2122.258842945099,124
2122.259111881256,3309
2122.2593138217926,40
2124.2592968940735,40
2124.259336709976,40
2124.2595598697662,40
2124.2598099708557,40
2124.2600588798523,40
2124.260368824005,124
2126.2590448856354,3309
2126.2591848373413,40
2126.2594237327576,40
2126.2597267627716,40
2126.259943962097,40
2126.2601947784424,40
2128.2592267990112,40
2128.259489774704,124
2128.2597377300262,3309
2128.2599427700043,40
2128.2601838111877,40
2128.2604308128357,40
2130.2598156929016,40
2130.260027885437,40
2130.260265827179,40
2130.260585784912,124
2130.260801792145,3309
2130.261034965515,40
2132.259069919586,40
2132.259293794632,40
2132.259532928467,40
2132.2597818374634,40
2132.2600498199463,40
2132.2603418827057,124
2134.259377717972,3309
2134.260001897812,40
2134.260010957718,40
2134.2600648403168,40
2134.260319709778,40
2134.260584831238,40
2136.2594108581543,40
2136.2596678733826,124
2136.2599227428436,3309
2136.2601296901703,40
2136.260371685028,40
2136.2606189250946,40
2138.259610891342,40
2138.2598197460175,40
2138.260115623474,40
2138.2603747844696,124
2138.260627746582,3309
2138.26082777977,40
2140.2603857517242,40
2140.2608618736267,40
2140.2609000205994,40
2140.2611417770386,40
2140.2613937854767,40
2140.2617127895355,124
2142.2603816986084,3309
2142.2605566978455,40
2142.260833978653,40
2142.2610669136047,40
2142.2613146305084,40
2142.2615838050842,40
2144.26038479805,40
2144.260684967041,124
2144.2608938217163,3309
2144.2611298561096,40
2144.2613837718964,40
2144.2616357803345,40
2146.260856628418,40
2146.261084794998,40
2146.261370897293,40
2146.261688709259,124
2146.2618958950043,3309
2146.2621047496796,40
2148.260730743408,40
2148.2609486579895,40
2148.2612087726593,40
2148.261485815048,40
2148.261714696884,40
2148.2620198726654,124
2150.2612047195435,3309
2150.26140666008,40
2150.26167178154,40
2150.261919736862,40
2150.2621669769287,40
2150.262419939041,40
2152.2607617378235,40
2152.261006832123,124
2152.261193752289,3309
2152.261391878128,40
2152.2617588043213,40
2152.26189994812,40
2154.2612919807434,40
2154.261536836624,40
2154.2617428302765,40
2154.2620656490326,124
2154.262291908264,3309
2154.262503862381,40
2156.2614920139313,40
2156.2617037296295,40
2156.261953830719,40
2156.262233018875,40
2156.262452840805,40
2156.2627918720245,124
2158.2616918087006,3309
2158.261914730072,40
2158.2621598243713,40
2158.26242685318,40
2158.2626848220825,40
2158.2629749774933,40
2160.262273788452,40
2160.262627840042,124
2160.2628338336945,3309
2160.2630558013916,40
2160.2633316516876,40
2160.263585805893,40
2162.261962890625,40
2162.2621898651123,40
2162.2624638080597,40
2162.2628169059753,124
2162.263049840927,3309
2162.2632598876953,40
2164.2621037960052,40
2164.2623307704926,40
2164.262665748596,40
2164.262993812561,40
2164.2631249427795,40
2164.263407945633,124
2166.2623419761658,3309
2166.262517929077,40
2166.2628157138824,40
2166.263135910034,40
2166.2633378505707,40
2166.263580799103,40
2168.262218952179,40
2168.2625308036804,124
2168.2627618312836,3309
2168.2630548477173,40
2168.2632627487183,40
2168.263518810272,40
2170.263527870178,40
2170.2638068199158,40
2170.2640447616577,40
2170.264361858368,124
2170.264592885971,3309
2170.264812707901,40
2172.2631137371063,40
2172.263352870941,40
2172.263589859009,40
2172.2638318538666,40
2172.264089822769,40
2172.264408826828,124
2174.2633748054504,3309
2174.2635626792908,40
2174.264326810837,40
2174.2643308639526,40
2174.264335870743,40
2174.26459980011,40
2176.2629368305206,40
2176.2631888389587,124
2176.2634098529816,3309
2176.263640642166,40
2176.2638857364655,40
2176.264128923416,40
2178.2635169029236,40
2178.263970851898,40
2178.264007806778,40
2178.2645156383514,124
2178.264579772949,3309
2178.264809846878,40
2180.2637906074524,40
2180.2640447616577,40
2180.2642838954926,40
2180.2645177841187,40
2180.264765739441,40
2180.265231847763,124
2182.263283967972,3309
2182.2634868621826,40
2182.263687849045,40
2182.2639787197113,40
2182.2641928195953,40
2182.264455795288,40
2184.2636189460754,40
2184.2638759613037,124
2184.264173746109,3309
2184.264357805252,40
2184.2646448612213,40
2184.264856815338,40
2186.263566970825,40
2186.2637927532196,40
2186.2640328407288,40
2186.264322757721,124
2186.264590740204,3309
2186.2648198604584,40
2188.264613866806,40
2188.26483297348,40
2188.2650938034058,40
2188.265333890915,40
2188.2655897140503,40
2188.265884876251,124
2190.265110731125,3309
2190.2653226852417,40
2190.2655568122864,40
2190.265879869461,40
2190.2660868167877,40
2190.26633477211,40
2192.264630794525,40
2192.2649018764496,124
2192.2651789188385,3309
2192.265387773514,40
2192.2656528949738,40
2192.265955686569,40
2194.264838695526,40
2194.265115737915,40
2194.2653188705444,40
2194.2656066417694,124
2194.265884876251,3309
2194.2660896778107,40
2196.2647359371185,40
2196.264987707138,40
2196.2652447223663,40
2196.26549077034,40
2196.2657368183136,40
2196.266014814377,124
2198.264762878418,3309
2198.2649598121643,40
2198.2651886940002,40
2198.2654519081116,40
2198.265700817108,40
2198.2659418582916,40
2200.2652249336243,40
2200.2655007839203,124
2200.2657508850098,3309
2200.265971660614,40
2200.2662127017975,40
2200.2664687633514,40
2202.265026807785,40
2202.265239715576,40
2202.2654807567596,40
2202.2658388614655,124
2202.2660298347473,3309
2202.2662467956543,40
2204.265427827835,40
2204.265670776367,40
2204.265929698944,40
2204.266172647476,40
2204.266414642334,40
2204.2667078971863,124
2206.2654268741608,3309
2206.2656259536743,40
2206.2658636569977,40
2206.2661678791046,40
2206.2663629055023,40
2206.2666079998016,40
2208.2653868198395,40
2208.265657901764,124
2208.26589679718,3309
2208.266087770462,40
2208.266355752945,40
2208.2666277885437,40
2210.2668027877808,40
2210.2670147418976,40
2210.267252922058,40
2210.2675609588623,124
2210.2678637504578,3309
2210.268039703369,40
2212.26615190506,40
2212.266398668289,40
2212.266644716263,40
2212.2669019699097,40
2212.2671387195587,40
2212.2674329280853,124
2214.2657477855682,3309
2214.2659797668457,40
2214.2661888599396,40
2214.2664778232574,40
2214.266731739044,40
2214.2669677734375,40
2216.2819418907166,40
2216.2823357582092,124
2216.2827537059784,3309
2216.2831966876984,40
2216.2836287021637,40
2216.284082889557,40
2218.2664878368378,40
2218.266714811325,40
2218.266947746277,40
2218.2672679424286,124
2218.2675127983093,3309
2218.267721891403,40
2220.2674107551575,40
2220.2676508426666,40
2220.267908811569,40
2220.268168926239,40
2220.2684228420258,40
2220.268715620041,124
2222.2665519714355,3309
2222.2667598724365,40
2222.2669928073883,40
2222.267252922058,40
2222.2675108909607,40
2222.267761707306,40
2224.2668957710266,40
2224.2671406269073,124
2224.267388820648,3309
2224.2676317691803,40
2224.267873764038,40
2224.2681329250336,40
2226.2672419548035,40
2226.267498731613,40
2226.267731666565,40
2226.26802277565,124
2226.2682597637177,3309
2226.268543958664,40
2228.266966819763,40
2228.267196893692,40
2228.267437696457,40
2228.2676858901978,40
2228.2679579257965,40
2228.268239736557,124
2230.2680218219757,3309
2230.268243789673,40
2230.2684597969055,40
2230.2687249183655,40
2230.2689657211304,40
2230.269237756729,40
2232.2675268650055,40
2232.2678837776184,124
2232.268033027649,3309
2232.2682716846466,40
2232.268516778946,40
2232.26878285408,40
2234.2676208019257,40
2234.2678339481354,40
2234.2680706977844,40
2234.268392801285,124
2234.2686269283295,3309
2234.2688376903534,40
2236.268343925476,40
2236.2685947418213,40
2236.268841981888,40
2236.2690958976746,40
2236.269347667694,40
2236.269702911377,124
2238.2679047584534,3309
2238.2681188583374,40
2238.2683646678925,40
2238.2686507701874,40
2238.2688829898834,40
2238.269288778305,40
2240.268605709076,40
2240.2689118385315,124
2240.2691419124603,3309
2240.269353866577,40
2240.269600868225,40
2240.2698957920074,40
2242.2687067985535,40
2242.2689707279205,40
2242.2692546844482,40
2242.269502878189,124
2242.269742012024,3309
2242.269982814789,40
2244.268900871277,40
2244.2689306735992,40
2244.269078731537,40
2244.2692987918854,40
2244.2695467472076,40
2244.269833803177,124
2246.268359899521,3309
2246.268568754196,40
2246.268805742264,40
2246.2690467834473,40
2246.2693207263947,40
2246.269565820694,40
2248.2686207294464,40
2248.268884897232,124
2248.269129753113,3309
2248.269335746765,40
2248.26961684227,40
2248.269852876663,40
2250.2703037261963,40
2250.270506620407,40
2250.2707839012146,40
2250.271101951599,124
2250.271335840225,3309
2250.271600008011,40
2252.269518852234,40
2252.2697598934174,40
2252.27001285553,40
2252.2702717781067,40
2252.270514726639,40
2252.270831823349,124
2254.2693598270416,3309
2254.269556760788,40
2254.2697949409485,40
2254.2701499462128,40
2254.270332813263,40
2254.270575761795,40
2256.269859790802,40
2256.2701547145844,124
2256.2704117298126,3309
2256.270612716675,40
2256.27086687088,40
2256.271143913269,40
2258.2695767879486,40
2258.2698028087616,40
2258.2700679302216,40
2258.270749807358,124
2258.2707538604736,3309
2258.270847797394,40
2260.270102739334,40
2260.270332813263,40
2260.2705998420715,40
2260.2708599567413,40
2260.2710807323456,40
2260.271367788315,124
2262.2702317237854,3309
2262.2704429626465,40
2262.270712852478,40
2262.2709777355194,40
2262.271232843399,40
2262.271515607834,40
2264.2704486846924,40
2264.2707250118256,124
2264.27099776268,3309
2264.271205663681,40
2264.2714579105377,40
2264.2717249393463,40
2266.2701318264008,40
2266.2703857421875,40
2266.270630836487,40
2266.270881652832,124
2266.271180868149,3309
2266.271367788315,40
2268.2709317207336,40
2268.271209001541,40
2268.271419763565,40
2268.271667957306,40
2268.2719168663025,40
2268.272240638733,124
2270.2714829444885,3309
2270.271659851074,40
2270.2719078063965,40
2270.2721519470215,40
2270.2724249362946,40
2270.272689819336,40
2272.271010875702,40
2272.2712876796722,124
2272.2715368270874,3309
2272.2717728614807,40
2272.2719888687134,40
2272.2722477912903,40
2274.270833015442,40
2274.271055698395,40
2274.271300792694,40
2274.271631717682,124
2274.2718698978424,3309
2274.2721037864685,40
2276.2713198661804,40
2276.271538734436,40
2276.271807909012,40
2276.2720839977264,40
2276.2723047733307,40
2276.272590637207,124
2278.2712807655334,3309
2278.27143573761,40
2278.2716698646545,40
2278.2719419002533,40
2278.2721877098083,40
2278.272434949875,40
2280.271884918213,40
2280.2721519470215,124
2280.2724318504333,3309
2280.272603750229,40
2280.272902727127,40
2280.273188829422,40
2282.2716529369354,40
2282.27210187912,40
2282.2722837924957,40
2282.2728078365326,124
2282.273098707199,3309
2282.273102760315,40
2284.271405696869,40
2284.2716448307037,40
2284.2718818187714,40
2284.2722136974335,40
2284.272398710251,40
2284.2726888656616,124
2286.271904706955,3309
2286.2720777988434,40
2286.2722878456116,40
2286.272565841675,40
2286.2728037834167,40
2286.273098707199,40
2288.271887779236,40
2288.2721467018127,124
2288.2724509239197,3309
2288.272691965103,40
2288.2729008197784,40
2288.2731816768646,40
2290.273030757904,40
2290.273265838623,40
2290.273516893387,40
2290.2738049030304,124
2290.27410197258,3309
2290.2743208408356,40
2292.2721118927,40
2292.272330760956,40
2292.2725777626038,40
2292.2728357315063,40
2292.273111820221,40
2292.273400783539,124
2294.2724537849426,3309
2294.272655725479,40
2294.272953748703,40
2294.273238658905,40
2294.2734768390656,40
2294.273713827133,40
2296.272578716278,40
2296.272829771042,124
2296.273115634918,3309
2296.273340702057,40
2296.273589849472,40
2296.2738428115845,40
2298.2736868858337,40
2298.2739329338074,40
2298.274181842804,40
2298.274461746216,124
2298.274749994278,3309
2298.2749648094177,40
2300.273908853531,40
2300.274167776108,40
2300.274287700653,40
2300.274531841278,40
2300.2748227119446,40
2300.275105714798,124
2302.273192882538,3309
2302.273396730423,40
2302.273627758026,40
2302.2741038799286,40
2302.27414393425,40
2302.2743878364563,40
2304.273227930069,40
2304.2734937667847,124
2304.2737307548523,3309
2304.273957967758,40
2304.2741827964783,40
2304.274431705475,40
2306.2736859321594,40
2306.2739078998566,40
2306.274176836014,40
2306.2744669914246,124
2306.2747297286987,3309
2306.2749297618866,40
2308.273764848709,40
2308.274002790451,40
2308.2743167877197,40
2308.2745156288147,40
2308.2748289108276,40
2308.2750618457794,124
2310.2745287418365,3309
2310.2747457027435,40
2310.2749948501587,40
2310.275228738785,40
2310.275506734848,40
2310.2758078575134,40
2312.273929834366,40
2312.274194717407,124
2312.2745068073273,3309
2312.274692773819,40
2312.2749466896057,40
2312.27516579628,40
2314.273946762085,40
2314.2741737365723,40
2314.274407863617,40
2314.2746906280518,124
2314.2749679088593,3309
2314.2751858234406,40
2316.2745418548584,40
2316.2747769355774,40
2316.2750487327576,40
2316.275297641754,40
2316.2755477428436,40
2316.275864839554,124
2318.2744987010956,3309
2318.2747209072113,40
2318.2749717235565,40
2318.2752368450165,40
2318.275515794754,40
2318.275766849518,40
2320.2755029201508,40
2320.2757737636566,124
2320.2760138511658,3309
2320.2762598991394,40
2320.276510953903,40
2320.276755809784,40
2322.274775981903,40
2322.2749919891357,40
2322.2752306461334,40
2322.2755677700043,124
2322.275792837143,3309
2322.276222705841,40
2324.2749087810516,40
2324.275139808655,40
2324.2753689289093,40
2324.275648832321,40
2324.275889635086,40
2324.2761857509613,124
2326.2749297618866,3309
2326.2751019001007,40
2326.275331735611,40
2326.275584936142,40
2326.275872707367,40
2326.2760858535767,40
2328.2754657268524,40
2328.2757329940796,124
2328.2760257720947,3309
2328.2762138843536,40
2328.2764468193054,40
2328.276734828949,40
2330.2764546871185,40
2330.276692867279,40
2330.276944875717,40
2330.277261734009,124
2330.2775118350983,3309
2330.2777338027954,40
2332.2754797935486,40
2332.275714635849,40
2332.275958776474,40
2332.2762217521667,40
2332.2764778137207,40
2332.2767679691315,124
2334.2757439613342,3309
2334.275942802429,40
2334.2761816978455,40
2334.276448726654,40
2334.2766919136047,40
2334.276960849762,40
2336.2758877277374,40
2336.276134967804,124
2336.2763817310333,3309
2336.2766036987305,40
2336.27685379982,40
2336.277110815048,40
2338.2763528823853,40
2338.276555776596,40
2338.2768228054047,40
2338.2771468162537,124
2338.2773637771606,3309
2338.277561903,40
2340.2764348983765,40
2340.2766478061676,40
2340.276913881302,40
2340.277163743973,40
2340.277391910553,40
2340.277710914612,124
2342.276207923889,3309
2342.276402950287,40
2342.2766268253326,40
2342.2768697738647,40
2342.2771418094635,40
2342.277369737625,40
2344.277084827423,40
2344.277386903763,124
2344.27765083313,3309
2344.277851819992,40
2344.278100967407,40
2344.278388738632,40
2346.276896715164,40
2346.2771089076996,40
2346.2773349285126,40
2346.277688741684,124
2346.2778956890106,3309
2346.278111934662,40
2348.2770977020264,40
2348.2773287296295,40
2348.277578830719,40
2348.2778418064117,40
2348.2780706882477,40
2348.2783646583557,124
2350.278094768524,3309
2350.278331756592,40
2350.2785527706146,40
2350.2788438796997,40
2350.2790887355804,40
2350.2793278694153,40
2352.2784948349,40
2352.278524875641,124
2352.279028892517,3309
2352.2790517807007,40
2352.2795357704163,40
2352.2795736789703,40
2354.278664827347,40
2354.2788939476013,40
2354.2791657447815,40
2354.2794637680054,124
2354.279704809189,3309
2354.279949903488,40
2356.2782340049744,40
2356.2784657478333,40
2356.2786939144135,40
2356.278940677643,40
2356.279205799103,40
2356.279490709305,124
2358.2789907455444,3309
2358.2791907787323,40
2358.2794477939606,40
2358.279721736908,40
2358.2799396514893,40
2358.2802357673645,40
2360.279599905014,40
2360.2798788547516,124
2360.280124902725,3309
2360.2803857326508,40
2360.2806208133698,40
2360.2808656692505,40
2362.2797858715057,40
2362.279994726181,40
2362.2802357673645,40
2362.2805466651917,124
2362.280793905258,3309
2362.2809929847717,40
2364.2800307273865,40
2364.280071735382,40
2364.280212879181,40
2364.2804477214813,40
2364.280695915222,40
2364.2810027599335,124
2366.2802839279175,3309
2366.2804849147797,40
2366.2807157039642,40
2366.2809557914734,40
2366.2812378406525,40
2366.281492948532,40
2368.2805078029633,40
2368.280787706375,124
2368.281010866165,3309
2368.281257867813,40
2368.281492948532,40
2368.28173494339,40
2370.28168964386,40
2370.2819278240204,40
2370.282169818878,40
2370.282492876053,124
2370.2827458381653,3309
2370.283008813858,40
2372.2816298007965,40
2372.281909942627,40
2372.2820947170258,40
2372.282357931137,40
2372.2826068401337,40
2372.282893896103,124
2374.2824857234955,3309
2374.282726764679,40
2374.282965660095,40
2374.283230781555,40
2374.2834718227386,40
2374.2838277816772,40
2376.2836718559265,40
2376.283968925476,124
2376.2842457294464,3309
2376.2845017910004,40
2376.284749984741,40
2376.2849929332733,40
2378.2832708358765,40
2378.283524990082,40
2378.283800840378,40
2378.2840518951416,124
2378.2842857837677,3309
2378.2845737934113,40
2380.2845537662506,40
2380.2847878932953,40
2380.285040616989,40
2380.285314798355,40
2380.2856028079987,40
2380.285850763321,124
2382.283451795578,3309
2382.2836368083954,40
2382.2839028835297,40
2382.284117937088,40
2382.2843928337097,40
2382.2846388816833,40
2384.28387594223,40
2384.284202814102,124
2384.2843849658966,3309
2384.284641981125,40
2384.2848637104034,40
2384.2851169109344,40
2386.2843387126923,40
2386.2845797538757,40
2386.2848439216614,40
2386.2851407527924,124
2386.28537774086,3309
2386.2856187820435,40
2388.28448677063,40
2388.284717798233,40
2388.2849938869476,40
2388.2852318286896,40
2388.285476922989,40
2388.285761833191,124
2390.2847487926483,3309
2390.284960746765,40
2390.285192012787,40
2390.285437822342,40
2390.2856838703156,40
2390.285945892334,40
2392.284278869629,40
2392.2845017910004,124
2392.2847328186035,3309
2392.2850358486176,40
2392.28520488739,40
2392.2854528427124,40
2394.284754753113,40
2394.284969806671,40
2394.2851998806,40
2394.2855308055878,124
2394.2858078479767,3309
2394.285965681076,40
2396.2848737239838,40
2396.2850897312164,40
2396.285332918167,40
2396.285603761673,40
2396.2858419418335,40
2396.2861437797546,124
2398.286341905594,3309
2398.2865817546844,40
2398.2868518829346,40
2398.2870688438416,40
2398.287312746048,40
2398.2876019477844,40
2400.2866678237915,40
2400.286937713623,124
2400.2871828079224,3309
2400.2874097824097,40
2400.2876527309418,40
2400.2879638671875,40
2402.2863228321075,40
2402.286545753479,40
2402.286808013916,40
2402.2871148586273,124
2402.2873508930206,3309
2402.287580728531,40
2404.2863478660583,40
2404.2865307331085,40
2404.286764860153,40
2404.287002801895,40
2404.287287712097,40
2404.2875697612762,124
2406.286227941513,3309
2406.286452770233,40
2406.286690711975,40
2406.286923646927,40
2406.2871668338776,40
2406.287432909012,40
2408.2865097522736,40
2408.286780834198,124
2408.2870197296143,3309
2408.287219762802,40
2408.2874958515167,40
2408.2877337932587,40
2410.287995815277,40
2410.288105726242,40
2410.2883439064026,40
2410.2886657714844,124
2410.288908958435,3309
2410.2891919612885,40
2412.287748813629,40
2412.2879986763,40
2412.2882199287415,40
2412.288531780243,40
2412.288750886917,40
2412.28910279274,124
2414.2880527973175,3309
2414.2882509231567,40
2414.288429737091,40
2414.2887330055237,40
2414.2890589237213,40
2414.2891857624054,40
2416.2878868579865,40
2416.2882237434387,124
2416.288429737091,3309
2416.2886216640472,40
2416.288863658905,40
2416.2891438007355,40
2418.288353919983,40
2418.2886447906494,40
2418.288826942444,40
2418.289119720459,124
2418.289389848709,3309
2418.289610862732,40
2420.2891068458557,40
2420.2893307209015,40
2420.2896127700806,40
2420.2898359298706,40
2420.290079832077,40
2420.290373802185,124
2422.2899487018585,3309
2422.2901599407196,40
2422.2903966903687,40
2422.290665626526,40
2422.2909808158875,40
2422.29115486145,40
2424.29074382782,40
2424.291029691696,124
2424.2912418842316,3309
2424.2914497852325,40
2424.291727781296,40
2424.2919597625732,40
2426.296549797058,40
2426.2968327999115,40
2426.297167778015,40
2426.297525882721,124
2426.2978098392487,3309
2426.2980999946594,40
2428.291291952133,40
2428.291515827179,40
2428.2917528152466,40
2428.2920117378235,40
2428.2923197746277,40
2428.292550802231,124
2430.2921669483185,3309
2430.2923679351807,40
2430.292738676071,40
2430.2928557395935,40
2430.293139696121,40
2430.29363489151,40
2432.2914328575134,40
2432.2917108535767,124
2432.2919478416443,3309
2432.2921669483185,40
2432.2926619052887,40
2432.2926847934723,40
2434.2917058467865,40
2434.2919487953186,40
2434.2921957969666,40
2434.2924778461456,124
2434.2927548885345,3309
2434.2929718494415,40
2436.2920339107513,40
2436.292270898819,40
2436.2925097942352,40
2436.29278588295,40
2436.293054819107,40
2436.2933597564697,124
2438.2922117710114,3309
2438.292410850525,40
2438.2926428318024,40
2438.29292178154,40
2438.29323387146,40
2438.2934699058533,40
2440.2929396629333,40
2440.293294906616,124
2440.2935099601746,3309
2440.2937297821045,40
2440.2940340042114,40
2440.294252872467,40
2442.2930727005005,40
2442.293385744095,40
2442.2935798168182,40
2442.2938706874847,124
2442.294120788574,3309
2442.294375896454,40
2444.2938907146454,40
2444.294110774994,40
2444.2943906784058,40
2444.2946226596832,40
2444.2948668003082,40
2444.2951757907867,124
2446.2969608306885,3309
2446.297162771225,40
2446.297402858734,40
2446.297764778137,40
2446.2979197502136,40
2446.2981679439545,40
2448.295880794525,40
2448.2961716651917,124
2448.2964079380035,3309
2448.2966136932373,40
2448.296885728836,40
2448.297137737274,40
2450.2973127365112,40
2450.2975459098816,40
2450.297822713852,40
2450.298211812973,124
2450.2983736991882,3309
2450.2986047267914,40
2452.296157836914,40
2452.296421766281,40
2452.296629667282,40
2452.2968759536743,40
2452.2971367836,40
2452.2974197864532,124
2454.2963778972626,3309
2454.296553850174,40
2454.2967867851257,40
2454.297013759613,40
2454.297292947769,40
2454.297520875931,40
2456.2965886592865,40
2456.296847820282,124
2456.2970898151398,3309
2456.2972717285156,40
2456.297528743744,40
2456.2977998256683,40
2458.2970349788666,40
2458.2972679138184,40
2458.2975327968597,40
2458.2978818416595,124
2458.2980737686157,3309
2458.2982857227325,40
2460.297707796097,40
2460.2979929447174,40
2460.298182964325,40
2460.29842877388,40
2460.2986986637115,40
2460.2990217208862,124
2462.2970337867737,3309
2462.297239780426,40
2462.297472715378,40
2462.2977929115295,40
2462.2979848384857,40
2462.2982387542725,40
2464.297013759613,40
2464.297281742096,124
2464.297503709793,3309
2464.2977118492126,40
2464.2979838848114,40
2464.298220872879,40
2466.2980868816376,40
2466.29834485054,40
2466.298598766327,40
2466.2989208698273,124
2466.2991597652435,3309
2466.299405813217,40
2468.297908782959,40
2468.298146724701,40
2468.2984187602997,40
2468.298661708832,40
2468.29891371727,40
2468.299199819565,124
2470.29807972908,3309
2470.29829287529,40
2470.2985429763794,40
2470.298806667328,40
2470.2990617752075,40
2470.299307823181,40
2472.2981066703796,40
2472.2984046936035,124
2472.298629760742,3309
2472.298855781555,40
2472.2990958690643,40
2472.299340724945,40
2474.298570871353,40
2474.2988317012787,40
2474.299080848694,40
2474.2993998527527,124
2474.2996079921722,3309
2474.2998538017273,40
2476.2979929447174,40
2476.298216819763,40
2476.298437833786,40
2476.298680782318,40
2476.299020767212,40
2476.2992947101593,124
2478.299953699112,3309
2478.3003919124603,40
2478.3004188537598,40
2478.300461769104,40
2478.30047082901,40
2478.3004858493805,40
2480.299332857132,40
2480.299649953842,124
2480.299847841263,3309
2480.300062894821,40
2480.3003358840942,40
2480.300652742386,40
2482.298756837845,40
2482.29900097847,40
2482.2992358207703,40
2482.2995669841766,124
2482.299792766571,3309
2482.300004720688,40
2484.298981666565,40
2484.2990288734436,40
2484.2990906238556,40
2484.2993338108063,40
2484.2995986938477,40
2484.2999019622803,124
2486.2988407611847,3309
2486.299114704132,40
2486.299318790436,40
2486.299535751343,40
2486.299801826477,40
2486.3000588417053,40
2488.2994887828827,40
2488.2997748851776,124
2488.3000197410583,3309
2488.3002269268036,40
2488.3004767894745,40
2488.3007168769836,40
2490.300543785095,40
2490.3010618686676,40
2490.301083803177,40
2490.30135679245,124
2490.301587820053,3309
2490.30180478096,40
2492.300086736679,40
2492.3003437519073,40
2492.3005797863007,40
2492.3008217811584,40
2492.3010647296906,40
2492.3013877868652,124
2494.301869869232,3309
2494.301911830902,40
2494.301928758621,40
2494.3021109104156,40
2494.3021187782288,40
2494.302937746048,40
2496.3012199401855,40
2496.301505804062,124
2496.3017768859863,3309
2496.3019716739655,40
2496.3022396564484,40
2496.302482843399,40
2498.3009588718414,40
2498.301182985306,40
2498.301442861557,40
2498.3017377853394,124
2498.3020248413086,3309
2498.3022179603577,40
2500.3015768527985,40
2500.3018498420715,40
2500.3020737171173,40
2500.3023178577423,40
2500.302567958832,40
2500.302856683731,124
2502.3015637397766,3309
2502.3017578125,40
2502.3019919395447,40
2502.3022656440735,40
2502.302528858185,40
2502.3027617931366,40
2504.3019499778748,40
2504.30225276947,124
2504.3024847507477,3309
2504.302694797516,40
2504.3030078411102,40
2504.303244829178,40
2506.3024656772614,40
2506.302699804306,40
2506.302959918976,40
2506.3032948970795,124
2506.3035588264465,3309
2506.3037779331207,40
2508.3027486801147,40
2508.3030338287354,40
2508.3032507896423,40
2508.3035848140717,40
2508.3037626743317,40
2508.3041067123413,124
2510.3040487766266,3309
2510.3042466640472,40
2510.3044867515564,40
2510.3047609329224,40
2510.305018901825,40
2510.3052718639374,40
2512.3032789230347,40
2512.303546667099,124
2512.3038136959076,3309
2512.304023742676,40
2512.3042647838593,40
2512.3045189380646,40
2514.3037147521973,40
2514.3039548397064,40
2514.3041949272156,40
2514.30450797081,124
2514.3047218322754,3309
2514.304932832718,40
2516.303995847702,40
2516.3042628765106,40
2516.304497718811,40
2516.304753780365,40
2516.304988861084,40
2516.305333852768,124
2518.3043868541718,3309
2518.304575920105,40
2518.3048117160797,40
2518.3050537109375,40
2518.305320739746,40
2518.3055768013,40
2520.305142879486,40
2520.3054287433624,124
2520.305666923523,3309
2520.3058726787567,40
2520.3061146736145,40
2520.3063628673553,40
2522.305038690567,40
2522.305270910263,40
2522.305515766144,40
2522.305858850479,124
2522.3060698509216,3309
2522.30627989769,40
2524.305604696274,40
2524.3058648109436,40
2524.3061199188232,40
2524.3063657283783,40
2524.306688785553,40
2524.30694770813,124
2526.3058726787567,3309
2526.3060607910156,40
2526.306290626526,40
2526.3065428733826,40
2526.3068237304688,40
2526.307060956955,40
2528.3056128025055,40
2528.3059027194977,124
2528.3061146736145,3309
2528.3063628673553,40
2528.3065888881683,40
2528.306840658188,40
2530.3069117069244,40
2530.3071467876434,40
2530.307409763336,40
2530.307695865631,124
2530.3079447746277,3309
2530.308164834976,40
2532.3066556453705,40
2532.306902885437,40
2532.307114839554,40
2532.307362794876,40
2532.307635784149,40
2532.307959794998,124
2534.306786775589,3309
2534.3069467544556,40
2534.3071727752686,40
2534.3074357509613,40
2534.3077099323273,40
2534.307937860489,40
2536.3070406913757,40
2536.307302713394,124
2536.3075478076935,3309
2536.307746887207,40
2536.3080127239227,40
2536.3082678318024,40
2538.3077368736267,40
2538.3080348968506,40
2538.3082287311554,40
2538.30855178833,124
2538.308763742447,3309
2538.3090028762817,40
2540.308219909668,40
2540.308456659317,40
2540.3086898326874,40
2540.308938741684,40
2540.3092148303986,40
2540.30952501297,124
2542.3087198734283,3309
2542.30890083313,40
2542.3091316223145,40
2542.309408903122,40
2542.3096508979797,40
2542.3099007606506,40
2544.309609889984,40
2544.3100056648254,124
2544.3101677894592,3309
2544.3103396892548,40
2544.3105986118317,40
2544.310866832733,40
2546.3097927570343,40
2546.309971809387,40
2546.310225009918,40
2546.3105046749115,124
2546.310793876648,3309
2546.310997724533,40
2548.30992269516,40
2548.310149908066,40
2548.3103728294373,40
2548.310622692108,40
2548.3108859062195,40
2548.3111848831177,124
2550.3103590011597,3309
2550.310528755188,40
2550.3107619285583,40
2550.311039686203,40
2550.3112609386444,40
2550.311518907547,40
2552.310003757477,40
2552.3103177547455,124
2552.310532808304,3309
2552.3107509613037,40
2552.3110179901123,40
2552.3112750053406,40
2554.3105556964874,40
2554.310733795166,40
2554.3109669685364,40
2554.3112428188324,124
2554.3115208148956,3309
2554.3117287158966,40
2556.3110308647156,40
2556.311239719391,40
2556.311498641968,40
2556.311774969101,40
2556.31200671196,40
2556.312356710434,124
2558.31063079834,3309
2558.310849905014,40
2558.3110728263855,40
2558.3113169670105,40
2558.311581850052,40
2558.3118188381195,40
2560.3118748664856,40
2560.312136888504,124
2560.312358856201,3309
2560.3125858306885,40
2560.3128566741943,40
2560.3131318092346,40
2562.3128089904785,40
2562.3130679130554,40
2562.3133628368378,40
2562.3136308193207,124
2562.313852787018,3309
2562.3140947818756,40
2564.3113288879395,40
2564.3115396499634,40
2564.311774969101,40
2564.312017917633,40
2564.3122947216034,40
2564.312605857849,124
2566.3120906352997,3309
2566.3122828006744,40
2566.312528848648,40
2566.3127830028534,40
2566.313018798828,40
2566.3133387565613,40
2568.3125767707825,40
2568.3128547668457,124
2568.3130757808685,3309
2568.3133227825165,40
2568.3136007785797,40
2568.3138439655304,40
2570.3127088546753,40
2570.3129358291626,40
2570.313188791275,40
2570.3134808540344,124
2570.3137397766113,3309
2570.313955783844,40
2572.313351869583,40
2572.313576936722,40
2572.313845872879,40
2572.314088821411,40
2572.314344882965,40
2572.3146328926086,124
2574.3131759166718,3309
2574.3134429454803,40
2574.3136467933655,40
2574.313938856125,40
2574.3141617774963,40
2574.314428806305,40
2576.3133249282837,40
2576.3136188983917,124
2576.313823699951,3309
2576.3140528202057,40
2576.3143458366394,40
2576.314556837082,40
2578.3138308525085,40
2578.3140349388123,40
2578.314286708832,40
2578.3145978450775,124
2578.314812898636,3309
2578.3155977725983,40
2580.314134836197,40
2580.314383983612,40
2580.314615726471,40
2580.3148748874664,40
2580.315102815628,40
2580.3154237270355,124
2582.3151597976685,3309
2582.315358877182,40
2582.3156168460846,40
2582.3158679008484,40
2582.3161146640778,40
2582.3163657188416,40
2584.315311908722,40
2584.3155868053436,124
2584.315835952759,3309
2584.3160598278046,40
2584.3163278102875,40
2584.3165807724,40
2586.3152906894684,40
2586.3155088424683,40
2586.3157498836517,40
2586.316074848175,124
2586.316300868988,3309
2586.31654381752,40
2588.31649684906,40
2588.3167428970337,40
2588.3169708251953,40
2588.3172478675842,40
2588.3174908161163,40
2588.3177716732025,124
2590.3170857429504,3309
2590.3173286914825,40
2590.317566871643,40
2590.3178367614746,40
2590.3180618286133,40
2590.318338871002,40
2592.318047761917,40
2592.3183138370514,124
2592.31858086586,3309
2592.3187787532806,40
2592.3190307617188,40
2592.3192777633667,40
2594.3187959194183,40
2594.319025993347,40
2594.3192567825317,40
2594.319578886032,124
2594.3198249340057,3309
2594.3200268745422,40
2596.3191998004913,40
2596.319441795349,40
2596.3197379112244,40
2596.319974899292,40
2596.320225954056,40
2596.3205687999725,124
2598.319125890732,3309
2598.3193578720093,40
2598.319582939148,40
2598.3198068141937,40
2598.3200628757477,40
2598.320327758789,40
2600.3198647499084,40
2600.3202147483826,124
2600.3204379081726,3309
2600.320630788803,40
2600.3208978176117,40
2600.3211648464203,40
2602.3195338249207,40
2602.319777727127,40
2602.3200278282166,40
2602.3203287124634,124
2602.320579767227,3309
2602.3207907676697,40
2604.320107936859,40
2604.3201439380646,40
2604.3201897144318,40
2604.320463657379,40
2604.3207156658173,40
2604.3210179805756,124
2606.3199467658997,3309
2606.3201546669006,40
2606.3204226493835,40
2606.3206598758698,40
2606.320881843567,40
2606.321151971817,40
2608.3206117153168,40
2608.320902824402,124
2608.3211579322815,3309
2608.3213419914246,40
2608.321569919586,40
2608.321858882904,40
2610.321841955185,40
2610.322096824646,40
2610.322329759598,40
2610.3226227760315,124
2610.3229188919067,3309
2610.323141813278,40
2612.3211658000946,40
2612.3213608264923,40
2612.3215806484222,40
2612.321836709976,40
2612.3221089839935,40
2612.3223888874054,124
2614.3213636875153,3309
2614.3215708732605,40
2614.321798801422,40
2614.322079896927,40
2614.3223316669464,40
2614.322598695755,40
2616.321772813797,40
2616.322048664093,124
2616.322292804718,3309
2616.3225367069244,40
2616.3227689266205,40
2616.3230419158936,40
2618.3217837810516,40
2618.3219628334045,40
2618.32221698761,40
2618.3225247859955,124
2618.3227689266205,3309
2618.323008775711,40
2620.3226330280304,40
2620.322938680649,40
2620.323127746582,40
2620.3234000205994,40
2620.3236718177795,40
2620.3239998817444,124
2622.3217556476593,3309
2622.3220088481903,40
2622.3222148418427,40
2622.3224828243256,40
2622.3226878643036,40
2622.323000907898,40
2624.322265625,40
2624.3225247859955,124
2624.322757959366,3309
2624.3229937553406,40
2624.323282957077,40
2624.323584794998,40
2626.322521686554,40
2626.322761774063,40
2626.322996854782,40
2626.3233547210693,124
2626.3235907554626,3309
2626.323835849762,40
2628.322552919388,40
2628.322803735733,40
2628.3230249881744,40
2628.3233156204224,40
2628.3235716819763,40
2628.32385802269,124
2630.323344707489,3309
2630.3236396312714,40
2630.323826789856,40
2630.324078798294,40
2630.3243248462677,40
2630.3246269226074,40
2632.32284283638,40
2632.3230707645416,124
2632.323346853256,3309
2632.3235807418823,40
2632.323838710785,40
2632.32413482666,40
2634.3554978370667,40
2634.3557476997375,40
2634.3559849262238,40
2634.3562908172607,124
2634.3565237522125,3309
2634.3567547798157,40
2636.350077867508,40
2636.3503029346466,40
2636.3505396842957,40
2636.3507816791534,40
2636.3510518074036,40
2636.3513259887695,124
2638.3504028320312,3309
2638.350602865219,40
2638.350835800171,40
2638.3511078357697,40
2638.351355791092,40
2638.351633787155,40
2640.3512098789215,40
2640.3515129089355,124
2640.3517549037933,3309
2640.352043867111,40
2640.352229833603,40
2640.352502822876,40
2642.350700855255,40
2642.350929737091,40
2642.3511798381805,40
2642.351501941681,124
2642.3517487049103,3309
2642.3519859313965,40
2644.3506376743317,40
2644.3508636951447,40
2644.35111784935,40
2644.3516008853912,40
2644.3516047000885,40
2644.3518908023834,124
2646.3512547016144,3309
2646.3514788150787,40
2646.3517348766327,40
2646.351973772049,40
2646.3522248268127,40
2646.352468729019,40
2648.3516566753387,40
2648.3519339561462,124
2648.3521707057953,3309
2648.352383852005,40
2648.3526458740234,40
2648.352908849716,40
2650.3523967266083,40
2650.3526136875153,40
2650.3528759479523,40
2650.3532078266144,124
2650.353461742401,3309
2650.353684902191,40
2652.351970911026,40
2652.352259874344,40
2652.352469921112,40
2652.3527088165283,40
2652.3529858589172,40
2652.3532779216766,124
2654.3522028923035,3309
2654.352353811264,40
2654.352609872818,40
2654.3528628349304,40
2654.353123664856,40
2654.3534178733826,40
2656.3515808582306,40
2656.3518466949463,124
2656.352085828781,3309
2656.352280855179,40
2656.3525466918945,40
2656.352796792984,40
2658.3535249233246,40
2658.3535528182983,40
2658.353574991226,40
2658.353647708893,124
2658.3537187576294,3309
2658.3537237644196,40
2660.352400779724,40
2660.352612733841,40
2660.352900981903,40
2660.353111743927,40
2660.3533897399902,40
2660.3536767959595,124
2662.352263689041,3309
2662.3524198532104,40
2662.352691888809,40
2662.352882862091,40
2662.3531517982483,40
2662.3534388542175,40
2664.3525688648224,40
2664.3527839183807,124
2664.353018760681,3309
2664.35324883461,40
2664.353534936905,40
2664.3537957668304,40
2666.35311794281,40
2666.3534047603607,40
2666.353675842285,40
2666.3539547920227,124
2666.354211807251,3309
2666.3544499874115,40
2668.3529868125916,40
2668.3531987667084,40
2668.3534967899323,40
2668.3537628650665,40
2668.3540058135986,40
2668.3543088436127,124
2670.353665828705,3309
2670.3539457321167,40
2670.3541419506073,40
2670.3543906211853,40
2670.354651927948,40
2670.3549330234528,40
2672.3532457351685,40
2672.353551864624,124
2672.353803873062,3309
2672.3540329933167,40
2672.354271888733,40
2672.3545768260956,40
2674.35364484787,40
2674.353866815567,40
2674.35413980484,40
2674.354423761368,124
2674.354675769806,3309
2674.3548896312714,40
2676.3536038398743,40
2676.3538179397583,40
2676.3540518283844,40
2676.3543207645416,40
2676.3545627593994,40
2676.3548679351807,124
2678.3534948825836,3309
2678.3537056446075,40
2678.3539476394653,40
2678.354185819626,40
2678.354460954666,40
2678.3547048568726,40
2680.3545138835907,40
2680.354791879654,124
2680.3550317287445,3309
2680.3552396297455,40
2680.355506658554,40
2680.3557670116425,40
2682.3539578914642,40
2682.3541848659515,40
2682.3544306755066,40
2682.354731798172,124
2682.354990720749,3309
2682.355199813843,40
2684.3547348976135,40
2684.3549966812134,40
2684.3552408218384,40
2684.3554849624634,40
2684.3557698726654,40
2684.3560597896576,124
2686.354402780533,3309
2686.3545808792114,40
2686.354808807373,40
2686.3550839424133,40
2686.3553268909454,40
2686.3555698394775,40
2688.354467868805,40
2688.3547298908234,124
2688.354981660843,3309
2688.3552169799805,40
2688.355472803116,40
2688.35572886467,40
2690.355131626129,40
2690.3553907871246,40
2690.355635881424,40
2690.355925798416,124
2690.3561878204346,3309
2690.3564236164093,40
2692.355674982071,40
2692.3559198379517,40
2692.356221675873,40
2692.3563978672028,40
2692.356649875641,40
2692.3569428920746,124
2694.356258869171,3309
2694.3565187454224,40
2694.3567218780518,40
2694.35697889328,40
2694.3572146892548,40
2694.35746383667,40
2696.356150865555,40
2696.3564217090607,124
2696.356648683548,3309
2696.356888771057,40
2696.3571236133575,40
2696.3573796749115,40
2698.3561387062073,40
2698.356360912323,40
2698.3565967082977,40
2698.356917858124,124
2698.357152938843,3309
2698.3573627471924,40
2700.357254743576,40
2700.3574929237366,40
2700.3577477931976,40
2700.3579907417297,40
2700.3582677841187,40
2700.358575820923,124
2702.356652736664,3309
2702.357130765915,40
2702.3571598529816,40
2702.357389688492,40
2702.3576169013977,40
2702.357857942581,40
2704.3565287590027,40
2704.356811761856,124
2704.3570449352264,3309
2704.3574278354645,40
2704.357522726059,40
2704.3577749729156,40
2706.357040643692,40
2706.357260942459,40
2706.357501745224,40
2706.3578329086304,124
2706.3580718040466,3309
2706.3582768440247,40
2708.357258796692,40
2708.3574919700623,40
2708.357757806778,40
2708.358012676239,40
2708.3582558631897,40
2708.3585407733917,124
2710.357783794403,3309
2710.3580117225647,40
2710.358258008957,40
2710.3585097789764,40
2710.3588519096375,40
2710.359228849411,40
2712.357053756714,40
2712.3573377132416,124
2712.3575887680054,3309
2712.3577938079834,40
2712.358034849167,40
2712.3583018779755,40
2714.3576488494873,40
2714.357930660248,40
2714.3581306934357,40
2714.3584349155426,124
2714.358681678772,3309
2714.3589627742767,40
2716.357743740082,40
2716.3579807281494,40
2716.3582179546356,40
2716.3584859371185,40
2716.3587448596954,40
2716.3590259552,124
2718.357872724533,3309
2718.358044862747,40
2718.358300924301,40
2718.3585288524628,40
2718.3589136600494,40
2718.3590457439423,40
2720.3585216999054,40
2720.3588478565216,124
2720.3590598106384,3309
2720.359274864197,40
2720.3595209121704,40
2720.359802722931,40
2722.3581099510193,40
2722.3583347797394,40
2722.35861992836,40
2722.358887910843,124
2722.359160900116,3309
2722.359360933304,40
2724.3586888313293,40
2724.3587398529053,40
2724.358814716339,40
2724.359070777893,40
2724.3593168258667,40
2724.359608888626,124
2726.358664751053,3309
2726.358866930008,40
2726.3590886592865,40
2726.3593668937683,40
2726.3596057891846,40
2726.3598778247833,40
2728.358811855316,40
2728.35910487175,124
2728.3595769405365,3309
2728.359665632248,40
2728.3600237369537,40
2728.3603806495667,40
2730.359573841095,40
2730.3597886562347,40
2730.360038757324,40
2730.360353708267,124
2730.360617876053,3309
2730.3608198165894,40
2732.359399795532,40
2732.3596329689026,40
2732.3599009513855,40
2732.360156774521,40
2732.3603897094727,40
2732.360672712326,124
2734.359301805496,3309
2734.3595316410065,40
2734.3597717285156,40
2734.3600187301636,40
2734.360254764557,40
2734.3605058193207,40
2736.3593327999115,40
2736.359587907791,124
2736.359834909439,3309
2736.360071659088,40
2736.3603179454803,40
2736.360571861267,40
2738.3595209121704,40
2738.3597388267517,40
2738.359978914261,40
2738.3603217601776,124
2738.3605468273163,3309
2738.3607499599457,40
2740.3603217601776,40
2740.3606057167053,40
2740.360814809799,40
2740.361063718796,40
2740.361307859421,40
2740.3616528511047,124
2742.3595838546753,3309
2742.3597939014435,40
2742.36004281044,40
2742.3602669239044,40
2742.3605287075043,40
2742.360783815384,40
2744.3595769405365,40
2744.3598687648773,124
2744.3601129055023,3309
2744.3603188991547,40
2744.360558986664,40
2744.360830783844,40
2746.360634803772,40
2746.3609046936035,40
2746.3611698150635,40
2746.361439704895,124
2746.3616847991943,3309
2746.3619158267975,40
2748.360421895981,40
2748.3606626987457,40
2748.360902786255,40
2748.3611669540405,40
2748.36141371727,40
2748.3617029190063,124
2750.3612797260284,3309
2750.3614888191223,40
2750.3617339134216,40
2750.361980676651,40
2750.3623118400574,40
2750.362518787384,40
2752.3609387874603,40
2752.3612027168274,124
2752.3614749908447,3309
2752.3616938591003,40
2752.36194396019,40
2752.3622097969055,40
2754.3609566688538,40
2754.3611958026886,40
2754.3614387512207,40
2754.361751794815,124
2754.3620958328247,3309
2754.3622376918793,40
2756.361176967621,40
2756.3613986968994,40
2756.361658811569,40
2756.3619136810303,40
2756.3621537685394,40
2756.3624777793884,124
2758.3610396385193,3309
2758.36124587059,40
2758.361473798752,40
2758.361704826355,40
2758.362025976181,40
2758.362224817276,40
2760.362119913101,40
2760.362399816513,124
2760.3626198768616,3309
2760.3628318309784,40
2760.3631067276,40
2760.3633708953857,40
2762.361247777939,40
2762.3614768981934,40
2762.361713886261,40
2762.362016916275,124
2762.3622767925262,3309
2762.362479686737,40
2764.3619017601013,40
2764.362110853195,40
2764.3623657226562,40
2764.36262178421,40
2764.3628628253937,40
2764.363166809082,124
2766.3614706993103,3309
2766.3616976737976,40
2766.3619339466095,40
2766.3621788024902,40
2766.3624217510223,40
2766.362699985504,40
2768.361721754074,40
2768.361993789673,124
2768.362233877182,3309
2768.362434864044,40
2768.3627066612244,40
2768.362953901291,40
2770.3629727363586,40
2770.3632259368896,40
2770.363481760025,40
2770.3638048171997,124
2770.364075899124,3309
2770.3642988204956,40
2772.362536907196,40
2772.362779855728,40
2772.363042831421,40
2772.363294839859,40
2772.3635787963867,40
2772.36386179924,124
2774.362429857254,3309
2774.3626449108124,40
2774.3628787994385,40
2774.363149881363,40
2774.3634328842163,40
2774.3637018203735,40
2776.3623628616333,40
2776.362634897232,124
2776.362868785858,3309
2776.3631048202515,40
2776.363348722458,40
2776.3636498451233,40
2778.3627758026123,40
2778.363003730774,40
2778.3632407188416,40
2778.3635728359222,124
2778.3638339042664,3309
2778.364052772522,40
2780.3632929325104,40
2780.3635609149933,40
2780.363830804825,40
2780.364073753357,40
2780.3643157482147,40
2780.364609003067,124
2782.3628237247467,3309
2782.3629598617554,40
2782.3631830215454,40
2782.3634736537933,40
2782.363721847534,40
2782.3639948368073,40
2784.362898826599,40
2784.3632168769836,124
2784.363422870636,3309
2784.363667011261,40
2784.364015817642,40
2784.3641986846924,40
2786.3640418052673,40
2786.364278793335,40
2786.364534854889,40
2786.3648388385773,124
2786.3650896549225,3309
2786.365353822708,40
2788.3637919425964,40
2788.3640048503876,40
2788.3643057346344,40
2788.36451792717,40
2788.3647668361664,40
2788.3654017448425,124
2790.364044904709,3309
2790.3642058372498,40
2790.3644738197327,40
2790.3647236824036,40
2790.3649547100067,40
2790.3652019500732,40
2792.363971710205,40
2792.364261865616,124
2792.3644778728485,3309
2792.3647236824036,40
2792.3649928569794,40
2792.365225791931,40
2794.3637697696686,40
2794.3640377521515,40
2794.3642308712006,40
2794.364538669586,124
2794.3647787570953,3309
2794.365010738373,40
2796.364320755005,40
2796.3645646572113,40
2796.364793777466,40
2796.3650636672974,40
2796.3653099536896,40
2796.3656208515167,124
2798.364871740341,3309
2798.365088701248,40
2798.365352869034,40
2798.3655898571014,40
2798.3658328056335,40
2798.3661057949066,40
2800.365045785904,40
2800.365343809128,124
2800.3655807971954,3309
2800.365804672241,40
2800.366048812866,40
2800.366333961487,40
2802.3649578094482,40
2802.365131855011,40
2802.365398645401,40
2802.3656947612762,124
2802.3659477233887,3309
2802.366139650345,40
2804.364850997925,40
2804.3650777339935,40
2804.3653168678284,40
2804.3656039237976,40
2804.3658397197723,40
2804.3661189079285,124
2806.3649957180023,3309
2806.3651847839355,40
2806.365420818329,40
2806.365702867508,40
2806.365931749344,40
2806.366176843643,40
2808.3648216724396,40
2808.36510682106,124
2808.365339756012,3309
2808.3655548095703,40
2808.3657948970795,40
2808.3660509586334,40
2810.3659896850586,40
2810.366239786148,40
2810.366499900818,40
2810.3667888641357,124
2810.3670330047607,3309
2810.367270708084,40
2812.365181684494,40
2812.3654329776764,40
2812.3656759262085,40
2812.365891933441,40
2812.3661308288574,40
2812.366473674774,124
2814.3658697605133,3309
2814.3661499023438,40
2814.3663189411163,40
2814.3666067123413,40
2814.3668537139893,40
2814.3671226501465,40
2816.365740776062,40
2816.3660147190094,124
2816.3662428855896,3309
2816.366460800171,40
2816.3667228221893,40
2816.3669669628143,40
2818.366272687912,40
2818.366276741028,40
2818.366508960724,40
2818.3669288158417,124
2818.3671407699585,3309
2818.3672688007355,40
2820.3662798404694,40
2820.366491794586,40
2820.3667306900024,40
2820.3670058250427,40
2820.367250919342,40
2820.3675498962402,124
2822.3663330078125,3309
2822.3665277957916,40
2822.3668308258057,40
2822.36701464653,40
2822.3672728538513,40
2822.3675367832184,40
2824.3663330078125,40
2824.3666858673096,124
2824.3668558597565,3309
2824.367118835449,40
2824.367330789566,40
2824.3675537109375,40
2826.366481781006,40
2826.366721868515,40
2826.3669726848602,40
2826.3672358989716,124
2826.3675198554993,3309
2826.3677308559418,40
2828.3673088550568,40
2828.3676018714905,40
2828.3678107261658,40
2828.3680539131165,40
2828.368297815323,40
2828.3686079978943,124
2830.3677418231964,3309
2830.367994785309,40
2830.368325948715,40
2830.368416786194,40
2830.368686914444,40
2830.368945837021,40
2832.367087841034,40
2832.3673527240753,124
2832.3675858974457,3309
2832.3678188323975,40
2832.368068933487,40
2832.368314743042,40
2834.3675298690796,40
2834.36772274971,40
2834.3679938316345,40
2834.368269920349,124
2834.3685188293457,3309
2834.3687386512756,40
2836.367671728134,40
2836.3678958415985,40
2836.368153810501,40
2836.3683998584747,40
2836.36865568161,40
2836.368946790695,124
2838.3676056861877,3309
2838.3677849769592,40
2838.368023633957,40
2838.3682627677917,40
2838.368536710739,40
2838.3687839508057,40
2840.368587732315,40
2840.3689126968384,124
2840.369102716446,3309
2840.369308948517,40
2840.3695838451385,40
2840.369839668274,40
2842.3680758476257,40
2842.3682928085327,40
2842.368523836136,40
2842.3688328266144,124
2842.3690898418427,3309
2842.369289636612,40
2844.3684697151184,40
2844.368502855301,40
2844.368615627289,40
2844.3688867092133,40
2844.3691449165344,40
2844.369418859482,124
2846.368246793747,3309
2846.3684117794037,40
2846.3686447143555,40
2846.368890762329,40
2846.369163751602,40
2846.3694138526917,40
2848.368965625763,40
2848.3692648410797,124
2848.3695080280304,3309
2848.369721889496,40
2848.369972705841,40
2848.3702688217163,40
2850.3695306777954,40
2850.3697578907013,40
2850.3700156211853,40
2850.370292901993,124
2850.3706138134003,3309
2850.3707778453827,40
2852.370995759964,40
2852.37123298645,40
2852.3714938163757,40
2852.371743917465,40
2852.3720037937164,40
2852.372277736664,124
2854.3707869052887,3309
2854.370988845825,40
2854.3712849617004,40
2854.371481657028,40
2854.3717987537384,40
2854.371976852417,40
2856.371242761612,40
2856.3715269565582,124
2856.3717317581177,3309
2856.3719589710236,40
2856.3722066879272,40
2856.372448682785,40
2858.371481657028,40
2858.371673822403,40
2858.3719387054443,40
2858.3722236156464,124
2858.3724777698517,3309
2858.372695684433,40
2860.3721079826355,40
2860.3723528385162,40
2860.3726058006287,40
2860.3728437423706,40
2860.3732669353485,40
2860.3734147548676,124
2862.3716118335724,3309
2862.3719708919525,40
2862.372211933136,40
2862.3723537921906,40
2862.3725929260254,40
2862.372850894928,40
2864.371943950653,40
2864.37219786644,124
2864.372454881668,3309
2864.372679710388,40
2864.3729226589203,40
2864.3732669353485,40
2866.37206697464,40
2866.372347831726,40
2866.372636795044,40
2866.3728568553925,124
2866.373114824295,3309
2866.373315811157,40
2868.3718876838684,40
2868.3721268177032,40
2868.3723707199097,40
2868.3726029396057,40
2868.3728828430176,40
2868.373149871826,124
2870.3728308677673,3309
2870.372951745987,40
2870.373131752014,40
2870.373659849167,40
2870.373682975769,40
2870.3739337921143,40
2872.372513771057,40
2872.37278676033,124
2872.3730187416077,3309
2872.3732657432556,40
2872.3735127449036,40
2872.3737988471985,40
2874.3727378845215,40
2874.372963666916,40
2874.3732419013977,40
2874.373523712158,124
2874.3738029003143,3309
2874.3740198612213,40
2876.373151779175,40
2876.373403787613,40
2876.3737437725067,40
2876.3739347457886,40
2876.374255657196,40
2876.3745169639587,124
2878.3731117248535,3309
2878.373326778412,40
2878.373601913452,40
2878.3738646507263,40
2878.3741278648376,40
2878.3743648529053,40
2880.3736448287964,40
2880.3739438056946,124
2880.3741779327393,3309
2880.374371767044,40
2880.374627828598,40
2880.3749146461487,40
2882.37348985672,40
2882.3737556934357,40
2882.374035835266,40
2882.374316930771,124
2882.374588727951,3309
2882.3747906684875,40
2884.3731439113617,40
2884.3732697963715,40
2884.3735058307648,40
2884.3737976551056,40
2884.374133825302,40
2884.374326944351,124
2886.373629808426,3309
2886.373839855194,40
2886.3740718364716,40
2886.374348640442,40
2886.3745999336243,40
2886.3748428821564,40
2888.374699831009,40
2888.3749227523804,124
2888.3751537799835,3309
2888.375454902649,40
2888.3756568431854,40
2888.375888824463,40
2890.374623775482,40
2890.3748338222504,40
2890.375087738037,40
2890.375390768051,124
2890.3756568431854,3309
2890.3758828639984,40
2892.3744027614594,40
2892.3745667934418,40
2892.3748548030853,40
2892.375092983246,40
2892.3753278255463,40
2892.37562084198,124
2894.3743188381195,3309
2894.3745279312134,40
2894.374762773514,40
2894.375032901764,40
2894.3753056526184,40
2894.3755297660828,40
2896.3744769096375,40
2896.3747618198395,124
2896.375015735626,3309
2896.375233888626,40
2896.375462770462,40
2896.3757169246674,40
2898.3746898174286,40
2898.374900817871,40
2898.3751447200775,40
2898.3754737377167,124
2898.375702857971,3309
2898.3759248256683,40
2900.37544298172,40
2900.375683784485,40
2900.375919818878,40
2900.3762018680573,40
2900.3766498565674,40
2900.3767557144165,124
2902.375077724457,3309
2902.3752448558807,40
2902.375497817993,40
2902.375773668289,40
2902.37601685524,40
2902.376348733902,40
2904.375410795212,40
2904.375676870346,124
2904.3759558200836,3309
2904.376226902008,40
2904.376400947571,40
2904.3766906261444,40
2906.3756127357483,40
2906.375867843628,40
2906.3761188983917,40
2906.3764066696167,124
2906.376663684845,3309
2906.37690782547,40
2908.375791788101,40
2908.376038789749,40
2908.3762769699097,40
2908.376941919327,40
2908.377162694931,40
2908.3772349357605,124
2910.3766198158264,3309
2910.376800775528,40
2910.377021789551,40
2910.3773317337036,40
2910.3775618076324,40
2910.3778178691864,40
2912.375685930252,40
2912.3759558200836,124
2912.3761887550354,3309
2912.376413822174,40
2912.376669883728,40
2912.376903772354,40
2914.3761947155,40
2914.3764379024506,40
2914.3766927719116,40
2914.3769929409027,124
2914.3772406578064,3309
2914.377448797226,40
2916.3759758472443,40
2916.3762056827545,40
2916.3764476776123,40
2916.376734972,40
2916.376989841461,40
2916.3772599697113,124
2918.3765048980713,3309
2918.3766717910767,40
2918.376921892166,40
2918.3771708011627,40
2918.377422809601,40
2918.377669811249,40
2920.3771057128906,40
2920.377359867096,124
2920.37766289711,3309
2920.377833843231,40
2920.37810087204,40
2920.378360748291,40
2922.376618862152,40
2922.376847743988,40
2922.37709069252,40
2922.3773999214172,124
2922.377648830414,3309
2922.377856731415,40
2924.3769817352295,40
2924.377210855484,40
2924.3774857521057,40
2924.3777508735657,40
2924.3779797554016,40
2924.378259897232,124
2926.3768088817596,3309
2926.3769948482513,40
2926.3772349357605,40
2926.3775029182434,40
2926.377744913101,40
2926.3779797554016,40
2928.3771736621857,40
2928.377441883087,124
2928.3777067661285,3309
2928.377915620804,40
2928.3781566619873,40
2928.37841796875,40
2930.3779928684235,40
2930.378216981888,40
2930.378463745117,40
2930.378777742386,124
2930.3790407180786,3309
2930.3792717456818,40
2932.3776907920837,40
2932.377861738205,40
2932.378130674362,40
2932.378383874893,40
2932.3786277770996,40
2932.3789279460907,124
2934.3777928352356,3309
2934.377982854843,40
2934.3782527446747,40
2934.3784947395325,40
2934.378740787506,40
2934.3789887428284,40
2936.3775656223297,40
2936.3778398036957,124
2936.378079891205,3309
2936.3783388137817,40
2936.3785848617554,40
2936.3788328170776,40
2938.3779759407043,40
2938.3781838417053,40
2938.378446817398,40
2938.3787717819214,124
2938.378987789154,3309
2938.379204750061,40
2940.3806848526,40
2940.3808977603912,40
2940.381146669388,40
2940.3813967704773,40
2940.381684780121,40
2940.3819668293,124
2942.3805878162384,3309
2942.3808188438416,40
2942.3810727596283,40
2942.3813169002533,40
2942.3815529346466,40
2942.3818316459656,40
2944.3805277347565,40
2944.380806684494,124
2944.3810818195343,3309
2944.381292819977,40
2944.3815398216248,40
2944.3818078041077,40
2946.380890607834,40
2946.38112783432,40
2946.3813829421997,40
2946.381685733795,124
2946.381923675537,3309
2946.3821737766266,40
2948.3806848526,40
2948.380919933319,40
2948.381160736084,40
2948.3814237117767,40
2948.381677865982,40
2948.3819608688354,124
2950.3812227249146,3309
2950.3814268112183,40
2950.3816707134247,40
2950.3819189071655,40
2950.382167816162,40
2950.3824257850647,40
2952.3810048103333,40
2952.381276845932,124
2952.381511926651,3309
2952.3818078041077,40
2952.3819987773895,40
2952.382243871689,40
2954.3814449310303,40
2954.381680727005,40
2954.381962776184,40
2954.3822429180145,124
2954.382490634918,3309
2954.382733821869,40
2956.381497859955,40
2956.381719827652,40
2956.381987810135,40
2956.3822379112244,40
2956.3824877738953,40
2956.3827707767487,124
2958.3818798065186,3309
2958.3821477890015,40
2958.3823697566986,40
2958.3826217651367,40
2958.382864713669,40
2958.383147716522,40
2960.38246178627,40
2960.3827588558197,124
2960.3830037117004,3309
2960.383224964142,40
2960.3834788799286,40
2960.383782863617,40
2962.3819267749786,40
2962.382165670395,40
2962.3824338912964,40
2962.38271689415,124
2962.382980823517,3309
2962.3831906318665,40
2964.3823697566986,40
2964.3823997974396,40
2964.3825607299805,40
2964.3828127384186,40
2964.3830738067627,40
2964.3833508491516,124
2966.38205575943,3309
2966.3822808265686,40
2966.3824927806854,40
2966.3827698230743,40
2966.3830258846283,40
2966.3832738399506,40
2968.381911754608,40
2968.382140636444,124
2968.3823807239532,3309
2968.3825907707214,40
2968.382843732834,40
2968.3831236362457,40
2970.3830177783966,40
2970.3833367824554,40
2970.3835656642914,40
2970.3838448524475,124
2970.3841598033905,3309
2970.384349822998,40
2972.38303399086,40
2972.3832716941833,40
2972.3835167884827,40
2972.3838279247284,40
2972.384057998657,40
2972.3843636512756,124
2974.3826467990875,3309
2974.3827688694,40
2974.382999897003,40
2974.383237838745,40
2974.3837008476257,40
2974.383781671524,40
2976.382997751236,40
2976.3832778930664,124
2976.3835027217865,3309
2976.383775949478,40
2976.3840248584747,40
2976.384267807007,40
2978.3835377693176,40
2978.383845806122,40
2978.38409280777,40
2978.3843717575073,124
2978.3846418857574,3309
2978.3848757743835,40
2980.383615732193,40
2980.383913755417,40
2980.38414978981,40
2980.3844146728516,40
2980.384652853012,40
2980.384959936142,124
2982.3834607601166,3309
2982.3836896419525,40
2982.383941888809,40
2982.3842058181763,40
2982.3844447135925,40
2982.3846938610077,40
2984.3833656311035,40
2984.383628845215,124
2984.3839268684387,3309
2984.3841259479523,40
2984.3843998908997,40
2984.3846406936646,40
2986.3842508792877,40
2986.384516954422,40
2986.384753704071,40
2986.3850467205048,124
2986.3852818012238,3309
2986.3856546878815,40
2988.3843178749084,40
2988.384649991989,40
2988.3848378658295,40
2988.3850767612457,40
2988.3853187561035,40
2988.3856449127197,124
2990.3844668865204,3309
2990.384682893753,40
2990.384934902191,40
2990.3851788043976,40
2990.3854188919067,40
2990.3857259750366,40
2992.384025812149,40
2992.384311914444,124
2992.384524822235,3309
2992.384733915329,40
2992.385004758835,40
2992.3852467536926,40
2994.3841598033905,40
2994.3843698501587,40
2994.3845987319946,40
2994.384878873825,124
2994.3851447105408,3309
2994.385359764099,40
2996.3845357894897,40
2996.3847737312317,40
2996.3850066661835,40
2996.385267972946,40
2996.3855237960815,40
2996.3857929706573,124
2998.384728908539,3309
2998.384890794754,40
2998.3851437568665,40
2998.38547372818,40
2998.3856468200684,40
2998.3858847618103,40
3000.385584831238,40
3000.385845899582,124
3000.3861038684845,3309
3000.3863039016724,40
3000.386575937271,40
3000.3868248462677,40
3002.3853619098663,40
3002.385555744171,40
3002.3858308792114,40
3002.386202812195,124
3002.386361837387,3309
3002.3866019248962,40
3004.3858556747437,40
3004.3860976696014,40
3004.3863427639008,40
3004.386600971222,40
3004.3868787288666,40
3004.387184858322,124
3006.3856887817383,3309
3006.3859038352966,40
3006.3861718177795,40
3006.3864228725433,40
3006.386680841446,40
3006.386948823929,40
3008.385810852051,40
3008.386105775833,124
3008.38635802269,3309
3008.3865718841553,40
3008.3868198394775,40
3008.3870797157288,40
3010.3860046863556,40
3010.38618683815,40
3010.386459827423,40
3010.386744737625,124
3010.3869807720184,3309
3010.3871908187866,40
3012.3855698108673,40
3012.385799884796,40
3012.386083841324,40
3012.3862829208374,40
3012.386575937271,40
3012.3868589401245,124
3014.385666847229,3309
3014.385799884796,40
3014.3860619068146,40
3014.386267900467,40
3014.386513710022,40
3014.386782884598,40
3016.387960910797,40
3016.388300895691,124
3016.388458967209,3309
3016.3886618614197,40
3016.3889288902283,40
3016.3891768455505,40
3018.3884568214417,40
3018.388671875,40
3018.388893842697,40
3018.3892438411713,124
3018.3894538879395,3309
3018.3896737098694,40
3020.388918876648,40
3020.389180660248,40
3020.3894698619843,40
3020.3896567821503,40
3020.3898968696594,40
3020.390229701996,124
3022.388546705246,3309
3022.388752937317,40
3022.3889858722687,40
3022.3892216682434,40
3022.3894867897034,40
3022.389732837677,40
3024.388623714447,40
3024.3888857364655,124
3024.3891308307648,3309
3024.3893349170685,40
3024.3896028995514,40
3024.3899188041687,40
3026.389000892639,40
3026.389219760895,40
3026.389471769333,40
3026.3897788524628,124
3026.3900208473206,3309
3026.390236854553,40
3028.389063835144,40
3028.3893387317657,40
3028.389533996582,40
3028.389838695526,40
3028.390058994293,40
3028.3903408050537,124
3030.389744758606,3309
3030.389925956726,40
3030.390161752701,40
3030.3904147148132,40
3030.390653848648,40
3030.3909277915955,40
3032.38955283165,40
3032.3898179531097,124
3032.390054702759,3309
3032.390299797058,40
3032.390541791916,40
3032.3907907009125,40
3034.3898508548737,40
3034.3900816440582,40
3034.3903527259827,40
3034.3906519412994,124
3034.390898704529,3309
3034.3911089897156,40
3036.3899099826813,40
3036.3901636600494,40
3036.390392780304,40
3036.3906557559967,40
3036.390892982483,40
3036.391171693802,124
3038.3903748989105,3309
3038.3905568122864,40
3038.39080286026,40
3038.3910477161407,40
3038.3913009166718,40
3038.391586780548,40
3040.3911406993866,40
3040.391414642334,124
3040.391654729843,3309
3040.3919019699097,40
3040.392157793045,40
3040.3924248218536,40
3042.3905079364777,40
3042.3907248973846,40
3042.3910088539124,40
3042.3912868499756,124
3042.391553878784,3309
3042.391761779785,40
3044.3902928829193,40
3044.390511751175,40
3044.3907749652863,40
3044.3909816741943,40
3044.39124083519,40
3044.391553878784,124
3046.390487909317,3309
3046.39067363739,40
3046.3909137248993,40
3046.3911538124084,40
3046.391425848007,40
3046.391667842865,40
3048.3912019729614,40
3048.3915038108826,124
3048.391764640808,3309
3048.3919508457184,40
3048.392194747925,40
3048.3924689292908,40
3050.3914728164673,40
3050.3917179107666,40
3050.392017841339,40
3050.3922669887543,124
3050.392499923706,3309
3050.3927488327026,40
3052.39333486557,40
3052.3935458660126,40
3052.393842935562,40
3052.394090652466,40
3052.3943588733673,40
3052.3948419094086,124
3054.393665790558,3309
3054.3939068317413,40
3054.394155740738,40
3054.39440369606,40
3054.3946557044983,40
3054.3949358463287,40
3056.393462896347,40
3056.393763780594,124
3056.393961906433,3309
3056.394203901291,40
3056.3944528102875,40
3056.3947007656097,40
3058.394071817398,40
3058.3943858146667,40
3058.3945636749268,40
3058.394851922989,124
3058.3950967788696,3309
3058.3953478336334,40
3060.3946628570557,40
3060.394880771637,40
3060.395123720169,40
3060.3953976631165,40
3060.3956458568573,40
3060.3959448337555,124
3062.394078731537,3309
3062.3942806720734,40
3062.394553899765,40
3062.394791841507,40
3062.3950357437134,40
3062.39528298378,40
3064.3938097953796,40
3064.3940818309784,124
3064.394322872162,3309
3064.3945438861847,40
3064.394809961319,40
3064.395052909851,40
3066.394567966461,40
3066.394791841507,40
3066.3950588703156,40
3066.395350933075,124
3066.3955907821655,3309
3066.395827770233,40
3068.394884824753,40
3068.3951556682587,40
3068.3954079151154,40
3068.395682811737,40
3068.395906686783,40
3068.396265745163,124
3070.395521879196,3309
3070.395775794983,40
3070.395962715149,40
3070.396237850189,40
3070.3964858055115,40
3070.3967447280884,40
3072.394885778427,40
3072.395157814026,124
3072.395414829254,3309
3072.3956418037415,40
3072.3958678245544,40
3072.3961107730865,40
3074.39612364769,40
3074.396358013153,40
3074.3963737487793,40
3074.3966829776764,124
3074.3967156410217,3309
3074.3969337940216,40
3076.3952248096466,40
3076.3954708576202,40
3076.3957278728485,40
3076.3959777355194,40
3076.3962528705597,40
3076.396495819092,124
3078.395528793335,3309
3078.395796775818,40
3078.3959617614746,40
3078.396214723587,40
3078.3964557647705,40
3078.3967187404633,40
3080.39586186409,40
3080.3961927890778,124
3080.396411895752,3309
3080.396719932556,40
3080.3968589305878,40
3080.3971378803253,40
3082.3958609104156,40
3082.396036863327,40
3082.396317958832,40
3082.396591901779,124
3082.3968358039856,3309
3082.3970580101013,40
3084.3961498737335,40
3084.3961877822876,40
3084.3963627815247,40
3084.396607875824,40
3084.3968527317047,40
3084.39714384079,124
3086.3958706855774,3309
3086.396078824997,40
3086.396321773529,40
3086.3965787887573,40
3086.396833896637,40
3086.3970646858215,40
3088.396160840988,40
3088.3964269161224,124
3088.396680831909,3309
3088.396901845932,40
3088.397130727768,40
3088.3973767757416,40
3090.3969118595123,40
3090.397139787674,40
3090.397395849228,40
3090.3976657390594,124
3090.3979518413544,3309
3090.398150920868,40
3092.396922826767,40
3092.397173643112,40
3092.3974146842957,40
3092.397668838501,40
3092.3979527950287,40
3092.398307800293,124
3094.3970317840576,3309
3094.397223711014,40
3094.3974647521973,40
3094.3977127075195,40
3094.3979947566986,40
3094.3982338905334,40
3096.397127866745,40
3096.3974328041077,124
3096.397668838501,3309
3096.397876739502,40
3096.398144721985,40
3096.398400783539,40
3098.397880792618,40
3098.398141860962,40
3098.3983929157257,40
3098.398656845093,124
3098.398997783661,3309
3098.399241924286,40
3100.3985726833344,40
3100.3988378047943,40
3100.3990807533264,40
3100.3993287086487,40
3100.3996028900146,40
3100.399923801422,124
3102.398057937622,3309
3102.3982498645782,40
3102.398483991623,40
3102.398750782013,40
3102.3990108966827,40
3102.399250984192,40
3104.398480653763,40
3104.3987448215485,124
3104.399028778076,3309
3104.3992278575897,40
3104.3994817733765,40
3104.3997197151184,40
3106.3987169265747,40
3106.3989448547363,40
3106.399215698242,40
3106.3995249271393,124
3106.3997387886047,3309
3106.3999598026276,40
3108.399820804596,40
3108.4000198841095,40
3108.4002599716187,40
3108.400506734848,40
3108.4007518291473,40
3108.401060819626,124
3110.400274991989,3309
3110.4004588127136,40
3110.400699853897,40
3110.4009437561035,40
3110.4011838436127,40
3110.4014518260956,40
3112.400008916855,40
3112.4002828598022,124
3112.400494813919,3309
3112.400724887848,40
3112.400970697403,40
3112.4012126922607,40
3114.4002249240875,40
3114.4004447460175,40
3114.400950908661,40
3114.4010128974915,124
3114.4012598991394,3309
3114.40146279335,40
3116.4006588459015,40
3116.4009227752686,40
3116.4011647701263,40
3116.4014108181,40
3116.4016547203064,40
3116.4019858837128,124
3118.4009976387024,3309
3118.401214838028,40
3118.4014637470245,40
3118.4017317295074,40
3118.4019498825073,40
3118.4022307395935,40
3120.4014189243317,40
3120.401688814163,124
3120.401918888092,3309
3120.402149915695,40
3120.402646780014,40
3120.4026548862457,40
3122.4015147686005,40
3122.401777744293,40
3122.402006626129,40
3122.4022789001465,124
3122.4025638103485,3309
3122.4027779102325,40
3124.4016427993774,40
3124.401876926422,40
3124.4021298885345,40
3124.4023706912994,40
3124.4026367664337,40
3124.4030089378357,124
3126.4017658233643,3309
3126.4019236564636,40
3126.402156829834,40
3126.4024019241333,40
3126.4026367664337,40
3126.402907848358,40
3128.4025468826294,40
3128.402821779251,124
3128.4031438827515,3309
3128.403297662735,40
3128.4035449028015,40
3128.4037868976593,40
3130.403173685074,40
3130.4033868312836,40
3130.4036338329315,40
3130.403940677643,124
3130.4042477607727,3309
3130.404449939728,40
3132.4029548168182,40
3132.4032068252563,40
3132.4034378528595,40
3132.4036939144135,40
3132.403993844986,40
3132.404304742813,124
3134.403783798218,3309
3134.4040348529816,40
3134.4042508602142,40
3134.404530763626,40
3134.4047758579254,40
3134.405031681061,40
3136.403692007065,40
3136.403980731964,124
3136.4042439460754,3309
3136.4044897556305,40
3136.40473484993,40
3136.4049768447876,40
3138.4042978286743,40
3138.4045357704163,40
3138.4048228263855,40
3138.4051167964935,124
3138.4053797721863,3309
3138.405592918396,40
3140.4048957824707,40
3140.405152797699,40
3140.4053769111633,40
3140.40585565567,40
3140.4058978557587,40
3140.406188726425,124
3142.404487848282,3309
3142.404676914215,40
3142.4049179553986,40
3142.40518784523,40
3142.4054329395294,40
3142.4057137966156,40
3144.4049117565155,40
3144.405127763748,124
3144.405399799347,3309
3144.4056148529053,40
3144.405863761902,40
3144.40611076355,40
3146.405527830124,40
3146.405795812607,40
3146.406012773514,40
3146.4062929153442,124
3146.406554698944,3309
3146.4068019390106,40
3148.4063189029694,40
3148.40704870224,40
3148.4075429439545,40
3148.407564640045,40
3148.407599925995,40
3148.4076778888702,124
3150.406665802002,3309
3150.407346725464,40
3150.4073519706726,40
3150.407394886017,40
3150.4076628684998,40
3150.407931804657,40
3152.40629196167,40
3152.4065527915955,124
3152.4067928791046,3309
3152.4070298671722,40
3152.407279729843,40
3152.4075179100037,40
3154.4068188667297,40
3154.4070768356323,40
3154.4073259830475,40
3154.407615661621,124
3154.407863855362,3309
3154.408102750778,40
3156.407197713852,40
3156.407440662384,40
3156.4077038764954,40
3156.407927751541,40
3156.40820479393,40
3156.4084968566895,124
3158.4088418483734,3309
3158.4090468883514,40
3158.409304857254,40
3158.4095647335052,40
3158.409811735153,40
3158.4100637435913,40
3160.409223794937,40
3160.4095146656036,124
3160.409752845764,3309
3160.409972667694,40
3160.410216808319,40
3160.4104857444763,40
3162.40930891037,40
3162.409526824951,40
3162.4097867012024,40
3162.4100816249847,124
3162.410318851471,3309
3162.4105236530304,40
3164.4094128608704,40
3164.409683942795,40
3164.409918785095,40
3164.410169839859,40
3164.4104068279266,40
3164.410693883896,124
3166.4097986221313,3309
3166.410050868988,40
3166.4102878570557,40
3166.4105467796326,40
3166.4110000133514,40
3166.4110708236694,40
3168.4098386764526,40
3168.4101717472076,124
3168.410391807556,3309
3168.410606622696,40
3168.4108498096466,40
3168.411098718643,40
3170.4104537963867,40
3170.4106867313385,40
3170.410924911499,40
3170.411244869232,124
3170.4114849567413,3309
3170.4117047786713,40
3172.409871816635,40
3172.4101939201355,40
3172.4103486537933,40
3172.4106528759003,40
3172.410864830017,40
3172.411144733429,124
3174.410215616226,3309
3174.4104418754578,40
3174.41069483757,40
3174.411013841629,40
3174.4111948013306,40
3174.4114849567413,40
3176.4101157188416,40
3176.410433769226,124
3176.410638809204,3309
3176.410880804062,40
3176.4111099243164,40
3176.4113726615906,40
3178.4104018211365,40
3178.4106316566467,40
3178.410864830017,40
3178.411198616028,124
3178.4114298820496,3309
3178.4116339683533,40
3180.411985874176,40
3180.4122519493103,40
3180.412492990494,40
3180.4127407073975,40
3180.41299200058,40
3180.4133157730103,124
3182.411853790283,3309
3182.412032842636,40
3182.4122886657715,40
3182.412542819977,40
3182.412782907486,40
3182.4130318164825,40
3184.4116039276123,40
3184.411866903305,124
3184.412130832672,3309
3184.41229391098,40
3184.412561893463,40
3184.412808895111,40
3186.41223692894,40
3186.4124598503113,40
3186.4127519130707,40
3186.413016796112,124
3186.4132750034332,3309
3186.4134759902954,40
3188.412057876587,40
3188.4122858047485,40
3188.412521839142,40
3188.4128098487854,40
3188.4130499362946,40
3188.4133439064026,124
3190.41325879097,3309
3190.413445711136,40
3190.4136958122253,40
3190.413975954056,40
3190.4142467975616,40
3190.4144897460938,40
3192.412435770035,40
3192.4126896858215,124
3192.4129009246826,3309
3192.4131376743317,40
3192.4133818149567,40
3192.4136259555817,40
3194.4134838581085,40
3194.4136986732483,40
3194.41397690773,40
3194.4143056869507,124
3194.414548635483,3309
3194.4147579669952,40
3196.413065671921,40
3196.4132907390594,40
3196.4135568141937,40
3196.413783788681,40
3196.4140627384186,40
3196.414359807968,124
3198.4145588874817,3309
3198.4148128032684,40
3198.415032863617,40
3198.4152858257294,40
3198.41557598114,40
3198.415808916092,40
3200.4142169952393,40
3200.414481639862,124
3200.4146897792816,3309
3200.414921760559,40
3200.4151668548584,40
3200.4154357910156,40
3202.4146428108215,40
3202.4148647785187,40
3202.415118932724,40
3202.415407896042,124
3202.415662765503,3309
3202.4158816337585,40
3204.4150578975677,40
3204.415095806122,40
3204.4152507781982,40
3204.415497779846,40
3204.4157428741455,40
3204.416038751602,124
3206.415005683899,3309
3206.415207862854,40
3206.415497779846,40
3206.415692806244,40
3206.4159348011017,40
3206.4162108898163,40
3208.4154348373413,40
3208.4157538414,124
3208.4160027503967,3309
3208.4161627292633,40
3208.4164278507233,40
3208.416695833206,40
3210.416464805603,40
3210.4167218208313,40
3210.4169628620148,40
3210.4172468185425,124
3210.4175038337708,3309
3210.4179396629333,40
3212.4162509441376,40
3212.416482925415,40
3212.4167499542236,40
3212.4169948101044,40
3212.4172427654266,40
3212.417523622513,124
3214.4171829223633,3309
3214.417465686798,40
3214.417632818222,40
3214.4179079532623,40
3214.41819190979,40
3214.418420791626,40
3216.4170088768005,40
3216.417295694351,124
3216.4175338745117,3309
3216.4177486896515,40
3216.4180228710175,40
3216.418278694153,40
3218.417142868042,40
3218.417402744293,40
3218.417704820633,40
3218.4179258346558,124
3218.418164730072,3309
3218.4184079170227,40
3220.4177758693695,40
3220.417969942093,40
3220.4182147979736,40
3220.418494939804,40
3220.418740749359,40
3220.4190199375153,124
3222.4234597682953,3309
3222.4237248897552,40
3222.4240458011627,40
3222.424370765686,40
3222.4248008728027,40
3222.4250099658966,40
3224.4181678295135,40
3224.4184498786926,124
3224.4187109470367,3309
3224.4189257621765,40
3224.419178724289,40
3224.419434785843,40
3226.4185087680817,40
3226.418740749359,40
3226.419015645981,40
3226.419320821762,124
3226.41960978508,3309
3226.4197828769684,40
3228.4186198711395,40
3228.418847799301,40
3228.419201850891,40
3228.419397830963,40
3228.41960477829,40
3228.419907808304,124
3230.4199528694153,3309
3230.4201657772064,40
3230.42041182518,40
3230.4206976890564,40
3230.420929670334,40
3230.42121386528,40
3232.41960477829,40
3232.419852733612,124
3232.4200978279114,3309
3232.4203259944916,40
3232.4205796718597,40
3232.4208347797394,40
3234.4212548732758,40
3234.421499967575,40
3234.421767950058,40
3234.4220657348633,124
3234.422311782837,3309
3234.422572851181,40
3236.420688867569,40
3236.4209258556366,40
3236.421164751053,40
3236.4214158058167,40
3236.4217178821564,40
3236.421980857849,124
3238.4209966659546,3309
3238.4211587905884,40
3238.4214656352997,40
3238.4216198921204,40
3238.421882867813,40
3238.422133922577,40
3240.4267189502716,40
3240.42707490921,124
3240.427401781082,3309
3240.427627801895,40
3240.4279248714447,40
3240.428279876709,40
3242.4219818115234,40
3242.422227859497,40
3242.4224858283997,40
3242.4227707386017,124
3242.423013687134,3309
3242.423256635666,40
3244.421959877014,40
3244.421987771988,40
3244.4221107959747,40
3244.4223778247833,40
3244.4226298332214,40
3244.4229278564453,124
3246.422069787979,3309
3246.4222519397736,40
3246.4225137233734,40
3246.4227707386017,40
3246.423048734665,40
3246.423271894455,40
3248.4222939014435,40
3248.4225108623505,124
3248.422764778137,3309
3248.42298579216,40
3248.4232697486877,40
3248.4234759807587,40
3250.4227528572083,40
3250.4230127334595,40
3250.423266887665,40
3250.423558950424,124
3250.423815727234,3309
3250.4240777492523,40
3252.4227089881897,40
3252.422836780548,40
3252.4231038093567,40
3252.4233458042145,40
3252.42365193367,40
3252.423885822296,124
3254.4230349063873,3309
3254.4232387542725,40
3254.4234697818756,40
3254.423719882965,40
3254.4239609241486,40
3254.4242689609528,40
3256.4233858585358,40
3256.423654794693,124
3256.423897743225,3309
3256.4241557121277,40
3256.4244368076324,40
3256.424674987793,40
3258.4236438274384,40
3258.4238717556,40
3258.4241518974304,40
3258.4244656562805,124
3258.42471575737,3309
3258.424924850464,40
3260.4250037670135,40
3260.4252378940582,40
3260.4254829883575,40
3260.4257616996765,40
3260.426020860672,40
3260.426332950592,124
3262.4246728420258,3309
3262.424911737442,40
3262.425129890442,40
3262.425377845764,40
3262.425614833832,40
3262.425920724869,40
3264.424929857254,40
3264.4252047538757,124
3264.4254429340363,3309
3264.425658941269,40
3264.425926923752,40
3264.426186800003,40
3266.4248838424683,40
3266.4251449108124,40
3266.425388813019,40
3266.4256749153137,124
3266.42591881752,3309
3266.426151752472,40
3268.425692796707,40
3268.4259848594666,40
3268.426174879074,40
3268.4264528751373,40
3268.426764726639,40
3268.427009820938,124
3270.4259808063507,3309
3270.426182985306,40
3270.4264438152313,40
3270.4266929626465,40
3270.426936864853,40
3270.427192926407,40
3272.4259009361267,40
3272.4261558055878,124
3272.42639875412,3309
3272.4266419410706,40
3272.4268896579742,40
3272.427131652832,40
3274.4389379024506,40
3274.4392607212067,40
3274.439530849457,40
3274.439904689789,124
3274.4401948451996,3309
3274.440477848053,40
3276.4333786964417,40
3276.4336388111115,40
3276.4338698387146,40
3276.434148788452,40
3276.434399843216,40
3276.43479681015,124
3278.4334647655487,3309
3278.433657884598,40
3278.433938741684,40
3278.434215784073,40
3278.434453725815,40
3278.4347207546234,40
3280.434294939041,40
3280.4345557689667,124
3280.434805870056,3309
3280.435017824173,40
3280.4352838993073,40
3280.4355268478394,40
3282.4337968826294,40
3282.4340529441833,40
3282.4343066215515,40
3282.4346208572388,124
3282.434868812561,3309
3282.435101747513,40
3284.433903694153,40
3284.4341566562653,40
3284.4344017505646,40
3284.4347248077393,40
3284.4349138736725,40
3284.435213804245,124
3286.434182882309,3309
3286.4344007968903,40
3286.434685945511,40
3286.434905767441,40
3286.4351527690887,40
3286.435396671295,40
3288.4344458580017,40
3288.434693813324,124
3288.434966802597,3309
3288.4351868629456,40
3288.435435771942,40
3288.4356949329376,40
3290.434933900833,40
3290.435210943222,40
3290.4354627132416,40
3290.4357328414917,124
3290.4359707832336,3309
3290.436219930649,40
3292.434505701065,40
3292.4347157478333,40
3292.434942007065,40
3292.4352066516876,40
3292.4354498386383,40
3292.4357488155365,124
3294.434962749481,3309
3294.4351749420166,40
3294.435430765152,40
3294.4356758594513,40
3294.435926914215,40
3294.436176776886,40
3296.434893846512,40
3296.43514585495,124
3296.435405731201,3309
3296.4356377124786,40
3296.435866832733,40
3296.4361169338226,40
3298.435148715973,40
3298.435401916504,40
3298.4356248378754,40
3298.435938835144,124
3298.4361798763275,3309
3298.436397790909,40
3300.4358999729156,40
3300.4361329078674,40
3300.436372756958,40
3300.4366269111633,40
3300.4368958473206,40
3300.4372198581696,124
3302.43599486351,3309
3302.4361848831177,40
3302.436456680298,40
3302.4367089271545,40
3302.4369218349457,40
3302.4372017383575,40
3304.4359498023987,40
3304.4362547397614,124
3304.436504840851,3309
3304.436693906784,40
3304.436936855316,40
3304.4372079372406,40
3306.435463666916,40
3306.435698747635,40
3306.435920715332,40
3306.436236858368,124
3306.436488866806,3309
3306.4366886615753,40
3308.436053752899,40
3308.436269760132,40
3308.4365377426147,40
3308.436789751053,40
3308.437055826187,40
3308.437347650528,124
3310.4367349147797,3309
3310.436888694763,40
3310.437123775482,40
3310.437369823456,40
3310.4376187324524,40
3310.4378986358643,40
3312.436219930649,40
3312.436487674713,124
3312.4367237091064,3309
3312.436986923218,40
3312.4372227191925,40
3312.4375698566437,40
3314.436781644821,40
3314.436949968338,40
3314.4372317790985,40
3314.437514781952,124
3314.437768936157,3309
3314.4380197525024,40
3316.437262773514,40
3316.4375019073486,40
3316.437758922577,40
3316.4380078315735,40
3316.438277721405,40
3316.4385828971863,124
3318.4364347457886,3309
3318.4366369247437,40
3318.4368708133698,40
3318.437118768692,40
3318.4373807907104,40
3318.4376277923584,40
3320.4374330043793,40
3320.4377658367157,124
3320.438001871109,3309
3320.4381647109985,40
3320.438419818878,40
3320.4386947155,40
3322.437186717987,40
3322.437418937683,40
3322.437680721283,40
3322.4379749298096,124
3322.4382169246674,3309
3322.438435792923,40
3324.437392950058,40
3324.437447786331,40
3324.437522649765,40
3324.437752723694,40
3324.438022851944,40
3324.438323736191,124
3326.4376707077026,3309
3326.437872648239,40
3326.438140630722,40
3326.438398838043,40
3326.4386417865753,40
3326.4388887882233,40
3328.437523841858,40
3328.437780857086,124
3328.4380357265472,3309
3328.4382617473602,40
3328.4385056495667,40
3328.4387538433075,40
3330.438304901123,40
3330.438534975052,40
3330.4388167858124,40
3330.439087867737,124
3330.439347743988,3309
3330.4395668506622,40
3332.4374718666077,40
3332.4377117156982,40
3332.4380259513855,40
3332.438192844391,40
3332.4385306835175,40
3332.4387509822845,124
3334.438176870346,3309
3334.438384771347,40
3334.4386627674103,40
3334.438895702362,40
3334.4391407966614,40
3334.4393906593323,40
3336.438133955002,40
3336.4383947849274,124
3336.438645839691,3309
3336.438882827759,40
3336.439125776291,40
3336.439382791519,40
3338.4385619163513,40
3338.438797712326,40
3338.4390637874603,40
3338.439344882965,124
3338.4395978450775,3309
3338.4398217201233,40
3340.4389848709106,40
3340.4391367435455,40
3340.4393768310547,40
3340.439626932144,40
3340.4398736953735,40
3340.4402029514313,124
3342.438784837723,3309
3342.438971757889,40
3342.439202785492,40
3342.439473628998,40
3342.4397218227386,40
3342.439972639084,40
3344.4394607543945,40
3344.4397609233856,124
3344.4399976730347,3309
3344.4401726722717,40
3344.4404447078705,40
3344.4406938552856,40
3346.439990758896,40
3346.440200805664,40
3346.4404587745667,40
3346.4407987594604,124
3346.4410407543182,3309
3346.4412348270416,40
3348.440235853195,40
3348.4404296875,40
3348.4406678676605,40
3348.4409487247467,40
3348.4411787986755,40
3348.44149184227,124
3350.440690755844,3309
3350.440768957138,40
3350.441025018692,40
3350.441289663315,40
3350.4415249824524,40
3350.44176697731,40
3352.4405438899994,40
3352.440813779831,124
3352.4410588741302,3309
3352.441287755966,40
3352.441534757614,40
3352.4418358802795,40
3354.440675020218,40
3354.440897703171,40
3354.4411368370056,40
3354.4414949417114,124
3354.4417009353638,3309
3354.44189786911,40
3356.44065785408,40
3356.440899848938,40
3356.4411318302155,40
3356.4413957595825,40
3356.441662788391,40
3356.4419419765472,124
3358.44109582901,3309
3358.441270828247,40
3358.4414978027344,40
3358.441794872284,40
3358.44202375412,40
3358.4422726631165,40
3360.441690683365,40
3360.44202375412,124
3360.442238807678,3309
3360.442448616028,40
3360.442714691162,40
3360.4430277347565,40
3362.44131565094,40
3362.441554784775,40
3362.4417967796326,40
3362.442118883133,124
3362.4423768520355,3309
3362.442583799362,40
3364.441333770752,40
3364.4415566921234,40
3364.441794872284,40
3364.4420528411865,40
3364.442300796509,40
3364.442587852478,124
3366.441624879837,3309
3366.4419329166412,40
3366.4420437812805,40
3366.442317008972,40
3366.442561864853,40
3366.4429607391357,40
3368.44188785553,40
3368.4421677589417,124
3368.4424147605896,3309
3368.4426329135895,40
3368.4428877830505,40
3368.443128824234,40
3370.4424238204956,40
3370.4426877498627,40
3370.442928791046,40
3370.443217754364,124
3370.443464756012,3309
3370.4437170028687,40
3372.4421157836914,40
3372.4424216747284,40
3372.4425897598267,40
3372.4428617954254,40
3372.443144798279,40
3372.443675994873,124
3374.4426498413086,3309
3374.4428248405457,40
3374.4431216716766,40
3374.443393945694,40
3374.4435987472534,40
3374.4438598155975,40
3376.4426958560944,40
3376.442962884903,124
3376.4432249069214,3309
3376.4434349536896,40
3376.4436779022217,40
3376.4439508914948,40
3378.4433867931366,40
3378.443594932556,40
3378.443881750107,40
3378.4441397190094,124
3378.4444348812103,3309
3378.444650888443,40
3380.444403886795,40
3380.444648742676,40
3380.4449667930603,40
3380.4452028274536,40
3380.445452928543,40
3380.4457178115845,124
3382.443536758423,3309
3382.4437227249146,40
3382.4439656734467,40
3382.444222688675,40
3382.4444699287415,40
3382.444781780243,40
3384.4443867206573,40
3384.4446296691895,124
3384.4449198246,3309
3384.4451217651367,40
3384.4454066753387,40
3384.4456419944763,40
3386.444808959961,40
3386.4450578689575,40
3386.4452958106995,40
3386.4456198215485,124
3386.445905685425,3309
3386.446089744568,40
3388.445215702057,40
3388.445472717285,40
3388.445683002472,40
3388.4459249973297,40
3388.4461958408356,40
3388.4465107917786,124
3390.445587873459,3309
3390.445786714554,40
3390.4460287094116,40
3390.4463398456573,40
3390.4465827941895,40
3390.4468388557434,40
3392.4454307556152,40
3392.445634841919,124
3392.4458796977997,3309
3392.446103811264,40
3392.4463748931885,40
3392.446623802185,40
3394.446355819702,40
3394.446601867676,40
3394.446853876114,40
3394.447220802307,124
3394.44744682312,3309
3394.4476647377014,40
3396.4462146759033,40
3396.446457862854,40
3396.4467058181763,40
3396.446984767914,40
3396.447211742401,40
3396.447483778,124
3398.4473929405212,3309
3398.447602748871,40
3398.4477939605713,40
3398.448054790497,40
3398.4482967853546,40
3398.4485437870026,40
3400.447767972946,40
3400.4480657577515,124
3400.4483048915863,3309
3400.448502779007,40
3400.448767900467,40
3400.449022769928,40
3402.4473156929016,40
3402.447497844696,40
3402.447731733322,40
3402.448035955429,124
3402.4482567310333,3309
3402.4484736919403,40
3404.44820189476,40
3404.448452949524,40
3404.448698759079,40
3404.4489798545837,40
3404.4491877555847,40
3404.4495117664337,124
3406.448173761368,3309
3406.4484028816223,40
3406.4486367702484,40
3406.4488837718964,40
3406.449143886566,40
3406.449432849884,40
3408.447905778885,40
3408.4481558799744,124
3408.448409795761,3309
3408.4486927986145,40
3408.448920726776,40
3408.4491226673126,40
3410.449542760849,40
3410.449833869934,40
3410.450065612793,40
3410.4503467082977,124
3410.45063495636,3309
3410.450891971588,40
3412.4485857486725,40
3412.4488067626953,40
3412.449073791504,40
3412.4493248462677,40
3412.449560880661,40
3412.4498538970947,124
3414.448712825775,3309
3414.4489316940308,40
3414.4491217136383,40
3414.4493758678436,40
3414.4496178627014,40
3414.44992685318,40
3416.4492678642273,40
3416.449542760849,124
3416.449722766876,3309
3416.449922800064,40
3416.450185775757,40
3416.450470685959,40
3418.4494457244873,40
3418.449679851532,40
3418.4499237537384,40
3418.4502098560333,124
3418.4504737854004,3309
3418.45068693161,40
3420.451239824295,40
3420.451473712921,40
3420.4517588615417,40
3420.4519968032837,40
3420.452248811722,40
3420.4525368213654,124
3422.4505829811096,3309
3422.450855731964,40
3422.4510757923126,40
3422.4513437747955,40
3422.4515500068665,40
3422.4518179893494,40
3424.45024061203,40
3424.4505138397217,124
3424.45073390007,3309
3424.4509608745575,40
3424.4513788223267,40
3424.4515147209167,40
3426.4509468078613,40
3426.4512226581573,40
3426.451474905014,40
3426.451813697815,124
3426.451994895935,3309
3426.452237844467,40
3428.4509258270264,40
3428.451137781143,40
3428.451401948929,40
3428.451647758484,40
3428.4519057273865,40
3428.4522018432617,124
3430.4521408081055,3309
3430.4523508548737,40
3430.4525957107544,40
3430.4528579711914,40
3430.453097820282,40
3430.453353881836,40
3432.451794862747,40
3432.4519939422607,124
3432.4522297382355,3309
3432.452475786209,40
3432.4527287483215,40
3432.452962875366,40
3434.4521498680115,40
3434.452367782593,40
3434.452615737915,40
3434.4529218673706,124
3434.45316696167,3309
3434.4534487724304,40
3436.4522178173065,40
3436.4523978233337,40
3436.452637910843,40
3436.4528987407684,40
3436.453157901764,40
3436.453451871872,124
3438.4529178142548,3309
3438.453132867813,40
3438.4533717632294,40
3438.453626871109,40
3438.453898668289,40
3438.4541499614716,40
3440.453894853592,40
3440.4542169570923,124
3440.454464673996,3309
3440.4547169208527,40
3440.455006837845,40
3440.455174922943,40
3442.4538378715515,40
3442.454121828079,40
3442.454388856888,40
3442.4547357559204,124
3442.4549589157104,3309
3442.455164670944,40
3444.453894853592,40
3444.453950881958,40
3444.4540548324585,40
3444.454328775406,40
3444.454601764679,40
3444.454908847809,124
3446.4541668891907,3309
3446.454340696335,40
3446.454619884491,40
3446.4548556804657,40
3446.455181837082,40
3446.455310821533,40
3448.454486846924,40
3448.4547548294067,124
3448.4550306797028,3309
3448.4552397727966,40
3448.4555099010468,40
3448.455732822418,40
3450.45534491539,40
3450.455575942993,40
3450.455837726593,40
3450.4561429023743,124
3450.456392765045,3309
3450.4566168785095,40
3452.454918861389,40
3452.4551527500153,40
3452.455479860306,40
3452.4556617736816,40
3452.455880880356,40
3452.4561896324158,124
3454.4562397003174,3309
3454.456468820572,40
3454.4567108154297,40
3454.4569807052612,40
3454.4572117328644,40
3454.457482814789,40
3456.4555509090424,40
3456.455853700638,124
3456.4560329914093,3309
3456.4562697410583,40
3456.456478834152,40
3456.456813812256,40
3458.455995798111,40
3458.4562118053436,40
3458.4564547538757,40
3458.4567737579346,124
3458.4570157527924,3309
3458.457240819931,40
3460.4572138786316,40
3460.4574468135834,40
3460.4577848911285,40
3460.457956790924,40
3460.4582278728485,40
3460.4585587978363,124
3462.4565646648407,3309
3462.4567749500275,40
3462.4570157527924,40
3462.4572637081146,40
3462.457510948181,40
3462.4577486515045,40
3464.456852912903,40
3464.4571146965027,124
3464.457389831543,3309
3464.4576547145844,40
3464.4578268527985,40
3464.458067893982,40
3466.457543849945,40
3466.4577548503876,40
3466.458003759384,40
3466.4583156108856,124
3466.458550930023,3309
3466.458731651306,40
3468.4580187797546,40
3468.4582397937775,40
3468.4585089683533,40
3468.4587478637695,40
3468.4589898586273,40
3468.4593188762665,124
3470.459275007248,3309
3470.459455728531,40
3470.459823846817,40
3470.459989786148,40
3470.46022772789,40
3470.460484981537,40
3472.4586067199707,40
3472.4589009284973,124
3472.459141969681,3309
3472.4593567848206,40
3472.4596009254456,40
3472.4599058628082,40
3474.4776768684387,40
3474.478162765503,40
3474.4785647392273,40
3474.4789669513702,124
3474.4794268608093,3309
3474.4798378944397,40
3476.460679769516,40
3476.460896730423,40
3476.4611546993256,40
3476.4614107608795,40
3476.4616589546204,40
3476.4619698524475,124
3478.460837841034,3309
3478.461051940918,40
3478.4612698554993,40
3478.4614968299866,40
3478.461744785309,40
3478.461996793747,40
3480.462285757065,40
3480.4625957012177,124
3480.4628236293793,3309
3480.463036775589,40
3480.4632918834686,40
3480.4635808467865,40
3482.462266921997,40
3482.4625368118286,40
3482.4627957344055,40
3482.463045835495,124
3482.4632868766785,3309
3482.4635117053986,40
3484.4624338150024,40
3484.462640762329,40
3484.462912797928,40
3484.4631519317627,40
3484.4633967876434,40
3484.4636759757996,124
3486.4628138542175,3309
3486.4629778862,40
3486.4632749557495,40
3486.463496685028,40
3486.463726758957,40
3486.464003801346,40
3488.4621348381042,40
3488.4624269008636,124
3488.462644815445,3309
3488.4628698825836,40
3488.4631056785583,40
3488.4633598327637,40
3490.4631958007812,40
3490.463471889496,40
3490.4636998176575,40
3490.4640188217163,124
3490.4642419815063,3309
3490.4645137786865,40
3492.46288394928,40
3492.4631128311157,40
3492.4633548259735,40
3492.4636437892914,40
3492.4638788700104,40
3492.464165687561,124
3494.462947845459,3309
3494.4631447792053,40
3494.4633486270905,40
3494.4636137485504,40
3494.463882923126,40
3494.4641156196594,40
3496.4631476402283,40
3496.4634127616882,124
3496.463658809662,3309
3496.46391582489,40
3496.464153766632,40
3496.4644289016724,40
3498.4637439250946,40
3498.463891983032,40
3498.4641587734222,40
3498.464515686035,124
3498.4647467136383,3309
3498.464980840683,40
3500.4643938541412,40
3500.4646248817444,40
3500.4648609161377,40
3500.465129852295,40
3500.465376853943,40
3500.4657027721405,124
3502.4636838436127,3309
3502.4638817310333,40
3502.4641268253326,40
3502.4644248485565,40
3502.464682817459,40
3502.4649317264557,40
3504.463995695114,40
3504.464257955551,124
3504.464579820633,3309
3504.4648118019104,40
3504.465049982071,40
3504.4653058052063,40
3506.46408867836,40
3506.464341878891,40
3506.4646236896515,40
3506.464923620224,124
3506.4651849269867,3309
3506.465377807617,40
3508.464523792267,40
3508.4647858142853,40
3508.4650259017944,40
3508.465273618698,40
3508.4655249118805,40
3508.4658727645874,124
3510.46600484848,3309
3510.466025829315,40
3510.466215610504,40
3510.466477870941,40
3510.4667048454285,40
3510.466987848282,40
3512.4655418395996,40
3512.4658019542694,124
3512.466053724289,3309
3512.4662988185883,40
3512.4665467739105,40
3512.4667887687683,40
3514.4669687747955,40
3514.4671976566315,40
3514.4674468040466,40
3514.467738866806,124
3514.467981815338,3309
3514.468186855316,40
3516.466733932495,40
3516.466965675354,40
3516.467264652252,40
3516.467480659485,40
3516.4677298069,40
3516.468020915985,124
3518.4669167995453,3309
3518.467116832733,40
3518.467388868332,40
3518.467629671097,40
3518.4678716659546,40
3518.468118906021,40
3520.467458963394,40
3520.4677538871765,124
3520.4680099487305,3309
3520.46821475029,40
3520.468461751938,40
3520.4687328338623,40
3522.4671778678894,40
3522.4673976898193,40
3522.467639684677,40
3522.467971801758,124
3522.468195915222,3309
3522.468411922455,40
3524.46742272377,40
3524.467664718628,40
3524.4678966999054,40
3524.46817278862,40
3524.468414783478,40
3524.4687077999115,124
3526.4670169353485,3309
3526.4672429561615,40
3526.4675447940826,40
3526.467759847641,40
3526.4679667949677,40
3526.468330860138,40
3528.4677968025208,40
3528.46808886528,124
3528.4683158397675,3309
3528.468561887741,40
3528.468806743622,40
3528.4690816402435,40
3530.468577861786,40
3530.4688079357147,40
3530.4690589904785,40
3530.469340801239,124
3530.4696156978607,3309
3530.4698448181152,40
3532.467955827713,40
3532.468180656433,40
3532.4684207439423,40
3532.4686727523804,40
3532.4689259529114,40
3532.4692089557648,124
3534.468300819397,3309
3534.4685027599335,40
3534.4687287807465,40
3534.46901679039,40
3534.469260931015,40
3534.4695127010345,40
3536.4690449237823,40
3536.4693188667297,124
3536.4695677757263,3309
3536.469775915146,40
3536.470047712326,40
3536.47030878067,40
3538.469881772995,40
3538.4701137542725,40
3538.470388650894,40
3538.47069978714,124
3538.4709396362305,3309
3538.471199989319,40
3540.470483779907,40
3540.470656633377,40
3540.4708998203278,40
3540.47114777565,40
3540.471423625946,40
3540.471711874008,124
3542.4696156978607,3309
3542.469834804535,40
3542.4700767993927,40
3542.4703238010406,40
3542.4705708026886,40
3542.4708437919617,40
3544.4729478359222,40
3544.473224878311,124
3544.473453760147,3309
3544.4736816883087,40
3544.4739277362823,40
3544.474174976349,40
3546.4731438159943,40
3546.4733369350433,40
3546.4735798835754,40
3546.4738788604736,124
3546.4741339683533,3309
3546.474375963211,40
3548.4733939170837,40
3548.473636865616,40
3548.473856687546,40
3548.474131822586,40
3548.4744029045105,40
3548.474697828293,124
3550.4745779037476,3309
3550.474805831909,40
3550.475026845932,40
3550.4753029346466,40
3550.475554704666,40
3550.4758307933807,40
3552.473789691925,40
3552.4740138053894,124
3552.4742476940155,3309
3552.47451376915,40
3552.4747626781464,40
3552.4750089645386,40
3554.4738647937775,40
3554.47408080101,40
3554.474313735962,40
3554.474680662155,124
3554.4749398231506,3309
3554.475117921829,40
3556.4739956855774,40
3556.4742448329926,40
3556.474501848221,40
3556.4747829437256,40
3556.4750339984894,40
3556.475346803665,124
3558.4744906425476,3309
3558.4747087955475,40
3558.4749777317047,40
3558.4752328395844,40
3558.475478887558,40
3558.475725889206,40
3560.475227832794,40
3560.475478887558,124
3560.4757537841797,3309
3560.475963830948,40
3560.476208925247,40
3560.4764988422394,40
3562.474400997162,40
3562.474608898163,40
3562.4748318195343,40
3562.4751188755035,124
3562.475511789322,3309
3562.4756078720093,40
3564.4752378463745,40
3564.475281715393,40
3564.4753527641296,40
3564.475618839264,40
3564.4758429527283,40
3564.4761419296265,124
3566.4746527671814,3309
3566.474886894226,40
3566.4751019477844,40
3566.4753589630127,40
3566.4756367206573,40
3566.4758698940277,40
3568.4750769138336,40
3568.475350856781,124
3568.475593805313,3309
3568.4758338928223,40
3568.4761278629303,40
3568.4763157367706,40
3570.475818872452,40
3570.476048707962,40
3570.4763009548187,40
3570.476581811905,124
3570.476880788803,3309
3570.477084875107,40
3572.475120782852,40
3572.475350856781,40
3572.475609779358,40
3572.4758236408234,40
3572.4760887622833,40
3572.476441860199,124
3574.4749958515167,3309
3574.4752089977264,40
3574.4754378795624,40
3574.4756758213043,40
3574.4759147167206,40
3574.4761848449707,40
3576.475423812866,40
3576.475656747818,124
3576.475896835327,3309
3576.4761457443237,40
3576.476437807083,40
3576.476632833481,40
3578.4768736362457,40
3578.4768817424774,40
3578.4768857955933,40
3578.477378845215,124
3578.4773828983307,3309
3578.477386713028,40
3580.476905822754,40
3580.4771218299866,40
3580.477360725403,40
3580.4776508808136,40
3580.477868795395,40
3580.478162765503,124
3582.476658821106,3309
3582.4768509864807,40
3582.4770917892456,40
3582.477353811264,40
3582.477583885193,40
3582.4779279232025,40
3584.4770658016205,40
3584.4773499965668,124
3584.4775669574738,3309
3584.477773666382,40
3584.4780848026276,40
3584.4783067703247,40
3586.4773716926575,40
3586.477600812912,40
3586.47784280777,40
3586.478143930435,124
3586.4784247875214,3309
3586.478614807129,40
3588.4775977134705,40
3588.47781085968,40
3588.478047847748,40
3588.478314638138,40
3588.4785816669464,40
3588.4788558483124,124
3590.4782519340515,3309
3590.478512763977,40
3590.4787249565125,40
3590.4789838790894,40
3590.479216814041,40
3590.479489803314,40
3592.478124856949,40
3592.4783957004547,124
3592.4786636829376,3309
3592.4788777828217,40
3592.4791297912598,40
3592.479377746582,40
3594.4794557094574,40
3594.479697704315,40
3594.480188846588,40
3594.4801938533783,124
3594.4802057743073,3309
3594.4802317619324,40
3596.4792397022247,40
3596.479480743408,40
3596.479705810547,40
3596.480017900467,40
3596.4802248477936,40
3596.480499982834,124
3598.4792428016663,3309
3598.47945189476,40
3598.4796829223633,40
3598.4799218177795,40
3598.4801778793335,40
3598.4804377555847,40
3600.47997879982,40
3600.480297803879,124
3600.480503797531,3309
3600.480712890625,40
3600.4809608459473,40
3600.4812388420105,40
3602.479607820511,40
3602.4798238277435,40
3602.480071783066,40
3602.4803597927094,124
3602.4806349277496,3309
3602.480866909027,40
3604.4799377918243,40
3604.4801499843597,40
3604.4803907871246,40
3604.4806656837463,40
3604.480908870697,40
3604.4812009334564,124
3606.480486869812,3309
3606.4806628227234,40
3606.480923652649,40
3606.4811718463898,40
3606.481453895569,40
3606.4816348552704,40
3608.4806208610535,40
3608.480913877487,124
3608.4811477661133,3309
3608.481363773346,40
3608.481594800949,40
3608.4818217754364,40
3610.4821207523346,40
3610.482370853424,40
3610.482702732086,40
3610.48294878006,124
3610.483212709427,3309
3610.483439683914,40
3612.4813957214355,40
3612.48162484169,40
3612.481875896454,40
3612.4821338653564,40
3612.4823849201202,40
3612.4827477931976,124
3614.4822618961334,3309
3614.482494831085,40
3614.48273396492,40
3614.4829807281494,40
3614.483293771744,40
3614.4835357666016,40
3616.4818058013916,40
3616.4820816516876,124
3616.482305765152,3309
3616.482574939728,40
3616.482826948166,40
3616.483069896698,40
3618.482429742813,40
3618.482676744461,40
3618.4829647541046,40
3618.483221769333,124
3618.483481645584,3309
3618.4837539196014,40
3620.48295879364,40
3620.4831867218018,40
3620.4834249019623,40
3620.4837226867676,40
3620.483960866928,40
3620.4842438697815,124
3622.4829046726227,3309
3622.483083963394,40
3622.4833137989044,40
3622.483585834503,40
3622.483799934387,40
3622.4840757846832,40
3624.483636856079,40
3624.4838948249817,124
3624.484129667282,3309
3624.4843697547913,40
3624.4846637248993,40
3624.484914779663,40
3626.484053850174,40
3626.4843208789825,40
3626.484615802765,40
3626.484909772873,124
3626.4851398468018,3309
3626.4853868484497,40
3628.4842908382416,40
3628.4845807552338,40
3628.4848387241364,40
3628.485119819641,40
3628.485340833664,40
3628.4856736660004,124
3630.4850537776947,3309
3630.485235929489,40
3630.485472679138,40
3630.4857518672943,40
3630.4860079288483,40
3630.486264705658,40
3632.484279870987,40
3632.484560728073,124
3632.484850883484,3309
3632.485158920288,40
3632.485315799713,40
3632.4855358600616,40
3634.485336780548,40
3634.4855737686157,40
3634.4858298301697,40
3634.4861538410187,124
3634.4864027500153,3309
3634.4865968227386,40
3636.484957933426,40
3636.485209941864,40
3636.4854197502136,40
3636.4856839179993,40
3636.4860258102417,40
3636.486338853836,124
3638.4854848384857,3309
3638.485688686371,40
3638.4859228134155,40
3638.4861857891083,40
3638.486436843872,40
3638.4867038726807,40
3640.4866948127747,40
3640.4869458675385,124
3640.487207889557,3309
3640.487620830536,40
3640.487778902054,40
3640.4879977703094,40
3642.4862599372864,40
3642.486487865448,40
3642.486779689789,40
3642.4870648384094,124
3642.487292766571,3309
3642.4876387119293,40
3644.486934900284,40
3644.4871637821198,40
3644.4874098300934,40
3644.487662792206,40
3644.487967967987,40
3644.4882056713104,124
3646.486968755722,3309
3646.487200021744,40
3646.4874608516693,40
3646.48770570755,40
3646.4879558086395,40
3646.488208770752,40
3648.487181663513,40
3648.4874567985535,124
3648.487730741501,3309
3648.4879128932953,40
3648.4881896972656,40
3648.4884338378906,40
3650.4888067245483,40
3650.4890518188477,40
3650.4893367290497,40
3650.489625930786,124
3650.4899039268494,3309
3650.490156650543,40
3652.4878487586975,40
3652.488082885742,40
3652.48837685585,40
3652.488618850708,40
3652.4888718128204,40
3652.489159822464,124
3654.4880249500275,3309
3654.4881699085236,40
3654.4884037971497,40
3654.488677740097,40
3654.488928794861,40
3654.489175796509,40
3656.4886078834534,40
3656.488909006119,124
3656.4891707897186,3309
3656.489362716675,40
3656.489605665207,40
3656.4898788928986,40
3658.4892098903656,40
3658.489406824112,40
3658.489667892456,40
3658.490019798279,124
3658.4902329444885,3309
3658.4904289245605,40
3660.4898047447205,40
3660.4900438785553,40
3660.490311861038,40
3660.490566968918,40
3660.4908080101013,40
3660.491124868393,124
3662.489457845688,3309
3662.4896717071533,40
3662.489900827408,40
3662.4901609420776,40
3662.4904170036316,40
3662.4906709194183,40
3664.4903268814087,40
3664.4906249046326,124
3664.4908697605133,3309
3664.491080760956,40
3664.4913218021393,40
3664.491626739502,40
3666.4903688430786,40
3666.4906787872314,40
3666.4908707141876,40
3666.491185903549,124
3666.4914107322693,3309
3666.4916517734528,40
3668.4904067516327,40
3668.4906578063965,40
3668.490894794464,40
3668.491166830063,40
3668.491404771805,40
3668.4916718006134,124
3670.4912207126617,3309
3670.491447687149,40
3670.4916486740112,40
3670.4919369220734,40
3670.492188692093,40
3670.492451906204,40
3672.4911358356476,40
3672.491395711899,124
3672.4916348457336,3309
3672.491865634918,40
3672.492120742798,40
3672.4923808574677,40
3674.4963047504425,40
3674.4965467453003,40
3674.4967787265778,40
3674.497057914734,124
3674.4974088668823,3309
3674.497597694397,40
3676.4965348243713,40
3676.496766805649,40
3676.49706697464,40
3676.4972579479218,40
3676.49755191803,40
3676.497866868973,124
3678.496237754822,3309
3678.496417760849,40
3678.4966967105865,40
3678.4969396591187,40
3678.497188806534,40
3678.497454881668,40
3680.4971528053284,40
3680.4974179267883,124
3680.4976708889008,3309
3680.4979298114777,40
3680.4983427524567,40
3680.498415708542,40
3682.496567964554,40
3682.4967999458313,40
3682.497078895569,40
3682.497386932373,124
3682.4976258277893,3309
3682.4978728294373,40
3684.49667596817,40
3684.4966847896576,40
3684.496762752533,40
3684.49702501297,40
3684.4972808361053,40
3684.497581720352,124
3686.4962627887726,3309
3686.4964628219604,40
3686.4967126846313,40
3686.496934890747,40
3686.4972038269043,40
3686.497543811798,40
3688.4969248771667,40
3688.497247695923,124
3688.497465610504,3309
3688.49768781662,40
3688.497914791107,40
3688.4981677532196,40
3690.4974188804626,40
3690.4976708889008,40
3690.4979197978973,40
3690.498199939728,124
3690.498492002487,3309
3690.498694896698,40
3692.497501850128,40
3692.497777938843,40
3692.498042821884,40
3692.4982509613037,40
3692.498497724533,40
3692.49884390831,124
3694.497659921646,3309
3694.49786567688,40
3694.498119831085,40
3694.4983637332916,40
3694.4986238479614,40
3694.4989218711853,40
3696.4972257614136,40
3696.4974977970123,124
3696.4977066516876,3309
3696.4979128837585,40
3696.4981768131256,40
3696.4984509944916,40
3698.4976127147675,40
3698.4978806972504,40
3698.4980556964874,40
3698.4983699321747,124
3698.4986188411713,3309
3698.4988288879395,40
3700.4982669353485,40
3700.4985387325287,40
3700.498762845993,40
3700.499005794525,40
3700.49924993515,40
3700.499568939209,124
3702.4977407455444,3309
3702.497913837433,40
3702.4981486797333,40
3702.498382806778,40
3702.498651742935,40
3702.498902797699,40
3704.498305797577,40
3704.498612880707,124
3704.4988408088684,3309
3704.4990417957306,40
3704.4993057250977,40
3704.4995567798615,40
3706.498375892639,40
3706.4986226558685,40
3706.498846769333,40
3706.4991538524628,124
3706.4993929862976,3309
3706.499627828598,40
3708.4986248016357,40
3708.498881816864,40
3708.4991297721863,40
3708.4993658065796,40
3708.4996168613434,40
3708.4999067783356,124
3710.499294757843,3309
3710.499475955963,40
3710.4996948242188,40
3710.499938726425,40
3710.5002138614655,40
3710.5004897117615,40
3712.49867272377,40
3712.4989347457886,124
3712.499170780182,3309
3712.499485731125,40
3712.4996509552,40
3712.4998967647552,40
3714.499081850052,40
3714.4993329048157,40
3714.499592781067,40
3714.4999117851257,124
3714.5001418590546,3309
3714.500368833542,40
3716.499072790146,40
3716.499326944351,40
3716.4995408058167,40
3716.499802827835,40
3716.500070810318,40
3716.500361919403,124
3718.4993829727173,3309
3718.4995868206024,40
3718.499839782715,40
3718.5000886917114,40
3718.500335931778,40
3718.500602722168,40
3720.499960899353,40
3720.5002377033234,124
3720.5004806518555,3309
3720.5007088184357,40
3720.5009558200836,40
3720.5012168884277,40
3722.500007867813,40
3722.500194787979,40
3722.5004498958588,40
3722.5007147789,124
3722.50096988678,3309
3722.501215696335,40
3724.4994657039642,40
3724.4997057914734,40
3724.499928712845,40
3724.500171661377,40
3724.50043964386,40
3724.5007247924805,124
3726.4999837875366,3309
3726.5002567768097,40
3726.5004358291626,40
3726.5006806850433,40
3726.5010316371918,40
3726.5011999607086,40
3728.5002348423004,40
3728.500492811203,124
3728.5007758140564,3309
3728.5009977817535,40
3728.501222848892,40
3728.5014748573303,40
3730.501000881195,40
3730.5012316703796,40
3730.5014679431915,40
3730.501756668091,124
3730.5020759105682,3309
3730.502248764038,40
3732.5014617443085,40
3732.5016849040985,40
3732.5019466876984,40
3732.5021958351135,40
3732.502441883087,40
3732.50274682045,124
3734.5012967586517,3309
3734.501490831375,40
3734.5017518997192,40
3734.5019967556,40
3734.5022728443146,40
3734.502517938614,40
3736.5017807483673,40
3736.5020546913147,124
3736.5022988319397,3309
3736.502512693405,40
3736.502814769745,40
3736.502997636795,40
3738.5021057128906,40
3738.502320766449,40
3738.502593755722,40
3738.50293302536,124
3738.5031259059906,3309
3738.5033419132233,40
3740.502323627472,40
3740.502572774887,40
3740.502833843231,40
3740.5030636787415,40
3740.503301858902,40
3740.5035967826843,124
3742.5018599033356,3309
3742.502044916153,40
3742.5022807121277,40
3742.5024898052216,40
3742.5027339458466,40
3742.502993822098,40
3744.502342939377,40
3744.5026087760925,124
3744.502831697464,3309
3744.5030858516693,40
3744.503327846527,40
3744.503574848175,40
3746.5027458667755,40
3746.502972841263,40
3746.503262758255,40
3746.5035367012024,124
3746.5037808418274,3309
3746.5040078163147,40
3748.5031368732452,40
3748.5034017562866,40
3748.5037066936493,40
3748.504115819931,40
3748.504123687744,40
3748.5044877529144,124
3750.5040938854218,3309
3750.5043048858643,40
3750.5045688152313,40
3750.5048537254333,40
3750.5051119327545,40
3750.505339860916,40
3752.5039598941803,40
3752.504238843918,124
3752.504482984543,3309
3752.504770755768,40
3752.5050146579742,40
3752.505239725113,40
3754.5043618679047,40
3754.5045750141144,40
3754.5048887729645,40
3754.505182981491,124
3754.50541973114,3309
3754.5056529045105,40
3756.5048458576202,40
3756.5051009655,40
3756.5053420066833,40
3756.505586862564,40
3756.505838871002,40
3756.5061457157135,124
3758.5050418376923,3309
3758.5052847862244,40
3758.5055367946625,40
3758.505782842636,40
3758.5060527324677,40
3758.5063297748566,40
3760.5053329467773,40
3760.505598783493,124
3760.505850791931,3309
3760.506034851074,40
3760.506325006485,40
3760.5065608024597,40
3762.5057938098907,40
3762.505990743637,40
3762.5062396526337,40
3762.5066306591034,124
3762.5068147182465,3309
3762.507017850876,40
3764.506015777588,40
3764.5062828063965,40
3764.506488800049,40
3764.5067689418793,40
3764.507030725479,40
3764.507340669632,124
3766.5061037540436,3309
3766.5062968730927,40
3766.506527900696,40
3766.5067868232727,40
3766.5070357322693,40
3766.5072758197784,40
3768.5064396858215,40
3768.506702899933,124
3768.5069677829742,3309
3768.5071918964386,40
3768.507435798645,40
3768.5076928138733,40
3770.507495880127,40
3770.5077588558197,40
3770.50798869133,40
3770.50829577446,124
3770.5086858272552,3309
3770.508781671524,40
3772.5075697898865,40
3772.5078008174896,40
3772.508062839508,40
3772.50830578804,40
3772.5085396766663,40
3772.5088589191437,124
3774.507221698761,3309
3774.507428884506,40
3774.507682800293,40
3774.507926940918,40
3774.508146762848,40
3774.5084187984467,40
3776.508014678955,40
3776.508279800415,124
3776.5085537433624,3309
3776.508775949478,40
3776.5090289115906,40
3776.509274959564,40
3778.5079498291016,40
3778.508160829544,40
3778.508419752121,40
3778.50878572464,124
3778.508964776993,3309
3778.5091817379,40
3780.508892774582,40
3780.5091457366943,40
3780.509387731552,40
3780.5096147060394,40
3780.5099017620087,40
3780.510193824768,124
3782.508496761322,3309
3782.508667945862,40
3782.5088748931885,40
3782.509160757065,40
3782.509375810623,40
3782.509635925293,40
3784.509088754654,40
3784.509405851364,124
3784.5096147060394,3309
3784.5098218917847,40
3784.5100598335266,40
3784.5104179382324,40
3786.509775876999,40
3786.509985923767,40
3786.510230779648,40
3786.5105628967285,124
3786.5107958316803,3309
3786.511016845703,40
3788.5097258090973,40
3788.50993680954,40
3788.510196685791,40
3788.5104217529297,40
3788.5107238292694,40
3788.511002779007,124
3790.5104858875275,3309
3790.510729789734,40
3790.5109646320343,40
3790.511200904846,40
3790.5114347934723,40
3790.511706829071,40
3792.5104048252106,40
3792.5106999874115,124
3792.5109448432922,3309
3792.5111458301544,40
3792.5113887786865,40
3792.511636734009,40
3794.5104718208313,40
3794.5107238292694,40
3794.5109248161316,40
3794.5112688541412,124
3794.5114789009094,3309
3794.5116786956787,40
3796.5103907585144,40
3796.510627746582,40
3796.510862827301,40
3796.511104822159,40
3796.5113837718964,40
3796.511685848236,124
3798.511250972748,3309
3798.511477947235,40
3798.511741876602,40
3798.511931657791,40
3798.512193918228,40
3798.5124418735504,40
3800.5126128196716,40
3800.512872695923,124
3800.513121843338,3309
3800.51335978508,40
3800.5136156082153,40
3800.5139067173004,40
3802.51203584671,40
3802.512195825577,40
3802.512449979782,40
3802.5127906799316,124
3802.513040781021,3309
3802.513216972351,40
3804.5126428604126,40
3804.512685775757,40
3804.512804746628,40
3804.513058900833,40
3804.5133566856384,40
3804.513597726822,124
3806.5127849578857,3309
3806.512967824936,40
3806.5132098197937,40
3806.513458967209,40
3806.51371383667,40
3806.51398396492,40
3808.5131957530975,40
3808.5134818553925,124
3808.5137178897858,3309
3808.5139348506927,40
3808.514212846756,40
3808.514464855194,40
3810.513851881027,40
3810.514089822769,40
3810.5143537521362,40
3810.5146627426147,124
3810.5149278640747,3309
3810.515161752701,40
3812.513513803482,40
3812.51375579834,40
3812.5139977931976,40
3812.514280796051,40
3812.514499902725,40
3812.514826774597,124
3814.513769865036,3309
3814.513940811157,40
3814.5142097473145,40
3814.5144217014313,40
3814.514719724655,40
3814.5149817466736,40
3816.514285802841,40
3816.5145647525787,124
3816.514889717102,3309
3816.515073776245,40
3816.515287876129,40
3816.5155396461487,40
3818.5149948596954,40
3818.51523065567,40
3818.515472650528,40
3818.5157577991486,124
3818.516033887863,3309
3818.516242980957,40
3820.515125989914,40
3820.515362739563,40
3820.5156178474426,40
3820.5158767700195,40
3820.516133785248,40
3820.5164427757263,124
3822.514975786209,3309
3822.5151858329773,40
3822.515436887741,40
3822.5156898498535,40
3822.516066789627,40
3822.5163428783417,40
3824.515669822693,40
3824.5159318447113,124
3824.5161769390106,3309
3824.516416788101,40
3824.5166869163513,40
3824.5169517993927,40
3826.515874862671,40
3826.5160999298096,40
3826.5163407325745,40
3826.516644716263,124
3826.5169019699097,3309
3826.517182826996,40
3828.515776872635,40
3828.5160138607025,40
3828.5162959098816,40
3828.5165028572083,40
3828.516767978668,40
3828.5170698165894,124
3830.5177907943726,3309
3830.518035888672,40
3830.5182807445526,40
3830.518540620804,40
3830.5188279151917,40
3830.519075870514,40
3832.5167047977448,40
3832.5169627666473,124
3832.517233848572,3309
3832.5174498558044,40
3832.5176968574524,40
3832.5179529190063,40
3834.516727924347,40
3834.516928911209,40
3834.517166852951,40
3834.5175008773804,124
3834.5177466869354,3309
3834.517958879471,40
3836.5169467926025,40
3836.517169713974,40
3836.5174198150635,40
3836.517643928528,40
3836.517900943756,40
3836.518185853958,124
3838.5177898406982,3309
3838.517968893051,40
3838.5181968212128,40
3838.518461704254,40
3838.51873087883,40
3838.518971681595,40
3840.518103837967,40
3840.51837182045,124
3840.51864862442,3309
3840.5188558101654,40
3840.5191066265106,40
3840.519372701645,40
3842.5181906223297,40
3842.518518924713,40
3842.518645763397,40
3842.5189847946167,124
3842.5192687511444,3309
3842.519421815872,40
3844.518469810486,40
3844.518679857254,40
3844.5189187526703,40
3844.5191929340363,40
3844.519463777542,40
3844.5197248458862,124
3846.5191798210144,3309
3846.519402742386,40
3846.519659757614,40
3846.519971847534,40
3846.5202107429504,40
3846.5204107761383,40
3848.5189146995544,40
3848.519194841385,124
3848.5194437503815,3309
3848.519672870636,40
3848.519902944565,40
3848.5201528072357,40
3850.5197057724,40
3850.519923686981,40
3850.520165681839,40
3850.520474910736,124
3850.5207357406616,3309
3850.5209679603577,40
3852.5193967819214,40
3852.519635915756,40
3852.519902944565,40
3852.5201358795166,40
3852.5203487873077,40
3852.520658016205,124
3854.520239830017,3309
3854.5204377174377,40
3854.5206758975983,40
3854.520971775055,40
3854.5211896896362,40
3854.5214347839355,40
3856.5204236507416,40
3856.5206859111786,124
3856.5209357738495,3309
3856.521179676056,40
3856.521411895752,40
3856.521675825119,40
3858.5208146572113,40
3858.521069765091,40
3858.5213198661804,40
3858.5216097831726,124
3858.521850824356,3309
3858.522076845169,40
3860.52215385437,40
3860.52241563797,40
3860.522677898407,40
3860.5229427814484,40
3860.523183822632,40
3860.5235488414764,124
3862.520796775818,3309
3862.5209679603577,40
3862.5211906433105,40
3862.521428823471,40
3862.521703720093,40
3862.521939754486,40
3864.5218579769135,40
3864.5220959186554,124
3864.5223367214203,3309
3864.5225727558136,40
3864.5228188037872,40
3864.523055791855,40
3866.5221707820892,40
3866.5223977565765,40
3866.522635936737,40
3866.5229589939117,124
3866.5232117176056,3309
3866.523412704468,40
3868.5224027633667,40
3868.5226607322693,40
3868.522889852524,40
3868.523179769516,40
3868.523448705673,40
3868.5236937999725,124
3870.523283958435,3309
3870.523489713669,40
3870.5237317085266,40
3870.523985862732,40
3870.524262905121,40
3870.5245168209076,40
3872.523114681244,40
3872.52344083786,124
3872.5236518383026,3309
3872.523866891861,40
3872.524100780487,40
3872.524343729019,40
3874.523601770401,40
3874.5238296985626,40
3874.524088859558,40
3874.5243816375732,124
3874.5246307849884,3309
3874.5248868465424,40
3876.523496866226,40
3876.523759841919,40
3876.5239968299866,40
3876.5242438316345,40
3876.5244948863983,40
3876.524850845337,124
3878.5242397785187,3309
3878.5244147777557,40
3878.5246579647064,40
3878.525119781494,40
3878.5252108573914,40
3878.5254588127136,40
3880.525008916855,40
3880.525286912918,124
3880.525540828705,3309
3880.525728702545,40
3880.52600979805,40
3880.5262517929077,40
3882.524637699127,40
3882.5249128341675,40
3882.5252487659454,40
3882.5254788398743,124
3882.5257198810577,3309
3882.5259487628937,40
3884.525268793106,40
3884.5255057811737,40
3884.5257499217987,40
3884.525996685028,40
3884.52623963356,40
3884.5265896320343,124
3886.5257267951965,3309
3886.525923728943,40
3886.526160955429,40
3886.5264518260956,40
3886.5267028808594,40
3886.526935815811,40
3888.525869846344,40
3888.52614068985,124
3888.5263838768005,3309
3888.5265896320343,40
3888.5268619060516,40
3888.527119874954,40
3890.5266768932343,40
3890.5269236564636,40
3890.5271677970886,40
3890.527504682541,124
3890.5277078151703,3309
3890.5279717445374,40
3892.526256799698,40
3892.5266807079315,40
3892.526688814163,40
3892.526935815811,40
3892.527180671692,40
3892.5274567604065,124
3894.5263278484344,3309
3894.526551961899,40
3894.5267617702484,40
3894.527028799057,40
3894.5272920131683,40
3894.52752494812,40
3896.5268080234528,40
3896.527092933655,124
3896.5273098945618,3309
3896.5275478363037,40
3896.527779817581,40
3896.528005838394,40
3898.527164697647,40
3898.527355670929,40
3898.527629852295,40
3898.527944803238,124
3898.5281658172607,3309
3898.528384923935,40
3900.5276618003845,40
3900.5278906822205,40
3900.528119802475,40
3900.528508901596,40
3900.528664827347,40
3900.529135942459,124
3902.5276458263397,3309
3902.5278828144073,40
3902.5281269550323,40
3902.528375864029,40
3902.5286457538605,40
3902.5289027690887,40
3904.528034925461,40
3904.5283029079437,124
3904.528539657593,3309
3904.5287477970123,40
3904.5290248394012,40
3904.5292840003967,40
3906.5289499759674,40
3906.529224872589,40
3906.529459953308,40
3906.529777765274,124
3906.53000664711,3309
3906.5302498340607,40
3908.5288529396057,40
3908.529103755951,40
3908.5293679237366,40
3908.5296177864075,40
3908.5298500061035,40
3908.53014588356,124
3910.5297079086304,3309
3910.529951810837,40
3910.5301308631897,40
3910.530404806137,40
3910.5306508541107,40
3910.5309047698975,40
3912.5292508602142,40
3912.5294737815857,124
3912.529730796814,3309
3912.529944896698,40
3912.5302107334137,40
3912.5304188728333,40
